seed,class_a,class_b,num_states,deviation,case_name,distance_function,runtime,precision,recall,f1,states,status,error_message
26253,0,1,2,,distance,levenshtein,0.02606201171875,0.875,1.0,0.9333333333333333,2,success,
56085,0,1,7,,distance,levenshtein,0.24789094924926758,0.875,1.0,0.9333333333333333,7,success,
39871,0,1,7,,distance,levenshtein,0.1911940574645996,1.0,1.0,1.0,7,success,
89149,0,1,4,,distance,levenshtein,0.03506898880004883,1.0,1.0,1.0,4,success,
51134,0,1,3,,distance,levenshtein,0.0332179069519043,0.6363636363636364,1.0,0.7777777777777778,3,success,
32584,0,1,4,,distance,levenshtein,0.17551207542419434,0.875,1.0,0.9333333333333333,4,success,
75385,0,1,3,,distance,levenshtein,0.027704954147338867,0.875,1.0,0.9333333333333333,3,success,
7239,0,1,7,,distance,levenshtein,0.22345685958862305,0.7777777777777778,1.0,0.875,7,success,
33653,0,1,2,,distance,levenshtein,0.020880937576293945,0.7777777777777778,1.0,0.875,2,success,
39161,0,1,5,,distance,levenshtein,0.26902008056640625,0.875,1.0,0.9333333333333333,5,success,
8988,0,1,5,,distance,levenshtein,0.1389789581298828,0.875,1.0,0.9333333333333333,5,success,
15852,0,1,3,,distance,levenshtein,0.03688693046569824,0.875,1.0,0.9333333333333333,3,success,
37843,0,1,5,,distance,levenshtein,0.23218703269958496,0.875,1.0,0.9333333333333333,5,success,
29382,0,1,2,,distance,levenshtein,0.04819011688232422,1.0,1.0,1.0,2,success,
55151,0,1,7,,distance,levenshtein,0.24017095565795898,1.0,1.0,1.0,7,success,
11298,0,1,6,,distance,levenshtein,0.10839295387268066,0.875,1.0,0.9333333333333333,6,success,
88322,0,1,2,,distance,levenshtein,0.019516944885253906,0.875,1.0,0.9333333333333333,2,success,
87228,0,1,5,,distance,levenshtein,0.08123183250427246,0.7777777777777778,1.0,0.875,5,success,
93344,0,1,5,,distance,levenshtein,0.16262602806091309,1.0,1.0,1.0,5,success,
97635,0,1,6,,distance,levenshtein,0.14368486404418945,1.0,1.0,1.0,6,success,
162,0,1,4,,distance,levenshtein,0.13626885414123535,0.7,1.0,0.8235294117647058,4,success,
58283,0,1,6,,distance,levenshtein,0.10789108276367188,0.8571428571428571,0.8571428571428571,0.8571428571428571,6,success,
31055,0,1,5,,distance,levenshtein,0.11268186569213867,0.7777777777777778,1.0,0.875,5,success,
9471,0,1,7,,distance,levenshtein,0.19903016090393066,1.0,1.0,1.0,7,success,
68503,0,1,2,,distance,levenshtein,0.026220083236694336,0.875,1.0,0.9333333333333333,2,success,
75385,0,1,4,,distance,levenshtein,0.042143821716308594,0.875,1.0,0.9333333333333333,4,success,
58656,0,1,4,,distance,levenshtein,0.10581588745117188,0.7777777777777778,1.0,0.875,4,success,
33653,0,1,3,,distance,levenshtein,0.032521963119506836,0.7777777777777778,1.0,0.875,3,success,
79121,0,1,2,,distance,levenshtein,0.02293992042541504,1.0,1.0,1.0,2,success,
12153,0,1,7,,distance,levenshtein,0.19676518440246582,0.875,1.0,0.9333333333333333,7,success,
70332,0,1,6,,distance,levenshtein,0.18683481216430664,1.0,1.0,1.0,6,success,
84787,0,1,5,,distance,levenshtein,0.08040714263916016,0.7777777777777778,1.0,0.875,5,success,
89149,0,1,5,,distance,levenshtein,0.07253193855285645,1.0,1.0,1.0,5,success,
45,0,1,2,,distance,levenshtein,0.022038936614990234,1.0,1.0,1.0,2,success,
69007,0,1,2,,distance,levenshtein,0.016270160675048828,0.7777777777777778,1.0,0.875,2,success,
72994,0,1,6,,distance,levenshtein,0.15001416206359863,0.875,1.0,0.9333333333333333,6,success,
6886,0,1,4,,distance,levenshtein,0.09704089164733887,1.0,1.0,1.0,4,success,
26253,0,1,3,,distance,levenshtein,0.09881091117858887,0.875,1.0,0.9333333333333333,3,success,
15852,0,1,4,,distance,levenshtein,0.059271812438964844,0.875,1.0,0.9333333333333333,4,success,
9178,0,1,5,,distance,levenshtein,0.3066079616546631,0.7777777777777778,1.0,0.875,5,success,
59934,0,1,4,,distance,levenshtein,0.1649341583251953,0.875,1.0,0.9333333333333333,4,success,
79820,0,1,7,,distance,levenshtein,0.23746299743652344,1.0,1.0,1.0,7,success,
51134,0,1,4,,distance,levenshtein,0.10149598121643066,0.6363636363636364,1.0,0.7777777777777778,4,success,
88322,0,1,3,,distance,levenshtein,0.04328513145446777,0.875,1.0,0.9333333333333333,3,success,
65447,0,1,5,,distance,levenshtein,0.15137696266174316,0.7777777777777778,1.0,0.875,5,success,
8938,0,1,6,,distance,levenshtein,0.13736200332641602,0.875,1.0,0.9333333333333333,6,success,
93884,0,1,5,,distance,levenshtein,0.2873539924621582,0.7777777777777778,1.0,0.875,5,success,
79121,0,1,3,,distance,levenshtein,0.03257489204406738,1.0,1.0,1.0,3,success,
68503,0,1,3,,distance,levenshtein,0.04688405990600586,0.875,1.0,0.9333333333333333,3,success,
69007,0,1,3,,distance,levenshtein,0.03295183181762695,0.7777777777777778,1.0,0.875,3,success,
33653,0,1,4,,distance,levenshtein,0.057301998138427734,0.7777777777777778,1.0,0.875,4,success,
51338,0,1,5,,distance,levenshtein,0.24095702171325684,0.875,1.0,0.9333333333333333,5,success,
45,0,1,3,,distance,levenshtein,0.03905987739562988,1.0,1.0,1.0,3,success,
89095,0,1,4,,distance,levenshtein,0.5359971523284912,0.7777777777777778,1.0,0.875,4,success,
11517,0,1,8,,distance,levenshtein,0.3524949550628662,1.0,1.0,1.0,8,success,
162,0,1,5,,distance,levenshtein,0.10857510566711426,0.6666666666666666,0.8571428571428571,0.75,5,success,
85303,0,1,6,,distance,levenshtein,0.27678394317626953,0.7777777777777778,1.0,0.875,6,success,
98846,0,1,7,,distance,levenshtein,0.24628591537475586,0.7777777777777778,1.0,0.875,7,success,
75385,0,1,5,,distance,levenshtein,0.0897819995880127,0.875,1.0,0.9333333333333333,5,success,
63198,0,1,5,,distance,levenshtein,0.25269508361816406,0.7777777777777778,1.0,0.875,5,success,
37843,0,1,6,,distance,levenshtein,0.15657997131347656,0.875,1.0,0.9333333333333333,6,success,
87228,0,1,6,,distance,levenshtein,0.14516115188598633,0.7777777777777778,1.0,0.875,6,success,
114,0,1,8,,distance,levenshtein,0.34086084365844727,1.0,1.0,1.0,8,success,
88322,0,1,4,,distance,levenshtein,0.05038285255432129,0.875,1.0,0.9333333333333333,4,success,
79121,0,1,4,,distance,levenshtein,0.03805804252624512,1.0,1.0,1.0,4,success,
69007,0,1,4,,distance,levenshtein,0.043306827545166016,0.7777777777777778,1.0,0.875,4,success,
89149,0,1,6,,distance,levenshtein,0.1322031021118164,1.0,1.0,1.0,6,success,
29382,0,1,3,,distance,levenshtein,0.2607080936431885,1.0,1.0,1.0,3,success,
93344,0,1,6,,distance,levenshtein,0.23527097702026367,1.0,1.0,1.0,6,success,
31055,0,1,6,,distance,levenshtein,0.2151789665222168,0.7777777777777778,1.0,0.875,6,success,
11298,0,1,7,,distance,levenshtein,0.2114701271057129,0.875,1.0,0.9333333333333333,7,success,
97635,0,1,7,,distance,levenshtein,0.2254347801208496,1.0,1.0,1.0,7,success,
58283,0,1,7,,distance,levenshtein,0.23012709617614746,0.875,1.0,0.9333333333333333,7,success,
84787,0,1,6,,distance,levenshtein,0.1590738296508789,0.7777777777777778,1.0,0.875,6,success,
45,0,1,4,,distance,levenshtein,0.05322003364562988,1.0,1.0,1.0,4,success,
26253,0,1,4,,distance,levenshtein,0.15983986854553223,0.875,1.0,0.9333333333333333,4,success,
32584,0,1,5,,distance,levenshtein,0.35274791717529297,0.875,1.0,0.9333333333333333,5,success,
36624,0,1,7,,distance,levenshtein,0.42035698890686035,0.75,0.8571428571428571,0.8,7,success,
65447,0,1,6,,distance,levenshtein,0.1465921401977539,0.7777777777777778,1.0,0.875,6,success,
56085,0,1,8,,distance,levenshtein,0.3826029300689697,0.875,1.0,0.9333333333333333,8,success,
51134,0,1,5,,distance,levenshtein,0.17185306549072266,0.6363636363636364,1.0,0.7777777777777778,5,success,
39871,0,1,8,,distance,levenshtein,0.38236308097839355,1.0,1.0,1.0,8,success,
6886,0,1,5,,distance,levenshtein,0.25629210472106934,1.0,1.0,1.0,5,success,
33653,0,1,5,,distance,levenshtein,0.15871882438659668,0.7777777777777778,1.0,0.875,5,success,
72994,0,1,7,,distance,levenshtein,0.2255089282989502,0.875,1.0,0.9333333333333333,7,success,
68503,0,1,4,,distance,levenshtein,0.17261004447937012,0.875,1.0,0.9333333333333333,4,success,
15852,0,1,5,,distance,levenshtein,0.24566006660461426,0.875,1.0,0.9333333333333333,5,success,
7239,0,1,8,,distance,levenshtein,0.4277920722961426,0.7777777777777778,1.0,0.875,8,success,
88322,0,1,5,,distance,levenshtein,0.06867599487304688,0.875,1.0,0.9333333333333333,5,success,
69007,0,1,5,,distance,levenshtein,0.0717778205871582,0.7777777777777778,1.0,0.875,5,success,
79121,0,1,5,,distance,levenshtein,0.08123493194580078,1.0,1.0,1.0,5,success,
59934,0,1,5,,distance,levenshtein,0.24681401252746582,0.875,1.0,0.9333333333333333,5,success,
75385,0,1,6,,distance,levenshtein,0.13480210304260254,0.875,1.0,0.9333333333333333,6,success,
8938,0,1,7,,distance,levenshtein,0.23722100257873535,0.875,1.0,0.9333333333333333,7,success,
45,0,1,5,,distance,levenshtein,0.07255983352661133,1.0,1.0,1.0,5,success,
8988,0,1,6,,distance,levenshtein,0.502133846282959,0.875,1.0,0.9333333333333333,6,success,
51338,0,1,6,,distance,levenshtein,0.20334601402282715,0.875,1.0,0.9333333333333333,6,success,
58656,0,1,5,,distance,levenshtein,0.36214685440063477,0.7777777777777778,1.0,0.875,5,success,
12153,0,1,8,,distance,levenshtein,0.3532371520996094,0.875,1.0,0.9333333333333333,8,success,
9471,0,1,8,,distance,levenshtein,0.4258401393890381,1.0,1.0,1.0,8,success,
55151,0,1,8,,distance,levenshtein,0.43111491203308105,1.0,1.0,1.0,8,success,
87228,0,1,7,,distance,levenshtein,0.21400117874145508,0.7777777777777778,1.0,0.875,7,success,
26253,0,1,5,,distance,levenshtein,0.11566495895385742,0.875,1.0,0.9333333333333333,5,success,
63198,0,1,6,,distance,levenshtein,0.1761798858642578,0.7777777777777778,1.0,0.875,6,success,
39161,0,1,6,,distance,levenshtein,0.5566511154174805,0.875,1.0,0.9333333333333333,6,success,
37843,0,1,7,,distance,levenshtein,0.24058890342712402,0.875,1.0,0.9333333333333333,7,success,
162,0,1,6,,distance,levenshtein,0.3023049831390381,0.7,1.0,0.8235294117647058,6,success,
89149,0,1,7,,distance,levenshtein,0.21210694313049316,1.0,1.0,1.0,7,success,
68503,0,1,5,,distance,levenshtein,0.11075592041015625,0.875,1.0,0.9333333333333333,5,success,
84787,0,1,7,,distance,levenshtein,0.1860640048980713,0.7777777777777778,1.0,0.875,7,success,
51134,0,1,6,,distance,levenshtein,0.15927720069885254,0.6363636363636364,1.0,0.7777777777777778,6,success,
69007,0,1,6,,distance,levenshtein,0.1323540210723877,0.7777777777777778,1.0,0.875,6,success,
114,0,1,9,,distance,levenshtein,0.30115699768066406,1.0,1.0,1.0,9,success,
11517,0,1,9,,distance,levenshtein,0.3403921127319336,1.0,1.0,1.0,9,success,
88322,0,1,6,,distance,levenshtein,0.13174104690551758,0.875,1.0,0.9333333333333333,6,success,
79820,0,1,8,,distance,levenshtein,0.4416630268096924,1.0,1.0,1.0,8,success,
85303,0,1,7,,distance,levenshtein,0.37099385261535645,0.7777777777777778,1.0,0.875,7,success,
33653,0,1,6,,distance,levenshtein,0.14214801788330078,0.7777777777777778,1.0,0.875,6,success,
79121,0,1,6,,distance,levenshtein,0.15480494499206543,1.0,1.0,1.0,6,success,
45,0,1,6,,distance,levenshtein,0.13084888458251953,1.0,1.0,1.0,6,success,
65447,0,1,7,,distance,levenshtein,0.22381901741027832,0.7777777777777778,1.0,0.875,7,success,
8938,0,1,8,,distance,levenshtein,0.08398222923278809,0.875,1.0,0.9333333333333333,8,success,
89095,0,1,5,,distance,levenshtein,0.4402740001678467,0.7777777777777778,1.0,0.875,5,success,
9178,0,1,6,,distance,levenshtein,0.5558011531829834,0.7777777777777778,1.0,0.875,6,success,
31055,0,1,7,,distance,levenshtein,0.3629910945892334,0.7777777777777778,1.0,0.875,7,success,
11298,0,1,8,,distance,levenshtein,0.33910393714904785,0.875,1.0,0.9333333333333333,8,success,
29382,0,1,4,,distance,levenshtein,0.38820600509643555,1.0,1.0,1.0,4,success,
98846,0,1,8,,distance,levenshtein,0.43381214141845703,0.7777777777777778,1.0,0.875,8,success,
93884,0,1,6,,distance,levenshtein,0.6071689128875732,0.7777777777777778,1.0,0.875,6,success,
58283,0,1,8,,distance,levenshtein,0.37575507164001465,0.875,1.0,0.9333333333333333,8,success,
75385,0,1,7,,distance,levenshtein,0.2948899269104004,0.875,1.0,0.9333333333333333,7,success,
56085,0,1,9,,distance,levenshtein,0.3233509063720703,0.875,1.0,0.9333333333333333,9,success,
93344,0,1,7,,distance,levenshtein,0.45783400535583496,1.0,1.0,1.0,7,success,
97635,0,1,8,,distance,levenshtein,0.4365859031677246,1.0,1.0,1.0,8,success,
28998,0,1,6,,distance,levenshtein,1.397495985031128,1.0,1.0,1.0,6,success,
12153,0,1,9,,distance,levenshtein,0.26310086250305176,0.875,1.0,0.9333333333333333,9,success,
39871,0,1,9,,distance,levenshtein,0.35893797874450684,1.0,1.0,1.0,9,success,
68503,0,1,6,,distance,levenshtein,0.17158007621765137,0.875,1.0,0.9333333333333333,6,success,
51338,0,1,7,,distance,levenshtein,0.3161900043487549,0.875,1.0,0.9333333333333333,7,success,
9471,0,1,9,,distance,levenshtein,0.30817389488220215,1.0,1.0,1.0,9,success,
114,0,1,10,,distance,levenshtein,0.07628798484802246,1.0,0.8571428571428571,0.9230769230769231,10,success,
7239,0,1,9,,distance,levenshtein,0.36722493171691895,0.7777777777777778,1.0,0.875,9,success,
15852,0,1,6,,distance,levenshtein,0.4640319347381592,0.875,1.0,0.9333333333333333,6,success,
11517,0,1,10,,distance,levenshtein,0.09538102149963379,1.0,1.0,1.0,10,success,
32584,0,1,6,,distance,levenshtein,0.5804669857025146,0.875,1.0,0.9333333333333333,6,success,
69007,0,1,7,,distance,levenshtein,0.21095585823059082,0.7777777777777778,1.0,0.875,7,success,
6886,0,1,6,,distance,levenshtein,0.522083044052124,1.0,1.0,1.0,6,success,
72994,0,1,8,,distance,levenshtein,0.4683551788330078,0.8571428571428571,0.8571428571428571,0.8571428571428571,8,success,
79121,0,1,7,,distance,levenshtein,0.20592999458312988,1.0,1.0,1.0,7,success,
55151,0,1,9,,distance,levenshtein,0.3546910285949707,1.0,1.0,1.0,9,success,
88322,0,1,7,,distance,levenshtein,0.25783300399780273,0.875,1.0,0.9333333333333333,7,success,
70332,0,1,7,,distance,levenshtein,0.9659240245819092,1.0,1.0,1.0,7,success,
51134,0,1,7,,distance,levenshtein,0.24494099617004395,0.6363636363636364,1.0,0.7777777777777778,7,success,
45,0,1,7,,distance,levenshtein,0.21657800674438477,1.0,1.0,1.0,7,success,
89149,0,1,8,,distance,levenshtein,0.34574294090270996,1.0,1.0,1.0,8,success,
33653,0,1,7,,distance,levenshtein,0.2648451328277588,0.7777777777777778,1.0,0.875,7,success,
84787,0,1,8,,distance,levenshtein,0.3596370220184326,0.75,0.8571428571428571,0.8,8,success,
59934,0,1,6,,distance,levenshtein,0.5496349334716797,0.875,1.0,0.9333333333333333,6,success,
56085,0,1,10,,distance,levenshtein,0.07174301147460938,0.875,1.0,0.9333333333333333,10,success,
12153,0,1,10,,distance,levenshtein,0.06258320808410645,0.875,1.0,0.9333333333333333,10,success,
26253,0,1,6,,distance,levenshtein,0.5263960361480713,0.875,1.0,0.9333333333333333,6,success,
37843,0,1,8,,distance,levenshtein,0.4195859432220459,0.875,1.0,0.9333333333333333,8,success,
7239,0,1,10,,distance,levenshtein,0.06294798851013184,0.7777777777777778,1.0,0.875,10,success,
36624,0,1,8,,distance,levenshtein,0.7005710601806641,0.7777777777777778,1.0,0.875,8,success,
39871,0,1,10,,distance,levenshtein,0.09049415588378906,1.0,1.0,1.0,10,success,
9471,0,1,10,,distance,levenshtein,0.06984806060791016,1.0,1.0,1.0,10,success,
87228,0,1,8,,distance,levenshtein,0.5577161312103271,0.7777777777777778,1.0,0.875,8,success,
79820,0,1,9,,distance,levenshtein,0.3495059013366699,1.0,1.0,1.0,9,success,
114,0,2,2,,distance,levenshtein,0.1376020908355713,1.0,1.0,1.0,2,success,
11298,0,1,9,,distance,levenshtein,0.29736781120300293,0.875,1.0,0.9333333333333333,9,success,
11517,0,2,2,,distance,levenshtein,0.12295699119567871,1.0,1.0,1.0,2,success,
97635,0,1,9,,distance,levenshtein,0.25948309898376465,1.0,1.0,1.0,9,success,
55151,0,1,10,,distance,levenshtein,0.0718839168548584,1.0,1.0,1.0,10,success,
58283,0,1,9,,distance,levenshtein,0.2984809875488281,0.875,1.0,0.9333333333333333,9,success,
31055,0,1,8,,distance,levenshtein,0.3804969787597656,0.7777777777777778,1.0,0.875,8,success,
162,0,1,7,,distance,levenshtein,0.6084239482879639,0.7,1.0,0.8235294117647058,7,success,
75385,0,1,8,,distance,levenshtein,0.3588531017303467,0.875,1.0,0.9333333333333333,8,success,
12153,0,2,2,,distance,levenshtein,0.0844419002532959,0.875,1.0,0.9333333333333333,2,success,
56085,0,2,2,,distance,levenshtein,0.11354184150695801,0.875,1.0,0.9333333333333333,2,success,
29382,0,1,5,,distance,levenshtein,0.4316279888153076,1.0,1.0,1.0,5,success,
58656,0,1,6,,distance,levenshtein,0.7859618663787842,0.7777777777777778,1.0,0.875,6,success,
9471,0,2,2,,distance,levenshtein,0.09648585319519043,1.0,1.0,1.0,2,success,
39871,0,2,2,,distance,levenshtein,0.08248400688171387,1.0,1.0,1.0,2,success,
7239,0,2,2,,distance,levenshtein,0.1045219898223877,0.7777777777777778,1.0,0.875,2,success,
98846,0,1,9,,distance,levenshtein,0.495103120803833,0.7777777777777778,1.0,0.875,9,success,
89149,0,1,9,,distance,levenshtein,0.26711606979370117,1.0,1.0,1.0,9,success,
63198,0,1,7,,distance,levenshtein,0.8156628608703613,0.7777777777777778,1.0,0.875,7,success,
3075,0,1,5,,distance,levenshtein,1.710594892501831,0.7,1.0,0.8235294117647058,5,success,
55151,0,2,2,,distance,levenshtein,0.10620689392089844,1.0,1.0,1.0,2,success,
97635,0,1,10,,distance,levenshtein,0.06303882598876953,1.0,1.0,1.0,10,success,
79121,0,1,8,,distance,levenshtein,0.37985897064208984,1.0,1.0,1.0,8,success,
79820,0,1,10,,distance,levenshtein,0.09047102928161621,1.0,1.0,1.0,10,success,
45,0,1,8,,distance,levenshtein,0.34684205055236816,1.0,1.0,1.0,8,success,
58283,0,1,10,,distance,levenshtein,0.07354497909545898,0.8571428571428571,0.8571428571428571,0.8571428571428571,10,success,
72994,0,1,9,,distance,levenshtein,0.35384106636047363,0.875,1.0,0.9333333333333333,9,success,
11298,0,1,10,,distance,levenshtein,0.08981990814208984,0.875,1.0,0.9333333333333333,10,success,
70332,0,1,8,,distance,levenshtein,0.4198901653289795,1.0,1.0,1.0,8,success,
8988,0,1,7,,distance,levenshtein,1.0366051197052002,0.875,1.0,0.9333333333333333,7,success,
65447,0,1,8,,distance,levenshtein,0.8065011501312256,0.7777777777777778,1.0,0.875,8,success,
69007,0,1,8,,distance,levenshtein,0.48421406745910645,0.7777777777777778,1.0,0.875,8,success,
39871,0,2,3,,distance,levenshtein,0.12909388542175293,1.0,1.0,1.0,3,success,
39161,0,1,7,,distance,levenshtein,0.9676759243011475,0.875,1.0,0.9333333333333333,7,success,
97635,0,2,2,,distance,levenshtein,0.07362794876098633,1.0,1.0,1.0,2,success,
88322,0,1,8,,distance,levenshtein,0.4842689037322998,0.875,1.0,0.9333333333333333,8,success,
9471,0,2,3,,distance,levenshtein,0.1657581329345703,1.0,1.0,1.0,3,success,
89149,0,1,10,,distance,levenshtein,0.05966305732727051,1.0,1.0,1.0,10,success,
98846,0,1,10,,distance,levenshtein,0.06388401985168457,0.7777777777777778,1.0,0.875,10,success,
58283,0,2,2,,distance,levenshtein,0.11574387550354004,0.875,1.0,0.9333333333333333,2,success,
15852,0,1,7,,distance,levenshtein,0.694464921951294,0.875,1.0,0.9333333333333333,7,success,
9178,0,1,7,,distance,levenshtein,0.8772931098937988,0.7777777777777778,1.0,0.875,7,success,
75385,0,1,9,,distance,levenshtein,0.2955789566040039,0.875,1.0,0.9333333333333333,9,success,
72994,0,1,10,,distance,levenshtein,0.08392691612243652,0.875,1.0,0.9333333333333333,10,success,
85303,0,1,8,,distance,levenshtein,1.0288779735565186,0.7777777777777778,1.0,0.875,8,success,
51338,0,1,8,,distance,levenshtein,0.7134981155395508,0.875,1.0,0.9333333333333333,8,success,
79820,0,2,2,,distance,levenshtein,0.15291881561279297,1.0,1.0,1.0,2,success,
84787,0,1,9,,distance,levenshtein,0.5432960987091064,0.7777777777777778,1.0,0.875,9,success,
51134,0,1,8,,distance,levenshtein,0.6533679962158203,0.6363636363636364,1.0,0.7777777777777778,8,success,
93344,0,1,8,,distance,levenshtein,0.8566899299621582,1.0,1.0,1.0,8,success,
11298,0,2,2,,distance,levenshtein,0.14330005645751953,0.875,1.0,0.9333333333333333,2,success,
68503,0,1,7,,distance,levenshtein,0.8923108577728271,0.875,1.0,0.9333333333333333,7,success,
26253,0,1,7,,distance,levenshtein,0.6217219829559326,0.875,1.0,0.9333333333333333,7,success,
87228,0,1,9,,distance,levenshtein,0.5856430530548096,0.7777777777777778,1.0,0.875,9,success,
98846,0,2,2,,distance,levenshtein,0.08719182014465332,0.7777777777777778,1.0,0.875,2,success,
58656,0,1,7,,distance,levenshtein,0.34564709663391113,0.7777777777777778,1.0,0.875,7,success,
45,0,1,9,,distance,levenshtein,0.28882908821105957,1.0,1.0,1.0,9,success,
79121,0,1,9,,distance,levenshtein,0.2927389144897461,1.0,1.0,1.0,9,success,
97635,0,2,3,,distance,levenshtein,0.20099711418151855,1.0,1.0,1.0,3,success,
93884,0,1,7,,distance,levenshtein,1.0294709205627441,0.7777777777777778,1.0,0.875,7,success,
72994,0,2,2,,distance,levenshtein,0.09300398826599121,0.875,1.0,0.9333333333333333,2,success,
32584,0,1,7,,distance,levenshtein,0.9514989852905273,0.875,1.0,0.9333333333333333,7,success,
89149,0,2,2,,distance,levenshtein,0.2370619773864746,1.0,1.0,1.0,2,success,
33653,0,1,8,,distance,levenshtein,0.9065289497375488,0.7777777777777778,1.0,0.875,8,success,
65447,0,1,9,,distance,levenshtein,0.32570409774780273,0.7777777777777778,1.0,0.875,9,success,
6886,0,1,7,,distance,levenshtein,0.987252950668335,1.0,1.0,1.0,7,success,
75385,0,1,10,,distance,levenshtein,0.0868229866027832,0.875,1.0,0.9333333333333333,10,success,
29382,0,1,6,,distance,levenshtein,0.6431100368499756,1.0,1.0,1.0,6,success,
9471,0,2,4,,distance,levenshtein,0.35670900344848633,1.0,1.0,1.0,4,success,
79121,0,1,10,,distance,levenshtein,0.06184577941894531,1.0,1.0,1.0,10,success,
45,0,1,10,,distance,levenshtein,0.08622217178344727,1.0,1.0,1.0,10,success,
8988,0,1,8,,distance,levenshtein,0.48508787155151367,0.875,1.0,0.9333333333333333,8,success,
8938,0,1,9,,distance,levenshtein,1.4783661365509033,0.875,1.0,0.9333333333333333,9,success,
88322,0,1,9,,distance,levenshtein,0.4119551181793213,0.875,1.0,0.9333333333333333,9,success,
69007,0,1,9,,distance,levenshtein,0.5582139492034912,0.7777777777777778,1.0,0.875,9,success,
65447,0,1,10,,distance,levenshtein,0.06672811508178711,0.7777777777777778,1.0,0.875,10,success,
51134,0,1,9,,distance,levenshtein,0.3449110984802246,0.6363636363636364,1.0,0.7777777777777778,9,success,
75385,0,2,2,,distance,levenshtein,0.11420583724975586,0.875,1.0,0.9333333333333333,2,success,
15852,0,1,8,,distance,levenshtein,0.39487600326538086,0.875,1.0,0.9333333333333333,8,success,
84787,0,1,10,,distance,levenshtein,0.3529548645019531,0.7777777777777778,1.0,0.875,10,success,
79121,0,2,2,,distance,levenshtein,0.08683991432189941,1.0,1.0,1.0,2,success,
56085,0,2,3,,distance,levenshtein,0.9264068603515625,0.875,1.0,0.9333333333333333,3,success,
39871,0,2,4,,distance,levenshtein,0.6268110275268555,1.0,1.0,1.0,4,success,
45,0,2,2,,distance,levenshtein,0.05561494827270508,1.0,1.0,1.0,2,success,
58283,0,2,3,,distance,levenshtein,0.5466229915618896,0.875,1.0,0.9333333333333333,3,success,
51338,0,1,9,,distance,levenshtein,0.46203088760375977,0.875,1.0,0.9333333333333333,9,success,
59934,0,1,7,,distance,levenshtein,1.1967551708221436,0.875,1.0,0.9333333333333333,7,success,
87228,0,1,10,,distance,levenshtein,0.36588501930236816,0.7777777777777778,1.0,0.875,10,success,
68503,0,1,8,,distance,levenshtein,0.40884900093078613,0.875,1.0,0.9333333333333333,8,success,
33653,0,1,9,,distance,levenshtein,0.26175808906555176,0.7777777777777778,1.0,0.875,9,success,
11517,0,2,3,,distance,levenshtein,1.2278060913085938,1.0,1.0,1.0,3,success,
65447,0,2,2,,distance,levenshtein,0.10659408569335938,0.7777777777777778,1.0,0.875,2,success,
84787,0,2,2,,distance,levenshtein,0.10251092910766602,0.7777777777777778,1.0,0.875,2,success,
88322,0,1,10,,distance,levenshtein,0.07467794418334961,0.875,1.0,0.9333333333333333,10,success,
162,0,1,8,,distance,levenshtein,1.2032508850097656,0.7,1.0,0.8235294117647058,8,success,
26253,0,1,8,,distance,levenshtein,0.5471620559692383,0.875,1.0,0.9333333333333333,8,success,
9471,0,2,5,,distance,levenshtein,0.321519136428833,1.0,1.0,1.0,5,success,
51134,0,1,10,,distance,levenshtein,0.08600807189941406,0.6363636363636364,1.0,0.7777777777777778,10,success,
11298,0,2,3,,distance,levenshtein,0.7258250713348389,0.875,1.0,0.9333333333333333,3,success,
87228,0,2,2,,distance,levenshtein,0.13987183570861816,0.7777777777777778,1.0,0.875,2,success,
33653,0,1,10,,distance,levenshtein,0.09146404266357422,0.7777777777777778,1.0,0.875,10,success,
45,0,2,3,,distance,levenshtein,0.24217987060546875,1.0,1.0,1.0,3,success,
12153,0,2,3,,distance,levenshtein,1.4010248184204102,0.875,1.0,0.9333333333333333,3,success,
69007,0,1,10,,distance,levenshtein,0.31697916984558105,0.7777777777777778,1.0,0.875,10,success,
79820,0,2,3,,distance,levenshtein,0.8711800575256348,1.0,1.0,1.0,3,success,
97635,0,2,4,,distance,levenshtein,0.7503890991210938,1.0,1.0,1.0,4,success,
88322,0,2,2,,distance,levenshtein,0.11672401428222656,0.875,1.0,0.9333333333333333,2,success,
51134,0,2,2,,distance,levenshtein,0.06697201728820801,0.6363636363636364,1.0,0.7777777777777778,2,success,
85303,0,1,9,,distance,levenshtein,0.8696749210357666,0.7777777777777778,1.0,0.875,9,success,
72994,0,2,3,,distance,levenshtein,0.7774319648742676,0.875,1.0,0.9333333333333333,3,success,
55151,0,2,3,,distance,levenshtein,1.3466730117797852,1.0,1.0,1.0,3,success,
84787,0,2,3,,distance,levenshtein,0.23448801040649414,0.7777777777777778,1.0,0.875,3,success,
93884,0,1,8,,distance,levenshtein,0.8861048221588135,0.7777777777777778,1.0,0.875,8,success,
3075,0,1,6,,distance,levenshtein,1.4676649570465088,0.7,1.0,0.8235294117647058,6,success,
69007,0,2,2,,distance,levenshtein,0.11751198768615723,0.7777777777777778,1.0,0.875,2,success,
7239,0,2,3,,distance,levenshtein,1.5455329418182373,0.7777777777777778,1.0,0.875,3,success,
85303,0,1,10,,distance,levenshtein,0.06509709358215332,0.7777777777777778,1.0,0.875,10,success,
33653,0,2,2,,distance,levenshtein,0.18541789054870605,0.7777777777777778,1.0,0.875,2,success,
28998,0,1,7,,distance,levenshtein,2.1914329528808594,1.0,1.0,1.0,7,success,
98846,0,2,3,,distance,levenshtein,1.261106014251709,0.7777777777777778,1.0,0.875,3,success,
97635,0,2,5,,distance,levenshtein,0.27111005783081055,1.0,1.0,1.0,5,success,
114,0,2,3,,distance,levenshtein,2.007741928100586,1.0,1.0,1.0,3,success,
51134,0,2,3,,distance,levenshtein,0.33344197273254395,0.6363636363636364,1.0,0.7777777777777778,3,success,
85303,0,2,2,,distance,levenshtein,0.09366822242736816,0.7777777777777778,1.0,0.875,2,success,
84787,0,2,4,,distance,levenshtein,0.27427196502685547,0.7777777777777778,1.0,0.875,4,success,
8938,0,1,10,,distance,levenshtein,0.8935601711273193,0.875,1.0,0.9333333333333333,10,success,
63198,0,1,8,,distance,levenshtein,1.8715260028839111,0.7777777777777778,1.0,0.875,8,success,
88322,0,2,3,,distance,levenshtein,0.4481518268585205,0.875,1.0,0.9333333333333333,3,success,
87228,0,2,3,,distance,levenshtein,0.5303301811218262,0.7777777777777778,1.0,0.875,3,success,
11517,0,2,4,,distance,levenshtein,0.819547176361084,1.0,1.0,1.0,4,success,
9471,0,2,6,,distance,levenshtein,0.6900730133056641,1.0,1.0,1.0,6,success,
65447,0,2,3,,distance,levenshtein,0.8988211154937744,0.7777777777777778,1.0,0.875,3,success,
8938,0,2,2,,distance,levenshtein,0.09995508193969727,0.875,1.0,0.9333333333333333,2,success,
84787,0,2,5,,distance,levenshtein,0.08266210556030273,0.7777777777777778,1.0,0.875,5,success,
39161,0,1,8,,distance,levenshtein,1.8971269130706787,0.875,1.0,0.9333333333333333,8,success,
9178,0,1,8,,distance,levenshtein,1.7657699584960938,0.7777777777777778,1.0,0.875,8,success,
3075,0,1,7,,distance,levenshtein,0.5088191032409668,0.7,1.0,0.8235294117647058,7,success,
32584,0,1,8,,distance,levenshtein,1.652618169784546,0.875,1.0,0.9333333333333333,8,success,
79121,0,2,3,,distance,levenshtein,1.375330924987793,1.0,1.0,1.0,3,success,
11517,0,2,5,,distance,levenshtein,0.24718403816223145,1.0,1.0,1.0,5,success,
45,0,2,4,,distance,levenshtein,1.0755541324615479,1.0,1.0,1.0,4,success,
84787,0,2,6,,distance,levenshtein,0.16095209121704102,0.7777777777777778,1.0,0.875,6,success,
69007,0,2,3,,distance,levenshtein,0.8774569034576416,0.7777777777777778,1.0,0.875,3,success,
39161,0,1,9,,distance,levenshtein,0.24707794189453125,0.875,1.0,0.9333333333333333,9,success,
8938,0,2,3,,distance,levenshtein,0.36289095878601074,0.875,1.0,0.9333333333333333,3,success,
33653,0,2,3,,distance,levenshtein,0.8576509952545166,0.7777777777777778,1.0,0.875,3,success,
55151,0,2,4,,distance,levenshtein,1.170130968093872,1.0,1.0,1.0,4,success,
32584,0,1,9,,distance,levenshtein,0.24434304237365723,0.875,1.0,0.9333333333333333,9,success,
98846,0,2,4,,distance,levenshtein,0.9478201866149902,0.7777777777777778,1.0,0.875,4,success,
45,0,2,5,,distance,levenshtein,0.19622206687927246,1.0,0.8571428571428571,0.9230769230769231,5,success,
75385,0,2,3,,distance,levenshtein,1.9211699962615967,0.875,1.0,0.9333333333333333,3,success,
93344,0,1,9,,distance,levenshtein,2.479434013366699,1.0,1.0,1.0,9,success,
37843,0,1,9,,distance,levenshtein,3.148689031600952,0.875,1.0,0.9333333333333333,9,success,
39871,0,2,5,,distance,levenshtein,1.893805980682373,1.0,1.0,1.0,5,success,
28998,0,1,8,,distance,levenshtein,1.115048885345459,1.0,1.0,1.0,8,success,
12153,0,2,4,,distance,levenshtein,1.566220998764038,0.875,1.0,0.9333333333333333,4,success,
6886,0,1,8,,distance,levenshtein,2.2685139179229736,1.0,1.0,1.0,8,success,
58283,0,2,4,,distance,levenshtein,1.9451360702514648,0.875,1.0,0.9333333333333333,4,success,
11517,0,2,6,,distance,levenshtein,0.38315701484680176,1.0,1.0,1.0,6,success,
97635,0,2,6,,distance,levenshtein,1.1229290962219238,1.0,1.0,1.0,6,success,
55151,0,2,5,,distance,levenshtein,0.1879560947418213,1.0,1.0,1.0,5,success,
85303,0,2,3,,distance,levenshtein,1.2315869331359863,0.7777777777777778,1.0,0.875,3,success,
31055,0,1,9,,distance,levenshtein,3.3494980335235596,0.7777777777777778,1.0,0.875,9,success,
114,0,2,4,,distance,levenshtein,1.2562918663024902,1.0,1.0,1.0,4,success,
93344,0,1,10,,distance,levenshtein,0.1029820442199707,1.0,1.0,1.0,10,success,
6886,0,1,9,,distance,levenshtein,0.2016611099243164,1.0,1.0,1.0,9,success,
51338,0,1,10,,distance,levenshtein,2.326183795928955,0.875,1.0,0.9333333333333333,10,success,
58283,0,2,5,,distance,levenshtein,0.23132896423339844,0.875,1.0,0.9333333333333333,5,success,
63198,0,1,9,,distance,levenshtein,1.3478658199310303,0.7777777777777778,1.0,0.875,9,success,
45,0,2,6,,distance,levenshtein,0.44679903984069824,1.0,1.0,1.0,6,success,
84787,0,2,7,,distance,levenshtein,0.6720190048217773,0.7777777777777778,1.0,0.875,7,success,
39871,0,2,6,,distance,levenshtein,0.2831711769104004,1.0,1.0,1.0,6,success,
93344,0,2,2,,distance,levenshtein,0.12608790397644043,1.0,1.0,1.0,2,success,
9178,0,1,9,,distance,levenshtein,1.254967212677002,0.7777777777777778,1.0,0.875,9,success,
9471,0,2,7,,distance,levenshtein,1.320432186126709,1.0,1.0,1.0,7,success,
32584,0,1,10,,distance,levenshtein,0.6419990062713623,0.875,1.0,0.9333333333333333,10,success,
51338,0,2,2,,distance,levenshtein,0.08538293838500977,0.875,1.0,0.9333333333333333,2,success,
15852,0,1,9,,distance,levenshtein,2.6518380641937256,0.875,1.0,0.9333333333333333,9,success,
89095,0,1,6,,distance,levenshtein,4.465701103210449,0.7777777777777778,1.0,0.875,6,success,
39161,0,1,10,,distance,levenshtein,0.8273911476135254,0.875,1.0,0.9333333333333333,10,success,
51134,0,2,4,,distance,levenshtein,1.8616750240325928,0.6363636363636364,1.0,0.7777777777777778,4,success,
32584,0,2,2,,distance,levenshtein,0.050817012786865234,0.8571428571428571,0.8571428571428571,0.8571428571428571,2,success,
39161,0,2,2,,distance,levenshtein,0.0899651050567627,0.875,1.0,0.9333333333333333,2,success,
79121,0,2,4,,distance,levenshtein,1.4970641136169434,1.0,1.0,1.0,4,success,
97635,0,2,7,,distance,levenshtein,0.6148569583892822,1.0,1.0,1.0,7,success,
11517,0,2,7,,distance,levenshtein,0.6110341548919678,1.0,1.0,1.0,7,success,
51338,0,2,3,,distance,levenshtein,0.2050929069519043,0.8571428571428571,0.8571428571428571,0.8571428571428571,3,success,
56085,0,2,4,,distance,levenshtein,3.089024066925049,0.875,1.0,0.9333333333333333,4,success,
93344,0,2,3,,distance,levenshtein,0.3991079330444336,1.0,1.0,1.0,3,success,
9178,0,1,10,,distance,levenshtein,0.3694469928741455,0.7777777777777778,1.0,0.875,10,success,
11298,0,2,4,,distance,levenshtein,2.8211798667907715,0.875,1.0,0.9333333333333333,4,success,
114,0,2,5,,distance,levenshtein,0.7335529327392578,1.0,1.0,1.0,5,success,
58656,0,1,8,,distance,levenshtein,3.71458101272583,0.7777777777777778,1.0,0.875,8,success,
39871,0,2,7,,distance,levenshtein,0.5009219646453857,1.0,1.0,1.0,7,success,
39161,0,2,3,,distance,levenshtein,0.2958531379699707,0.875,1.0,0.9333333333333333,3,success,
69007,0,2,4,,distance,levenshtein,1.6598131656646729,0.7777777777777778,1.0,0.875,4,success,
7239,0,2,4,,distance,levenshtein,2.661426067352295,0.7777777777777778,1.0,0.875,4,success,
87228,0,2,4,,distance,levenshtein,2.247199058532715,0.7777777777777778,1.0,0.875,4,success,
9178,0,2,2,,distance,levenshtein,0.10677409172058105,0.7777777777777778,1.0,0.875,2,success,
79121,0,2,5,,distance,levenshtein,0.29683399200439453,1.0,1.0,1.0,5,success,
79820,0,2,4,,distance,levenshtein,3.195783853530884,1.0,1.0,1.0,4,success,
12153,0,2,5,,distance,levenshtein,1.494837999343872,0.875,1.0,0.9333333333333333,5,success,
162,0,1,9,,distance,levenshtein,3.456918954849243,0.6666666666666666,0.8571428571428571,0.75,9,success,
56085,0,2,5,,distance,levenshtein,0.35369110107421875,0.875,1.0,0.9333333333333333,5,success,
11298,0,2,5,,distance,levenshtein,0.22970199584960938,0.875,1.0,0.9333333333333333,5,success,
51338,0,2,4,,distance,levenshtein,0.5695128440856934,0.875,1.0,0.9333333333333333,4,success,
93344,0,2,4,,distance,levenshtein,0.5826690196990967,1.0,1.0,1.0,4,success,
37843,0,1,10,,distance,levenshtein,1.580199956893921,0.875,1.0,0.9333333333333333,10,success,
51134,0,2,5,,distance,levenshtein,0.8303670883178711,0.6363636363636364,1.0,0.7777777777777778,5,success,
29382,0,1,7,,distance,levenshtein,4.140869140625,1.0,1.0,1.0,7,success,
7239,0,2,5,,distance,levenshtein,0.32219409942626953,0.7777777777777778,1.0,0.875,5,success,
114,0,2,6,,distance,levenshtein,0.3229079246520996,1.0,1.0,1.0,6,success,
32584,0,2,3,,distance,levenshtein,1.0146069526672363,0.875,1.0,0.9333333333333333,3,success,
79820,0,2,5,,distance,levenshtein,0.16619396209716797,1.0,1.0,1.0,5,success,
39161,0,2,4,,distance,levenshtein,0.5200619697570801,0.875,1.0,0.9333333333333333,4,success,
37843,0,2,2,,distance,levenshtein,0.12101602554321289,0.8571428571428571,0.8571428571428571,0.8571428571428571,2,success,
97635,0,2,8,,distance,levenshtein,0.7697060108184814,1.0,1.0,1.0,8,success,
58283,0,2,6,,distance,levenshtein,1.4511420726776123,0.875,1.0,0.9333333333333333,6,success,
12153,0,2,6,,distance,levenshtein,0.3099031448364258,0.875,1.0,0.9333333333333333,6,success,
93344,0,2,5,,distance,levenshtein,0.21228504180908203,1.0,1.0,1.0,5,success,
15852,0,1,10,,distance,levenshtein,1.276381015777588,0.875,1.0,0.9333333333333333,10,success,
29382,0,1,8,,distance,levenshtein,0.1581871509552002,1.0,1.0,1.0,8,success,
69007,0,2,5,,distance,levenshtein,0.6914200782775879,0.7777777777777778,1.0,0.875,5,success,
79121,0,2,6,,distance,levenshtein,0.5005130767822266,1.0,1.0,1.0,6,success,
11517,0,2,8,,distance,levenshtein,0.8531720638275146,1.0,1.0,1.0,8,success,
26253,0,1,9,,distance,levenshtein,4.013056993484497,0.875,1.0,0.9333333333333333,9,success,
51134,0,2,6,,distance,levenshtein,0.31389498710632324,0.6363636363636364,1.0,0.7777777777777778,6,success,
9178,0,2,3,,distance,levenshtein,0.8257389068603516,0.7777777777777778,1.0,0.875,3,success,
39871,0,2,8,,distance,levenshtein,0.656181812286377,1.0,1.0,1.0,8,success,
15852,0,2,2,,distance,levenshtein,0.13720297813415527,0.875,1.0,0.9333333333333333,2,success,
11298,0,2,6,,distance,levenshtein,0.3453550338745117,0.875,1.0,0.9333333333333333,6,success,
56085,0,2,6,,distance,levenshtein,0.586493968963623,0.875,1.0,0.9333333333333333,6,success,
39161,0,2,5,,distance,levenshtein,0.4149770736694336,0.875,1.0,0.9333333333333333,5,success,
63198,0,1,10,,distance,levenshtein,2.12814998626709,0.7777777777777778,1.0,0.875,10,success,
36624,0,1,9,,distance,levenshtein,6.006067991256714,0.7777777777777778,1.0,0.875,9,success,
93344,0,2,6,,distance,levenshtein,0.3891780376434326,1.0,1.0,1.0,6,success,
68503,0,1,9,,distance,levenshtein,4.787823915481567,0.875,1.0,0.9333333333333333,9,success,
32584,0,2,4,,distance,levenshtein,0.8398020267486572,0.875,1.0,0.9333333333333333,4,success,
69007,0,2,6,,distance,levenshtein,0.42213988304138184,0.7777777777777778,1.0,0.875,6,success,
114,0,2,7,,distance,levenshtein,0.7467432022094727,1.0,1.0,1.0,7,success,
63198,0,2,2,,distance,levenshtein,0.10778594017028809,0.7777777777777778,1.0,0.875,2,success,
31055,0,1,10,,distance,levenshtein,2.536440134048462,0.7777777777777778,1.0,0.875,10,success,
55151,0,2,6,,distance,levenshtein,2.7206671237945557,1.0,1.0,1.0,6,success,
12153,0,2,7,,distance,levenshtein,0.5401811599731445,0.875,1.0,0.9333333333333333,7,success,
51338,0,2,5,,distance,levenshtein,1.219005823135376,0.875,1.0,0.9333333333333333,5,success,
51134,0,2,7,,distance,levenshtein,0.5085999965667725,0.6363636363636364,1.0,0.7777777777777778,7,success,
89095,0,1,7,,distance,levenshtein,2.3533191680908203,0.7777777777777778,1.0,0.875,7,success,
31055,0,2,2,,distance,levenshtein,0.10512495040893555,0.7777777777777778,1.0,0.875,2,success,
85303,0,2,4,,distance,levenshtein,2.9280409812927246,0.7777777777777778,1.0,0.875,4,success,
79121,0,2,7,,distance,levenshtein,0.6661200523376465,1.0,1.0,1.0,7,success,
93344,0,2,7,,distance,levenshtein,0.3958568572998047,1.0,1.0,1.0,7,success,
11298,0,2,7,,distance,levenshtein,0.6660110950469971,0.875,1.0,0.9333333333333333,7,success,
51338,0,2,6,,distance,levenshtein,0.2593212127685547,0.875,1.0,0.9333333333333333,6,success,
45,0,2,7,,distance,levenshtein,2.8335602283477783,1.0,1.0,1.0,7,success,
15852,0,2,3,,distance,levenshtein,1.0051600933074951,0.875,1.0,0.9333333333333333,3,success,
12153,0,2,8,,distance,levenshtein,0.23919987678527832,0.875,1.0,0.9333333333333333,8,success,
84787,0,2,8,,distance,levenshtein,2.941999912261963,0.6666666666666666,0.5714285714285714,0.6153846153846154,8,success,
39871,0,2,9,,distance,levenshtein,0.9248988628387451,1.0,1.0,1.0,9,success,
36624,0,1,10,,distance,levenshtein,0.8497059345245361,0.7777777777777778,1.0,0.875,10,success,
56085,0,2,7,,distance,levenshtein,0.7790000438690186,0.875,1.0,0.9333333333333333,7,success,
70332,0,1,9,,distance,levenshtein,6.743643045425415,1.0,1.0,1.0,9,success,
37843,0,2,3,,distance,levenshtein,1.6563758850097656,0.875,1.0,0.9333333333333333,3,success,
85303,0,2,5,,distance,levenshtein,0.35512709617614746,0.7777777777777778,1.0,0.875,5,success,
55151,0,2,7,,distance,levenshtein,0.47296905517578125,1.0,1.0,1.0,7,success,
89095,0,1,8,,distance,levenshtein,0.4745008945465088,0.7777777777777778,1.0,0.875,8,success,
36624,0,2,2,,distance,levenshtein,0.0814661979675293,0.7777777777777778,1.0,0.875,2,success,
7239,0,2,6,,distance,levenshtein,1.8372998237609863,0.7777777777777778,1.0,0.875,6,success,
51338,0,2,7,,distance,levenshtein,0.27589893341064453,0.875,1.0,0.9333333333333333,7,success,
97635,0,2,9,,distance,levenshtein,1.6790862083435059,1.0,1.0,1.0,9,success,
63198,0,2,3,,distance,levenshtein,0.997175931930542,0.7777777777777778,1.0,0.875,3,success,
114,0,2,8,,distance,levenshtein,0.8955340385437012,1.0,1.0,1.0,8,success,
51134,0,2,8,,distance,levenshtein,0.7502670288085938,0.6363636363636364,1.0,0.7777777777777778,8,success,
72994,0,2,4,,distance,levenshtein,5.91907000541687,0.8571428571428571,0.8571428571428571,0.8571428571428571,4,success,
93884,0,1,9,,distance,levenshtein,5.748615026473999,0.7777777777777778,1.0,0.875,9,success,
93344,0,2,8,,distance,levenshtein,0.5466830730438232,1.0,1.0,1.0,8,success,
70332,0,1,10,,distance,levenshtein,0.4534590244293213,1.0,1.0,1.0,10,success,
68503,0,1,10,,distance,levenshtein,1.4985628128051758,0.875,1.0,0.9333333333333333,10,success,
72994,0,2,5,,distance,levenshtein,0.08451008796691895,0.875,1.0,0.9333333333333333,5,success,
51338,0,2,8,,distance,levenshtein,0.17447495460510254,0.875,1.0,0.9333333333333333,8,success,
39161,0,2,6,,distance,levenshtein,1.7747950553894043,0.875,1.0,0.9333333333333333,6,success,
70332,0,2,2,,distance,levenshtein,0.053009033203125,1.0,1.0,1.0,2,success,
93884,0,1,10,,distance,levenshtein,0.09982705116271973,0.7777777777777778,1.0,0.875,10,success,
11298,0,2,8,,distance,levenshtein,0.7798709869384766,0.875,1.0,0.9333333333333333,8,success,
55151,0,2,8,,distance,levenshtein,0.6825850009918213,1.0,1.0,1.0,8,success,
68503,0,2,2,,distance,levenshtein,0.19840693473815918,0.875,1.0,0.9333333333333333,2,success,
93884,0,2,2,,distance,levenshtein,0.0942690372467041,0.7777777777777778,1.0,0.875,2,success,
79820,0,2,6,,distance,levenshtein,2.566025972366333,1.0,1.0,1.0,6,success,
8988,0,1,9,,distance,levenshtein,7.049804925918579,0.875,1.0,0.9333333333333333,9,success,
45,0,2,8,,distance,levenshtein,0.851423978805542,1.0,0.8571428571428571,0.9230769230769231,8,success,
39871,0,2,10,,distance,levenshtein,0.806312084197998,1.0,1.0,1.0,10,success,
89149,0,2,3,,distance,levenshtein,7.464570999145508,1.0,1.0,1.0,3,success,
70332,0,2,3,,distance,levenshtein,0.22820496559143066,1.0,1.0,1.0,3,success,
8938,0,2,4,,distance,levenshtein,5.342223167419434,0.875,1.0,0.9333333333333333,4,success,
7239,0,2,7,,distance,levenshtein,0.6367809772491455,0.7777777777777778,1.0,0.875,7,success,
72994,0,2,6,,distance,levenshtein,0.3856241703033447,0.875,1.0,0.9333333333333333,6,success,
39871,0,3,2,,distance,levenshtein,0.07039594650268555,1.0,1.0,1.0,2,success,
65447,0,2,4,,distance,levenshtein,6.115145921707153,0.7777777777777778,1.0,0.875,4,success,
9178,0,2,4,,distance,levenshtein,2.844449043273926,0.7777777777777778,1.0,0.875,4,success,
39871,0,3,3,,distance,levenshtein,0.09456205368041992,1.0,1.0,1.0,3,success,
69007,0,2,7,,distance,levenshtein,2.0688278675079346,0.7777777777777778,1.0,0.875,7,success,
31055,0,2,3,,distance,levenshtein,2.070155143737793,0.7777777777777778,1.0,0.875,3,success,
56085,0,2,8,,distance,levenshtein,1.1904489994049072,0.8571428571428571,0.8571428571428571,0.8571428571428571,8,success,
85303,0,2,6,,distance,levenshtein,1.2918131351470947,0.7777777777777778,1.0,0.875,6,success,
93884,0,2,3,,distance,levenshtein,0.45619988441467285,0.7777777777777778,1.0,0.875,3,success,
93344,0,2,9,,distance,levenshtein,0.8814301490783691,1.0,1.0,1.0,9,success,
89095,0,1,9,,distance,levenshtein,1.3677759170532227,0.7777777777777778,1.0,0.875,9,success,
51134,0,2,9,,distance,levenshtein,1.0483028888702393,0.6363636363636364,1.0,0.7777777777777778,9,success,
68503,0,2,3,,distance,levenshtein,0.6770739555358887,0.875,1.0,0.9333333333333333,3,success,
39161,0,2,7,,distance,levenshtein,0.9266848564147949,0.875,1.0,0.9333333333333333,7,success,
39871,0,3,4,,distance,levenshtein,0.2804219722747803,1.0,1.0,1.0,4,success,
9178,0,2,5,,distance,levenshtein,0.31903696060180664,0.7777777777777778,1.0,0.875,5,success,
11298,0,2,9,,distance,levenshtein,0.9050850868225098,0.875,1.0,0.9333333333333333,9,success,
72994,0,2,7,,distance,levenshtein,0.633713960647583,0.8571428571428571,0.8571428571428571,0.8571428571428571,7,success,
36624,0,2,3,,distance,levenshtein,1.9868381023406982,0.7777777777777778,1.0,0.875,3,success,
55151,0,2,9,,distance,levenshtein,0.8223021030426025,1.0,1.0,1.0,9,success,
45,0,2,9,,distance,levenshtein,0.8289909362792969,1.0,1.0,1.0,9,success,
84787,0,2,9,,distance,levenshtein,2.2145590782165527,0.7142857142857143,0.7142857142857143,0.7142857142857143,9,success,
7239,0,2,8,,distance,levenshtein,0.9083311557769775,0.7777777777777778,1.0,0.875,8,success,
39871,0,3,5,,distance,levenshtein,0.4326338768005371,1.0,1.0,1.0,5,success,
97635,0,2,10,,distance,levenshtein,1.9179260730743408,1.0,1.0,1.0,10,success,
97635,0,3,2,,distance,levenshtein,0.04287219047546387,1.0,1.0,1.0,2,success,
33653,0,2,4,,distance,levenshtein,6.850843906402588,0.7777777777777778,1.0,0.875,4,success,
97635,0,3,3,,distance,levenshtein,0.04784083366394043,1.0,1.0,1.0,3,success,
89095,0,1,10,,distance,levenshtein,0.7269129753112793,0.7777777777777778,1.0,0.875,10,success,
97635,0,3,4,,distance,levenshtein,0.18842411041259766,1.0,1.0,1.0,4,success,
89095,0,2,2,,distance,levenshtein,0.12366104125976562,0.7777777777777778,1.0,0.875,2,success,
93344,0,2,10,,distance,levenshtein,1.0452320575714111,1.0,1.0,1.0,10,success,
33653,0,2,5,,distance,levenshtein,0.2666051387786865,0.7777777777777778,1.0,0.875,5,success,
72994,0,2,8,,distance,levenshtein,0.8654911518096924,0.875,1.0,0.9333333333333333,8,success,
93344,0,3,2,,distance,levenshtein,0.05672407150268555,1.0,1.0,1.0,2,success,
39161,0,2,8,,distance,levenshtein,1.2103829383850098,0.875,1.0,0.9333333333333333,8,success,
84787,0,2,10,,distance,levenshtein,0.6569948196411133,0.7777777777777778,1.0,0.875,10,success,
31055,0,2,4,,distance,levenshtein,1.7000501155853271,0.7777777777777778,1.0,0.875,4,success,
97635,0,3,5,,distance,levenshtein,0.1561119556427002,1.0,1.0,1.0,5,success,
11298,0,2,10,,distance,levenshtein,0.7736539840698242,0.875,1.0,0.9333333333333333,10,success,
93344,0,3,3,,distance,levenshtein,0.0744929313659668,1.0,1.0,1.0,3,success,
56085,0,2,9,,distance,levenshtein,1.4660251140594482,0.875,1.0,0.9333333333333333,9,success,
84787,0,3,2,,distance,levenshtein,0.0416867733001709,0.7777777777777778,1.0,0.875,2,success,
59934,0,1,8,,distance,levenshtein,9.467589855194092,0.875,1.0,0.9333333333333333,8,success,
26253,0,1,10,,distance,levenshtein,5.037607192993164,0.875,1.0,0.9333333333333333,10,success,
51134,0,2,10,,distance,levenshtein,1.3189749717712402,0.6,0.8571428571428571,0.7058823529411765,10,success,
11298,0,3,2,,distance,levenshtein,0.057186126708984375,0.875,1.0,0.9333333333333333,2,success,
162,0,1,10,,distance,levenshtein,5.77056097984314,0.6666666666666666,0.8571428571428571,0.75,10,success,
84787,0,3,3,,distance,levenshtein,0.08220314979553223,0.7777777777777778,1.0,0.875,3,success,
51134,0,3,2,,distance,levenshtein,0.036863088607788086,0.6363636363636364,1.0,0.7777777777777778,2,success,
26253,0,2,2,,distance,levenshtein,0.08606600761413574,0.875,1.0,0.9333333333333333,2,success,
58283,0,2,7,,distance,levenshtein,5.24238395690918,0.875,1.0,0.9333333333333333,7,success,
45,0,2,10,,distance,levenshtein,0.924206018447876,1.0,1.0,1.0,10,success,
11298,0,3,3,,distance,levenshtein,0.10582399368286133,0.875,1.0,0.9333333333333333,3,success,
12153,0,2,9,,distance,levenshtein,3.7068710327148438,0.875,1.0,0.9333333333333333,9,success,
93344,0,3,4,,distance,levenshtein,0.1916201114654541,1.0,1.0,1.0,4,success,
6886,0,1,10,,distance,levenshtein,7.296890020370483,1.0,1.0,1.0,10,success,
162,0,2,2,,distance,levenshtein,0.09123706817626953,0.7,1.0,0.8235294117647058,2,success,
31055,0,2,5,,distance,levenshtein,0.27231884002685547,0.7777777777777778,1.0,0.875,5,success,
51134,0,3,3,,distance,levenshtein,0.10247588157653809,0.6363636363636364,1.0,0.7777777777777778,3,success,
84787,0,3,4,,distance,levenshtein,0.14119720458984375,0.7777777777777778,1.0,0.875,4,success,
51338,0,2,9,,distance,levenshtein,2.9917149543762207,0.875,1.0,0.9333333333333333,9,success,
45,0,3,2,,distance,levenshtein,0.07573485374450684,1.0,1.0,1.0,2,success,
33653,0,2,6,,distance,levenshtein,0.41083502769470215,0.7777777777777778,1.0,0.875,6,success,
51134,0,3,4,,distance,levenshtein,0.07328510284423828,0.6363636363636364,1.0,0.7777777777777778,4,success,
11298,0,3,4,,distance,levenshtein,0.18397808074951172,0.875,1.0,0.9333333333333333,4,success,
6886,0,2,2,,distance,levenshtein,0.09762787818908691,1.0,1.0,1.0,2,success,
9178,0,2,6,,distance,levenshtein,1.7050998210906982,0.7777777777777778,1.0,0.875,6,success,
26253,0,2,3,,distance,levenshtein,0.24650216102600098,0.875,1.0,0.9333333333333333,3,success,
7239,0,2,9,,distance,levenshtein,1.3469719886779785,0.7777777777777778,1.0,0.875,9,success,
11517,0,2,9,,distance,levenshtein,5.480402946472168,1.0,1.0,1.0,9,success,
45,0,3,3,,distance,levenshtein,0.1597750186920166,1.0,1.0,1.0,3,success,
93344,0,3,5,,distance,levenshtein,0.3839869499206543,1.0,0.8571428571428571,0.9230769230769231,5,success,
162,0,2,3,,distance,levenshtein,0.37032294273376465,0.7,1.0,0.8235294117647058,3,success,
51134,0,3,5,,distance,levenshtein,0.16954684257507324,0.6363636363636364,1.0,0.7777777777777778,5,success,
39161,0,2,9,,distance,levenshtein,0.6117279529571533,0.875,1.0,0.9333333333333333,9,success,
84787,0,3,5,,distance,levenshtein,0.3409700393676758,0.7777777777777778,1.0,0.875,5,success,
97635,0,3,6,,distance,levenshtein,0.8636050224304199,1.0,1.0,1.0,6,success,
11298,0,3,5,,distance,levenshtein,0.2548220157623291,0.875,1.0,0.9333333333333333,5,success,
63198,0,2,4,,distance,levenshtein,4.206018924713135,0.7777777777777778,1.0,0.875,4,success,
31055,0,2,6,,distance,levenshtein,0.4095470905303955,0.7777777777777778,1.0,0.875,6,success,
39871,0,3,6,,distance,levenshtein,1.9862890243530273,1.0,1.0,1.0,6,success,
51134,0,3,6,,distance,levenshtein,0.12124896049499512,0.6363636363636364,1.0,0.7777777777777778,6,success,
89149,0,2,4,,distance,levenshtein,3.34352707862854,1.0,1.0,1.0,4,success,
79121,0,2,8,,distance,levenshtein,4.890764951705933,1.0,1.0,1.0,8,success,
6886,0,2,3,,distance,levenshtein,0.5478260517120361,1.0,1.0,1.0,3,success,
58283,0,2,8,,distance,levenshtein,0.7732739448547363,0.875,1.0,0.9333333333333333,8,success,
72994,0,2,9,,distance,levenshtein,1.1911020278930664,0.875,1.0,0.9333333333333333,9,success,
12153,0,2,10,,distance,levenshtein,0.7311241626739502,0.875,1.0,0.9333333333333333,10,success,
51134,0,3,7,,distance,levenshtein,0.18001890182495117,0.6363636363636364,1.0,0.7777777777777778,7,success,
37843,0,2,4,,distance,levenshtein,4.8885509967803955,0.875,1.0,0.9333333333333333,4,success,
89095,0,2,3,,distance,levenshtein,1.6169261932373047,0.7777777777777778,1.0,0.875,3,success,
58656,0,1,9,,distance,levenshtein,7.556532859802246,0.7777777777777778,1.0,0.875,9,success,
11298,0,3,6,,distance,levenshtein,0.4196438789367676,0.875,1.0,0.9333333333333333,6,success,
65447,0,2,5,,distance,levenshtein,3.5547680854797363,0.7777777777777778,1.0,0.875,5,success,
26253,0,2,4,,distance,levenshtein,0.8581678867340088,0.875,1.0,0.9333333333333333,4,success,
12153,0,3,2,,distance,levenshtein,0.06588411331176758,0.875,1.0,0.9333333333333333,2,success,
51338,0,2,10,,distance,levenshtein,0.8692750930786133,0.875,1.0,0.9333333333333333,10,success,
51134,0,3,8,,distance,levenshtein,0.08988690376281738,0.6363636363636364,1.0,0.7777777777777778,8,success,
89149,0,2,5,,distance,levenshtein,0.34330201148986816,1.0,1.0,1.0,5,success,
79820,0,2,7,,distance,levenshtein,3.8552520275115967,1.0,1.0,1.0,7,success,
88322,0,2,4,,distance,levenshtein,10.195709943771362,0.875,1.0,0.9333333333333333,4,success,
45,0,3,4,,distance,levenshtein,0.9255988597869873,1.0,0.8571428571428571,0.9230769230769231,4,success,
51338,0,3,2,,distance,levenshtein,0.08081197738647461,0.875,1.0,0.9333333333333333,2,success,
31055,0,2,7,,distance,levenshtein,0.46555304527282715,0.7777777777777778,1.0,0.875,7,success,
58656,0,1,10,,distance,levenshtein,0.11382007598876953,0.7777777777777778,1.0,0.875,10,success,
37843,0,2,5,,distance,levenshtein,0.2557790279388428,0.875,1.0,0.9333333333333333,5,success,
51134,0,3,9,,distance,levenshtein,0.09522700309753418,0.6363636363636364,1.0,0.7777777777777778,9,success,
26253,0,2,5,,distance,levenshtein,0.22211003303527832,0.875,1.0,0.9333333333333333,5,success,
84787,0,3,6,,distance,levenshtein,1.1407439708709717,0.7777777777777778,1.0,0.875,6,success,
58656,0,2,2,,distance,levenshtein,0.12875819206237793,0.7777777777777778,1.0,0.875,2,success,
88322,0,2,5,,distance,levenshtein,0.2233428955078125,0.875,1.0,0.9333333333333333,5,success,
162,0,2,4,,distance,levenshtein,1.254796028137207,0.7,1.0,0.8235294117647058,4,success,
69007,0,2,8,,distance,levenshtein,3.9792590141296387,0.7777777777777778,1.0,0.875,8,success,
51134,0,3,10,,distance,levenshtein,0.11732006072998047,0.6363636363636364,1.0,0.7777777777777778,10,success,
93344,0,3,6,,distance,levenshtein,1.3196849822998047,1.0,1.0,1.0,6,success,
84787,0,3,7,,distance,levenshtein,0.07886695861816406,0.7777777777777778,1.0,0.875,7,success,
45,0,3,5,,distance,levenshtein,0.4810030460357666,1.0,1.0,1.0,5,success,
56085,0,2,10,,distance,levenshtein,1.8271081447601318,0.875,1.0,0.9333333333333333,10,success,
8988,0,1,10,,distance,levenshtein,4.866265058517456,0.875,1.0,0.9333333333333333,10,success,
26253,0,2,6,,distance,levenshtein,0.2738809585571289,0.875,1.0,0.9333333333333333,6,success,
51134,0,4,2,,distance,levenshtein,0.07540297508239746,0.6363636363636364,1.0,0.7777777777777778,2,success,
65447,0,2,6,,distance,levenshtein,0.7256579399108887,0.7777777777777778,1.0,0.875,6,success,
12153,0,3,3,,distance,levenshtein,0.8347280025482178,0.875,1.0,0.9333333333333333,3,success,
58283,0,2,9,,distance,levenshtein,0.8977391719818115,0.875,1.0,0.9333333333333333,9,success,
37843,0,2,6,,distance,levenshtein,0.3759019374847412,0.8571428571428571,0.8571428571428571,0.8571428571428571,6,success,
56085,0,3,2,,distance,levenshtein,0.06892895698547363,0.875,1.0,0.9333333333333333,2,success,
8988,0,2,2,,distance,levenshtein,0.08904695510864258,0.875,1.0,0.9333333333333333,2,success,
88322,0,2,6,,distance,levenshtein,0.3313791751861572,0.875,1.0,0.9333333333333333,6,success,
51134,0,4,3,,distance,levenshtein,0.17789912223815918,0.6363636363636364,1.0,0.7777777777777778,3,success,
114,0,2,9,,distance,levenshtein,5.674653053283691,1.0,1.0,1.0,9,success,
93344,0,3,7,,distance,levenshtein,0.37191104888916016,1.0,1.0,1.0,7,success,
51338,0,3,3,,distance,levenshtein,1.0117120742797852,0.875,1.0,0.9333333333333333,3,success,
39161,0,2,10,,distance,levenshtein,1.7319579124450684,0.875,1.0,0.9333333333333333,10,success,
79820,0,2,8,,distance,levenshtein,0.8511781692504883,1.0,1.0,1.0,8,success,
56085,0,3,3,,distance,levenshtein,0.1561291217803955,0.875,1.0,0.9333333333333333,3,success,
79121,0,2,9,,distance,levenshtein,1.3277270793914795,1.0,1.0,1.0,9,success,
72994,0,2,10,,distance,levenshtein,1.3720788955688477,0.875,1.0,0.9333333333333333,10,success,
31055,0,2,8,,distance,levenshtein,0.8142979145050049,0.7777777777777778,1.0,0.875,8,success,
39161,0,3,2,,distance,levenshtein,0.047410011291503906,0.875,1.0,0.9333333333333333,2,success,
97635,0,3,7,,distance,levenshtein,1.992447853088379,1.0,1.0,1.0,7,success,
51134,0,4,4,,distance,levenshtein,0.16681408882141113,0.6363636363636364,1.0,0.7777777777777778,4,success,
93344,0,3,8,,distance,levenshtein,0.09479188919067383,1.0,1.0,1.0,8,success,
93884,0,2,4,,distance,levenshtein,5.08547306060791,0.7777777777777778,1.0,0.875,4,success,
72994,0,3,2,,distance,levenshtein,0.06655597686767578,0.875,1.0,0.9333333333333333,2,success,
45,0,3,6,,distance,levenshtein,0.6643989086151123,1.0,1.0,1.0,6,success,
65447,0,2,7,,distance,levenshtein,0.4209427833557129,0.7777777777777778,1.0,0.875,7,success,
39161,0,3,3,,distance,levenshtein,0.11133289337158203,0.875,1.0,0.9333333333333333,3,success,
26253,0,2,7,,distance,levenshtein,0.5075349807739258,0.875,1.0,0.9333333333333333,7,success,
12153,0,3,4,,distance,levenshtein,0.6730949878692627,0.875,1.0,0.9333333333333333,4,success,
51338,0,3,4,,distance,levenshtein,0.31258296966552734,0.875,1.0,0.9333333333333333,4,success,
85303,0,2,7,,distance,levenshtein,4.927765130996704,0.7777777777777778,1.0,0.875,7,success,
37843,0,2,7,,distance,levenshtein,0.3709099292755127,0.875,1.0,0.9333333333333333,7,success,
89095,0,2,4,,distance,levenshtein,1.7905900478363037,0.7777777777777778,1.0,0.875,4,success,
93344,0,3,9,,distance,levenshtein,0.10557103157043457,1.0,1.0,1.0,9,success,
69007,0,2,9,,distance,levenshtein,0.9224748611450195,0.7777777777777778,1.0,0.875,9,success,
45,0,3,7,,distance,levenshtein,0.11496996879577637,1.0,1.0,1.0,7,success,
56085,0,3,4,,distance,levenshtein,0.47365307807922363,0.875,1.0,0.9333333333333333,4,success,
39161,0,3,4,,distance,levenshtein,0.16088485717773438,0.875,1.0,0.9333333333333333,4,success,
93884,0,2,5,,distance,levenshtein,0.23374199867248535,0.7777777777777778,1.0,0.875,5,success,
51134,0,4,5,,distance,levenshtein,0.424915075302124,0.6363636363636364,1.0,0.7777777777777778,5,success,
72994,0,3,3,,distance,levenshtein,0.4424171447753906,0.875,1.0,0.9333333333333333,3,success,
6886,0,2,4,,distance,levenshtein,2.431226968765259,1.0,1.0,1.0,4,success,
58656,0,2,3,,distance,levenshtein,1.7243061065673828,0.7777777777777778,1.0,0.875,3,success,
89095,0,2,5,,distance,levenshtein,0.31781601905822754,0.7777777777777778,1.0,0.875,5,success,
70332,0,2,4,,distance,levenshtein,6.346363067626953,1.0,1.0,1.0,4,success,
8988,0,2,3,,distance,levenshtein,1.3604629039764404,0.875,1.0,0.9333333333333333,3,success,
32584,0,2,5,,distance,levenshtein,8.682690858840942,0.8571428571428571,0.8571428571428571,0.8571428571428571,5,success,
39161,0,3,5,,distance,levenshtein,0.4051530361175537,0.875,1.0,0.9333333333333333,5,success,
65447,0,2,8,,distance,levenshtein,0.6310880184173584,0.7777777777777778,1.0,0.875,8,success,
93884,0,2,6,,distance,levenshtein,0.3824172019958496,0.75,0.8571428571428571,0.8,6,success,
12153,0,3,5,,distance,levenshtein,0.6770210266113281,0.875,1.0,0.9333333333333333,5,success,
51338,0,3,5,,distance,levenshtein,0.6905930042266846,0.875,1.0,0.9333333333333333,5,success,
26253,0,2,8,,distance,levenshtein,0.639031171798706,0.875,1.0,0.9333333333333333,8,success,
97635,0,3,8,,distance,levenshtein,1.0469329357147217,1.0,1.0,1.0,8,success,
88322,0,2,7,,distance,levenshtein,1.2857639789581299,0.875,1.0,0.9333333333333333,7,success,
79820,0,2,9,,distance,levenshtein,1.038649082183838,1.0,1.0,1.0,9,success,
85303,0,2,8,,distance,levenshtein,0.7545759677886963,0.7777777777777778,1.0,0.875,8,success,
72994,0,3,4,,distance,levenshtein,0.5990538597106934,0.875,1.0,0.9333333333333333,4,success,
79121,0,2,10,,distance,levenshtein,1.1065518856048584,1.0,1.0,1.0,10,success,
51134,0,4,6,,distance,levenshtein,0.7837309837341309,0.6363636363636364,1.0,0.7777777777777778,6,success,
31055,0,2,9,,distance,levenshtein,1.177264928817749,0.7777777777777778,1.0,0.875,9,success,
56085,0,3,5,,distance,levenshtein,0.8852581977844238,0.875,1.0,0.9333333333333333,5,success,
79121,0,3,2,,distance,levenshtein,0.05597686767578125,1.0,1.0,1.0,2,success,
28998,0,1,9,,distance,levenshtein,12.30594515800476,1.0,1.0,1.0,9,success,
63198,0,2,5,,distance,levenshtein,3.8265998363494873,0.7777777777777778,1.0,0.875,5,success,
9178,0,2,7,,distance,levenshtein,4.127739906311035,0.7777777777777778,1.0,0.875,7,success,
79121,0,3,3,,distance,levenshtein,0.14359402656555176,1.0,1.0,1.0,3,success,
84787,0,3,8,,distance,levenshtein,2.5190110206604004,0.7777777777777778,1.0,0.875,8,success,
39161,0,3,6,,distance,levenshtein,0.8201439380645752,0.875,1.0,0.9333333333333333,6,success,
93884,0,2,7,,distance,levenshtein,0.5903558731079102,0.7777777777777778,1.0,0.875,7,success,
65447,0,2,9,,distance,levenshtein,0.6548399925231934,0.7777777777777778,1.0,0.875,9,success,
162,0,2,5,,distance,levenshtein,2.9845268726348877,0.7,1.0,0.8235294117647058,5,success,
32584,0,2,6,,distance,levenshtein,0.9512271881103516,0.875,1.0,0.9333333333333333,6,success,
70332,0,2,5,,distance,levenshtein,1.0984811782836914,1.0,1.0,1.0,5,success,
88322,0,2,8,,distance,levenshtein,0.6517789363861084,0.875,1.0,0.9333333333333333,8,success,
72994,0,3,5,,distance,levenshtein,0.7664279937744141,0.875,1.0,0.9333333333333333,5,success,
63198,0,2,6,,distance,levenshtein,0.3507699966430664,0.7777777777777778,1.0,0.875,6,success,
51134,0,4,7,,distance,levenshtein,0.9047298431396484,0.6363636363636364,1.0,0.7777777777777778,7,success,
70332,0,2,6,,distance,levenshtein,0.16962599754333496,1.0,1.0,1.0,6,success,
6886,0,2,5,,distance,levenshtein,1.7676630020141602,1.0,1.0,1.0,5,success,
162,0,2,6,,distance,levenshtein,0.3002610206604004,0.7,1.0,0.8235294117647058,6,success,
75385,0,2,4,,distance,levenshtein,13.541676044464111,0.875,1.0,0.9333333333333333,4,success,
89095,0,2,6,,distance,levenshtein,1.6092901229858398,0.7777777777777778,1.0,0.875,6,success,
39161,0,3,7,,distance,levenshtein,0.5862751007080078,0.875,1.0,0.9333333333333333,7,success,
26253,0,2,9,,distance,levenshtein,1.1501829624176025,0.875,1.0,0.9333333333333333,9,success,
93884,0,2,8,,distance,levenshtein,0.6692030429840088,0.7777777777777778,1.0,0.875,8,success,
32584,0,2,7,,distance,levenshtein,0.6156220436096191,0.875,1.0,0.9333333333333333,7,success,
9178,0,2,8,,distance,levenshtein,0.9432721138000488,0.7777777777777778,1.0,0.875,8,success,
12153,0,3,6,,distance,levenshtein,1.8409209251403809,0.875,1.0,0.9333333333333333,6,success,
63198,0,2,7,,distance,levenshtein,0.47025489807128906,0.7777777777777778,1.0,0.875,7,success,
88322,0,2,9,,distance,levenshtein,0.6484079360961914,0.875,1.0,0.9333333333333333,9,success,
31055,0,2,10,,distance,levenshtein,1.2773818969726562,0.7777777777777778,1.0,0.875,10,success,
75385,0,2,5,,distance,levenshtein,0.310344934463501,0.875,1.0,0.9333333333333333,5,success,
6886,0,2,6,,distance,levenshtein,0.37332797050476074,1.0,1.0,1.0,6,success,
65447,0,2,10,,distance,levenshtein,0.868196964263916,0.7777777777777778,1.0,0.875,10,success,
162,0,2,7,,distance,levenshtein,0.5217621326446533,0.7,1.0,0.8235294117647058,7,success,
31055,0,3,2,,distance,levenshtein,0.0454251766204834,0.7777777777777778,1.0,0.875,2,success,
65447,0,3,2,,distance,levenshtein,0.040808916091918945,0.7777777777777778,1.0,0.875,2,success,
70332,0,2,7,,distance,levenshtein,0.4130270481109619,1.0,1.0,1.0,7,success,
55151,0,2,10,,distance,levenshtein,7.716908931732178,1.0,0.8571428571428571,0.9230769230769231,10,success,
65447,0,3,3,,distance,levenshtein,0.08254098892211914,0.75,0.8571428571428571,0.8,3,success,
89095,0,2,7,,distance,levenshtein,0.6139299869537354,0.7777777777777778,1.0,0.875,7,success,
12153,0,3,7,,distance,levenshtein,0.38129496574401855,0.875,1.0,0.9333333333333333,7,success,
31055,0,3,3,,distance,levenshtein,0.17228484153747559,0.7777777777777778,1.0,0.875,3,success,
58656,0,2,4,,distance,levenshtein,2.8119559288024902,0.7777777777777778,1.0,0.875,4,success,
55151,0,3,2,,distance,levenshtein,0.061491966247558594,1.0,1.0,1.0,2,success,
65447,0,3,4,,distance,levenshtein,0.12879180908203125,0.7777777777777778,1.0,0.875,4,success,
55151,0,3,3,,distance,levenshtein,0.07989788055419922,1.0,1.0,1.0,3,success,
31055,0,3,4,,distance,levenshtein,0.16065287590026855,0.7777777777777778,1.0,0.875,4,success,
79121,0,3,4,,distance,levenshtein,2.0560219287872314,1.0,1.0,1.0,4,success,
63198,0,2,8,,distance,levenshtein,0.642099142074585,0.7777777777777778,1.0,0.875,8,success,
75385,0,2,6,,distance,levenshtein,0.5220699310302734,0.875,1.0,0.9333333333333333,6,success,
69007,0,2,10,,distance,levenshtein,3.4031081199645996,0.7777777777777778,1.0,0.875,10,success,
32584,0,2,8,,distance,levenshtein,0.6243319511413574,0.8571428571428571,0.8571428571428571,0.8571428571428571,8,success,
6886,0,2,7,,distance,levenshtein,0.6008329391479492,1.0,1.0,1.0,7,success,
69007,0,3,2,,distance,levenshtein,0.04220104217529297,0.7777777777777778,1.0,0.875,2,success,
65447,0,3,5,,distance,levenshtein,0.3287358283996582,0.7777777777777778,1.0,0.875,5,success,
58656,0,2,5,,distance,levenshtein,0.30949902534484863,0.7777777777777778,1.0,0.875,5,success,
12153,0,3,8,,distance,levenshtein,0.48585987091064453,0.875,1.0,0.9333333333333333,8,success,
31055,0,3,5,,distance,levenshtein,0.2875709533691406,0.7777777777777778,1.0,0.875,5,success,
162,0,2,8,,distance,levenshtein,0.67901611328125,0.7,1.0,0.8235294117647058,8,success,
114,0,2,10,,distance,levenshtein,4.267054080963135,1.0,1.0,1.0,10,success,
45,0,3,8,,distance,levenshtein,3.9101171493530273,1.0,1.0,1.0,8,success,
69007,0,3,3,,distance,levenshtein,0.13080501556396484,0.7777777777777778,1.0,0.875,3,success,
84787,0,3,9,,distance,levenshtein,2.430713176727295,0.7777777777777778,1.0,0.875,9,success,
55151,0,3,4,,distance,levenshtein,0.3789191246032715,1.0,1.0,1.0,4,success,
70332,0,2,8,,distance,levenshtein,0.7838621139526367,1.0,0.7142857142857143,0.8333333333333334,8,success,
114,0,3,2,,distance,levenshtein,0.04526495933532715,1.0,1.0,1.0,2,success,
9178,0,2,9,,distance,levenshtein,1.1729300022125244,0.7777777777777778,1.0,0.875,9,success,
69007,0,3,4,,distance,levenshtein,0.13205599784851074,0.7777777777777778,1.0,0.875,4,success,
79121,0,3,5,,distance,levenshtein,0.619042158126831,1.0,1.0,1.0,5,success,
88322,0,2,10,,distance,levenshtein,1.2521131038665771,0.875,1.0,0.9333333333333333,10,success,
33653,0,2,7,,distance,levenshtein,7.420816898345947,0.7777777777777778,1.0,0.875,7,success,
89095,0,2,8,,distance,levenshtein,0.8772509098052979,0.7777777777777778,1.0,0.875,8,success,
88322,0,3,2,,distance,levenshtein,0.07402205467224121,0.875,1.0,0.9333333333333333,2,success,
89149,0,2,6,,distance,levenshtein,6.321947813034058,1.0,1.0,1.0,6,success,
55151,0,3,5,,distance,levenshtein,0.41909003257751465,1.0,1.0,1.0,5,success,
58656,0,2,6,,distance,levenshtein,0.42000293731689453,0.7777777777777778,1.0,0.875,6,success,
93344,0,3,10,,distance,levenshtein,4.74245810508728,1.0,1.0,1.0,10,success,
88322,0,3,3,,distance,levenshtein,0.0837240219116211,0.875,1.0,0.9333333333333333,3,success,
9471,0,2,8,,distance,levenshtein,15.416883945465088,1.0,1.0,1.0,8,success,
114,0,3,3,,distance,levenshtein,0.6516520977020264,1.0,1.0,1.0,3,success,
6886,0,2,8,,distance,levenshtein,0.8533508777618408,1.0,1.0,1.0,8,success,
75385,0,2,7,,distance,levenshtein,0.8132479190826416,0.875,1.0,0.9333333333333333,7,success,
37843,0,2,8,,distance,levenshtein,4.974363088607788,0.8571428571428571,0.8571428571428571,0.8571428571428571,8,success,
85303,0,2,9,,distance,levenshtein,3.8584558963775635,0.7777777777777778,1.0,0.875,9,success,
93344,0,4,2,,distance,levenshtein,0.14096999168395996,1.0,1.0,1.0,2,success,
88322,0,3,4,,distance,levenshtein,0.14165592193603516,0.875,1.0,0.9333333333333333,4,success,
51134,0,4,8,,distance,levenshtein,2.8405511379241943,0.6363636363636364,1.0,0.7777777777777778,8,success,
69007,0,3,5,,distance,levenshtein,0.6960949897766113,0.7777777777777778,1.0,0.875,5,success,
65447,0,3,6,,distance,levenshtein,1.1334259510040283,0.7777777777777778,1.0,0.875,6,success,
12153,0,3,9,,distance,levenshtein,0.9638900756835938,0.875,1.0,0.9333333333333333,9,success,
9471,0,2,9,,distance,levenshtein,0.18385100364685059,1.0,1.0,1.0,9,success,
31055,0,3,6,,distance,levenshtein,1.2784769535064697,0.7777777777777778,1.0,0.875,6,success,
65447,0,3,7,,distance,levenshtein,0.07842206954956055,0.7777777777777778,1.0,0.875,7,success,
45,0,3,9,,distance,levenshtein,1.1038780212402344,1.0,1.0,1.0,9,success,
33653,0,2,8,,distance,levenshtein,0.753648042678833,0.7777777777777778,1.0,0.875,8,success,
79820,0,2,10,,distance,levenshtein,4.359721899032593,1.0,1.0,1.0,10,success,
11517,0,2,10,,distance,levenshtein,8.240149021148682,1.0,1.0,1.0,10,success,
88322,0,3,5,,distance,levenshtein,0.4538149833679199,0.875,1.0,0.9333333333333333,5,success,
58656,0,2,7,,distance,levenshtein,0.7291040420532227,0.7777777777777778,1.0,0.875,7,success,
114,0,3,4,,distance,levenshtein,0.6505968570709229,1.0,1.0,1.0,4,success,
69007,0,3,6,,distance,levenshtein,0.42807698249816895,0.7777777777777778,1.0,0.875,6,success,
89149,0,2,7,,distance,levenshtein,0.7316389083862305,1.0,1.0,1.0,7,success,
79820,0,3,2,,distance,levenshtein,0.04619598388671875,1.0,1.0,1.0,2,success,
32584,0,2,9,,distance,levenshtein,1.8179020881652832,0.875,1.0,0.9333333333333333,9,success,
11517,0,3,2,,distance,levenshtein,0.06374502182006836,1.0,1.0,1.0,2,success,
70332,0,2,9,,distance,levenshtein,1.1813390254974365,1.0,1.0,1.0,9,success,
63198,0,2,9,,distance,levenshtein,2.0053138732910156,0.7777777777777778,1.0,0.875,9,success,
79820,0,3,3,,distance,levenshtein,0.1395268440246582,1.0,1.0,1.0,3,success,
12153,0,3,10,,distance,levenshtein,0.259552001953125,0.875,1.0,0.9333333333333333,10,success,
11517,0,3,3,,distance,levenshtein,0.16233015060424805,1.0,1.0,1.0,3,success,
93344,0,4,3,,distance,levenshtein,0.9414949417114258,1.0,1.0,1.0,3,success,
12153,0,4,2,,distance,levenshtein,0.0634469985961914,0.875,1.0,0.9333333333333333,2,success,
9178,0,2,10,,distance,levenshtein,1.432729959487915,0.7777777777777778,1.0,0.875,10,success,
89095,0,2,9,,distance,levenshtein,1.3423080444335938,0.7777777777777778,1.0,0.875,9,success,
79820,0,3,4,,distance,levenshtein,0.184920072555542,1.0,1.0,1.0,4,success,
6886,0,2,9,,distance,levenshtein,0.973848819732666,1.0,1.0,1.0,9,success,
75385,0,2,8,,distance,levenshtein,0.9942460060119629,0.875,1.0,0.9333333333333333,8,success,
9178,0,3,2,,distance,levenshtein,0.05364418029785156,0.7777777777777778,1.0,0.875,2,success,
12153,0,4,3,,distance,levenshtein,0.09774613380432129,0.875,1.0,0.9333333333333333,3,success,
9471,0,2,10,,distance,levenshtein,0.618772029876709,1.0,1.0,1.0,10,success,
7239,0,2,10,,distance,levenshtein,8.99036717414856,0.7777777777777778,1.0,0.875,10,success,
55151,0,3,6,,distance,levenshtein,1.7103848457336426,1.0,1.0,1.0,6,success,
69007,0,3,7,,distance,levenshtein,0.542119026184082,0.7777777777777778,1.0,0.875,7,success,
85303,0,2,10,,distance,levenshtein,1.0974209308624268,0.7777777777777778,1.0,0.875,10,success,
11517,0,3,4,,distance,levenshtein,0.2863471508026123,1.0,1.0,1.0,4,success,
79121,0,3,6,,distance,levenshtein,1.9617609977722168,1.0,1.0,1.0,6,success,
9471,0,3,2,,distance,levenshtein,0.07333207130432129,1.0,1.0,1.0,2,success,
9178,0,3,3,,distance,levenshtein,0.11075091361999512,0.7777777777777778,1.0,0.875,3,success,
7239,0,3,2,,distance,levenshtein,0.06312894821166992,0.7777777777777778,1.0,0.875,2,success,
85303,0,3,2,,distance,levenshtein,0.06962084770202637,0.7777777777777778,1.0,0.875,2,success,
32584,0,2,10,,distance,levenshtein,0.5841169357299805,0.875,1.0,0.9333333333333333,10,success,
12153,0,4,4,,distance,levenshtein,0.2406620979309082,0.875,1.0,0.9333333333333333,4,success,
32584,0,3,2,,distance,levenshtein,0.05412912368774414,0.875,1.0,0.9333333333333333,2,success,
7239,0,3,3,,distance,levenshtein,0.13190102577209473,0.7777777777777778,1.0,0.875,3,success,
79820,0,3,5,,distance,levenshtein,0.4549229145050049,1.0,1.0,1.0,5,success,
9178,0,3,4,,distance,levenshtein,0.16976714134216309,0.7777777777777778,1.0,0.875,4,success,
88322,0,3,6,,distance,levenshtein,1.1491320133209229,0.875,1.0,0.9333333333333333,6,success,
58656,0,2,8,,distance,levenshtein,0.9546079635620117,0.75,0.8571428571428571,0.8,8,success,
9471,0,3,3,,distance,levenshtein,0.42998194694519043,1.0,1.0,1.0,3,success,
32584,0,3,3,,distance,levenshtein,0.17708396911621094,0.875,1.0,0.9333333333333333,3,success,
7239,0,3,4,,distance,levenshtein,0.21157598495483398,0.7777777777777778,1.0,0.875,4,success,
89149,0,2,8,,distance,levenshtein,1.0410420894622803,1.0,1.0,1.0,8,success,
85303,0,3,3,,distance,levenshtein,0.4549567699432373,0.7777777777777778,1.0,0.875,3,success,
114,0,3,5,,distance,levenshtein,1.5142290592193604,1.0,1.0,1.0,5,success,
79820,0,3,6,,distance,levenshtein,0.3137838840484619,1.0,1.0,1.0,6,success,
79121,0,3,7,,distance,levenshtein,0.5819737911224365,1.0,1.0,1.0,7,success,
69007,0,3,8,,distance,levenshtein,0.8351600170135498,0.7777777777777778,1.0,0.875,8,success,
9471,0,3,4,,distance,levenshtein,0.26117897033691406,1.0,1.0,1.0,4,success,
9178,0,3,5,,distance,levenshtein,0.46282505989074707,0.7777777777777778,1.0,0.875,5,success,
11517,0,3,5,,distance,levenshtein,0.9155600070953369,1.0,1.0,1.0,5,success,
51338,0,3,6,,distance,levenshtein,7.020478963851929,0.875,1.0,0.9333333333333333,6,success,
32584,0,3,4,,distance,levenshtein,0.4125349521636963,0.875,1.0,0.9333333333333333,4,success,
85303,0,3,4,,distance,levenshtein,0.2606480121612549,0.7777777777777778,1.0,0.875,4,success,
12153,0,4,5,,distance,levenshtein,0.8988039493560791,0.8571428571428571,0.8571428571428571,0.8571428571428571,5,success,
7239,0,3,5,,distance,levenshtein,0.5612308979034424,0.7777777777777778,1.0,0.875,5,success,
88322,0,3,7,,distance,levenshtein,0.7803750038146973,0.875,1.0,0.9333333333333333,7,success,
84787,0,3,10,,distance,levenshtein,3.8346450328826904,0.7777777777777778,1.0,0.875,10,success,
89095,0,2,10,,distance,levenshtein,1.2881429195404053,0.7777777777777778,1.0,0.875,10,success,
65447,0,3,8,,distance,levenshtein,2.551478862762451,0.7777777777777778,1.0,0.875,8,success,
6886,0,2,10,,distance,levenshtein,1.2624001502990723,1.0,1.0,1.0,10,success,
84787,0,4,2,,distance,levenshtein,0.0683131217956543,0.7777777777777778,1.0,0.875,2,success,
6886,0,3,2,,distance,levenshtein,0.04499697685241699,1.0,1.0,1.0,2,success,
89095,0,3,2,,distance,levenshtein,0.08283305168151855,0.7777777777777778,1.0,0.875,2,success,
98846,0,2,5,,distance,levenshtein,19.846406936645508,0.7777777777777778,1.0,0.875,5,success,
9178,0,3,6,,distance,levenshtein,0.6461520195007324,0.7777777777777778,1.0,0.875,6,success,
75385,0,2,9,,distance,levenshtein,1.5583350658416748,0.875,1.0,0.9333333333333333,9,success,
79121,0,3,8,,distance,levenshtein,0.6917397975921631,1.0,1.0,1.0,8,success,
6886,0,3,3,,distance,levenshtein,0.11988210678100586,1.0,1.0,1.0,3,success,
84787,0,4,3,,distance,levenshtein,0.12221407890319824,0.7777777777777778,1.0,0.875,3,success,
72994,0,3,6,,distance,levenshtein,6.719681978225708,0.875,1.0,0.9333333333333333,6,success,
85303,0,3,5,,distance,levenshtein,0.6923990249633789,0.7777777777777778,1.0,0.875,5,success,
12153,0,4,6,,distance,levenshtein,0.5321590900421143,0.875,1.0,0.9333333333333333,6,success,
89095,0,3,3,,distance,levenshtein,0.13495087623596191,0.7777777777777778,1.0,0.875,3,success,
58656,0,2,9,,distance,levenshtein,1.0717978477478027,0.7777777777777778,1.0,0.875,9,success,
9471,0,3,5,,distance,levenshtein,1.0480329990386963,1.0,1.0,1.0,5,success,
9178,0,3,7,,distance,levenshtein,0.12030291557312012,0.7777777777777778,1.0,0.875,7,success,
69007,0,3,9,,distance,levenshtein,1.0307369232177734,0.7777777777777778,1.0,0.875,9,success,
6886,0,3,4,,distance,levenshtein,0.17830991744995117,1.0,1.0,1.0,4,success,
51338,0,3,7,,distance,levenshtein,0.9299068450927734,0.875,1.0,0.9333333333333333,7,success,
11517,0,3,6,,distance,levenshtein,1.028087854385376,1.0,1.0,1.0,6,success,
8988,0,2,4,,distance,levenshtein,8.415233850479126,0.875,1.0,0.9333333333333333,4,success,
32584,0,3,5,,distance,levenshtein,1.0724408626556396,0.875,1.0,0.9333333333333333,5,success,
79820,0,3,7,,distance,levenshtein,1.4897210597991943,1.0,1.0,1.0,7,success,
98846,0,2,6,,distance,levenshtein,0.3796260356903076,0.7777777777777778,1.0,0.875,6,success,
11298,0,3,7,,distance,levenshtein,11.078730821609497,0.875,1.0,0.9333333333333333,7,success,
89095,0,3,4,,distance,levenshtein,0.2660079002380371,0.7777777777777778,1.0,0.875,4,success,
84787,0,4,4,,distance,levenshtein,0.39079999923706055,0.7777777777777778,1.0,0.875,4,success,
7239,0,3,6,,distance,levenshtein,1.0182979106903076,0.7777777777777778,1.0,0.875,6,success,
79121,0,3,9,,distance,levenshtein,0.26302194595336914,1.0,1.0,1.0,9,success,
89149,0,2,9,,distance,levenshtein,1.3967421054840088,1.0,1.0,1.0,9,success,
6886,0,3,5,,distance,levenshtein,0.25397205352783203,1.0,1.0,1.0,5,success,
12153,0,4,7,,distance,levenshtein,0.5173959732055664,0.875,1.0,0.9333333333333333,7,success,
7239,0,3,7,,distance,levenshtein,0.08815717697143555,0.7777777777777778,1.0,0.875,7,success,
36624,0,2,4,,distance,levenshtein,14.485776901245117,0.7777777777777778,1.0,0.875,4,success,
58283,0,2,10,,distance,levenshtein,10.252712965011597,0.875,1.0,0.9333333333333333,10,success,
69007,0,3,10,,distance,levenshtein,0.4641249179840088,0.7777777777777778,1.0,0.875,10,success,
45,0,3,10,,distance,levenshtein,3.883847951889038,1.0,1.0,1.0,10,success,
58283,0,3,2,,distance,levenshtein,0.05059003829956055,0.875,1.0,0.9333333333333333,2,success,
51338,0,3,8,,distance,levenshtein,0.4845550060272217,0.875,1.0,0.9333333333333333,8,success,
69007,0,4,2,,distance,levenshtein,0.10364294052124023,0.7777777777777778,1.0,0.875,2,success,
162,0,2,9,,distance,levenshtein,5.432654857635498,0.7,1.0,0.8235294117647058,9,success,
45,0,4,2,,distance,levenshtein,0.08699893951416016,1.0,1.0,1.0,2,success,
36624,0,2,5,,distance,levenshtein,0.25316309928894043,0.6666666666666666,0.5714285714285714,0.6153846153846154,5,success,
72994,0,3,7,,distance,levenshtein,1.0376179218292236,0.875,1.0,0.9333333333333333,7,success,
39871,0,3,7,,distance,levenshtein,12.523550033569336,1.0,1.0,1.0,7,success,
11517,0,3,7,,distance,levenshtein,0.7861549854278564,1.0,1.0,1.0,7,success,
58283,0,3,3,,distance,levenshtein,0.15311598777770996,0.875,1.0,0.9333333333333333,3,success,
31055,0,3,7,,distance,levenshtein,4.38673210144043,0.7777777777777778,1.0,0.875,7,success,
8988,0,2,5,,distance,levenshtein,0.8241448402404785,0.875,1.0,0.9333333333333333,5,success,
93344,0,4,4,,distance,levenshtein,3.6338179111480713,1.0,1.0,1.0,4,success,
98846,0,2,7,,distance,levenshtein,0.5052969455718994,0.7777777777777778,1.0,0.875,7,success,
45,0,4,3,,distance,levenshtein,0.1525590419769287,1.0,1.0,1.0,3,success,
89095,0,3,5,,distance,levenshtein,0.8570480346679688,0.7777777777777778,1.0,0.875,5,success,
84787,0,4,5,,distance,levenshtein,0.9007468223571777,0.7142857142857143,0.7142857142857143,0.7142857142857143,5,success,
69007,0,4,3,,distance,levenshtein,0.3254377841949463,0.7777777777777778,1.0,0.875,3,success,
58283,0,3,4,,distance,levenshtein,0.2408890724182129,0.875,1.0,0.9333333333333333,4,success,
58656,0,2,10,,distance,levenshtein,1.1763761043548584,0.7777777777777778,1.0,0.875,10,success,
85303,0,3,6,,distance,levenshtein,1.5934391021728516,0.7777777777777778,1.0,0.875,6,success,
51338,0,3,9,,distance,levenshtein,0.4981069564819336,0.875,1.0,0.9333333333333333,9,success,
79121,0,3,10,,distance,levenshtein,0.7841169834136963,1.0,1.0,1.0,10,success,
58656,0,3,2,,distance,levenshtein,0.0401911735534668,0.7777777777777778,1.0,0.875,2,success,
45,0,4,4,,distance,levenshtein,0.268726110458374,1.0,1.0,1.0,4,success,
36624,0,2,6,,distance,levenshtein,0.5736489295959473,0.7777777777777778,1.0,0.875,6,success,
58656,0,3,3,,distance,levenshtein,0.08461594581604004,0.7777777777777778,1.0,0.875,3,success,
8988,0,2,6,,distance,levenshtein,0.3659360408782959,0.875,1.0,0.9333333333333333,6,success,
6886,0,3,6,,distance,levenshtein,1.3315250873565674,1.0,1.0,1.0,6,success,
72994,0,3,8,,distance,levenshtein,0.5015759468078613,0.875,1.0,0.9333333333333333,8,success,
79121,0,4,2,,distance,levenshtein,0.13074684143066406,1.0,1.0,1.0,2,success,
75385,0,2,10,,distance,levenshtein,1.6631810665130615,0.875,1.0,0.9333333333333333,10,success,
65447,0,3,9,,distance,levenshtein,2.428800106048584,0.7777777777777778,1.0,0.875,9,success,
88322,0,3,8,,distance,levenshtein,2.6678338050842285,0.875,1.0,0.9333333333333333,8,success,
162,0,2,10,,distance,levenshtein,0.7026190757751465,0.7,1.0,0.8235294117647058,10,success,
11517,0,3,8,,distance,levenshtein,0.6149029731750488,1.0,1.0,1.0,8,success,
75385,0,3,2,,distance,levenshtein,0.05008506774902344,0.875,1.0,0.9333333333333333,2,success,
58656,0,3,4,,distance,levenshtein,0.19229698181152344,0.7777777777777778,1.0,0.875,4,success,
84787,0,4,6,,distance,levenshtein,0.6202619075775146,0.7777777777777778,1.0,0.875,6,success,
162,0,3,2,,distance,levenshtein,0.060075998306274414,0.7,1.0,0.8235294117647058,2,success,
98846,0,2,8,,distance,levenshtein,0.6666581630706787,0.7777777777777778,1.0,0.875,8,success,
88322,0,3,9,,distance,levenshtein,0.11671781539916992,0.875,1.0,0.9333333333333333,9,success,
26253,0,2,10,,distance,levenshtein,8.424915075302124,0.875,1.0,0.9333333333333333,10,success,
85303,0,3,7,,distance,levenshtein,0.6602621078491211,0.7777777777777778,1.0,0.875,7,success,
162,0,3,3,,distance,levenshtein,0.1667160987854004,0.7,1.0,0.8235294117647058,3,success,
79121,0,4,3,,distance,levenshtein,0.3957350254058838,1.0,1.0,1.0,3,success,
75385,0,3,3,,distance,levenshtein,0.11249399185180664,0.875,1.0,0.9333333333333333,3,success,
45,0,4,5,,distance,levenshtein,0.6940019130706787,1.0,1.0,1.0,5,success,
26253,0,3,2,,distance,levenshtein,0.05548405647277832,0.875,1.0,0.9333333333333333,2,success,
51338,0,3,10,,distance,levenshtein,0.648777961730957,0.875,1.0,0.9333333333333333,10,success,
9471,0,3,6,,distance,levenshtein,2.5092999935150146,1.0,1.0,1.0,6,success,
9178,0,3,8,,distance,levenshtein,2.4939639568328857,0.7777777777777778,1.0,0.875,8,success,
58283,0,3,5,,distance,levenshtein,1.0747990608215332,0.875,1.0,0.9333333333333333,5,success,
58656,0,3,5,,distance,levenshtein,0.4904160499572754,0.7777777777777778,1.0,0.875,5,success,
51338,0,4,2,,distance,levenshtein,0.08557391166687012,0.875,1.0,0.9333333333333333,2,success,
162,0,3,4,,distance,levenshtein,0.2695200443267822,0.7,1.0,0.8235294117647058,4,success,
72994,0,3,9,,distance,levenshtein,0.6717379093170166,0.875,1.0,0.9333333333333333,9,success,
26253,0,3,3,,distance,levenshtein,0.1917119026184082,0.875,1.0,0.9333333333333333,3,success,
8988,0,2,7,,distance,levenshtein,0.6183490753173828,0.875,1.0,0.9333333333333333,7,success,
51338,0,4,3,,distance,levenshtein,0.21175694465637207,0.875,1.0,0.9333333333333333,3,success,
93884,0,2,9,,distance,levenshtein,9.134724140167236,0.75,0.8571428571428571,0.8,9,success,
37843,0,2,9,,distance,levenshtein,6.632644891738892,0.8571428571428571,0.8571428571428571,0.8571428571428571,9,success,
36624,0,2,7,,distance,levenshtein,0.9011321067810059,0.7777777777777778,1.0,0.875,7,success,
58656,0,3,6,,distance,levenshtein,0.235152006149292,0.7777777777777778,1.0,0.875,6,success,
85303,0,3,8,,distance,levenshtein,0.46019983291625977,0.7777777777777778,1.0,0.875,8,success,
12153,0,4,8,,distance,levenshtein,2.3872060775756836,0.875,1.0,0.9333333333333333,8,success,
75385,0,3,4,,distance,levenshtein,0.5727481842041016,0.875,1.0,0.9333333333333333,4,success,
11517,0,3,9,,distance,levenshtein,0.7931199073791504,1.0,1.0,1.0,9,success,
162,0,3,5,,distance,levenshtein,0.2743489742279053,0.7,1.0,0.8235294117647058,5,success,
39161,0,3,8,,distance,levenshtein,9.788780927658081,0.875,1.0,0.9333333333333333,8,success,
26253,0,3,4,,distance,levenshtein,0.3820381164550781,0.875,1.0,0.9333333333333333,4,success,
6886,0,3,7,,distance,levenshtein,1.443655014038086,1.0,1.0,1.0,7,success,
9471,0,3,7,,distance,levenshtein,0.7028200626373291,1.0,1.0,1.0,7,success,
51338,0,4,4,,distance,levenshtein,0.4824190139770508,0.875,1.0,0.9333333333333333,4,success,
79121,0,4,4,,distance,levenshtein,1.0916059017181396,1.0,1.0,1.0,4,success,
72994,0,3,10,,distance,levenshtein,0.5475258827209473,0.875,1.0,0.9333333333333333,10,success,
8938,0,2,5,,distance,levenshtein,18.737010955810547,0.875,1.0,0.9333333333333333,5,success,
162,0,3,6,,distance,levenshtein,0.3658630847930908,0.7,1.0,0.8235294117647058,6,success,
39161,0,3,9,,distance,levenshtein,0.17134690284729004,0.875,1.0,0.9333333333333333,9,success,
85303,0,3,9,,distance,levenshtein,0.45856809616088867,0.7777777777777778,1.0,0.875,9,success,
75385,0,3,5,,distance,levenshtein,0.5280570983886719,0.875,1.0,0.9333333333333333,5,success,
39871,0,3,8,,distance,levenshtein,2.5552330017089844,1.0,1.0,1.0,8,success,
72994,0,4,2,,distance,levenshtein,0.08900809288024902,0.875,1.0,0.9333333333333333,2,success,
26253,0,3,5,,distance,levenshtein,0.5505461692810059,0.875,1.0,0.9333333333333333,5,success,
9471,0,3,8,,distance,levenshtein,0.43354201316833496,1.0,1.0,1.0,8,success,
9178,0,3,9,,distance,levenshtein,1.3222079277038574,0.7777777777777778,1.0,0.875,9,success,
72994,0,4,3,,distance,levenshtein,0.20465588569641113,0.875,1.0,0.9333333333333333,3,success,
8938,0,2,6,,distance,levenshtein,0.27433300018310547,0.875,1.0,0.9333333333333333,6,success,
37843,0,2,10,,distance,levenshtein,0.8022420406341553,0.875,1.0,0.9333333333333333,10,success,
8988,0,2,8,,distance,levenshtein,0.9977881908416748,0.875,1.0,0.9333333333333333,8,success,
93344,0,4,5,,distance,levenshtein,3.1317529678344727,1.0,1.0,1.0,5,success,
37843,0,3,2,,distance,levenshtein,0.08567190170288086,0.875,1.0,0.9333333333333333,2,success,
11517,0,3,10,,distance,levenshtein,0.8956489562988281,1.0,1.0,1.0,10,success,
69007,0,4,4,,distance,levenshtein,3.2065329551696777,0.7777777777777778,1.0,0.875,4,success,
162,0,3,7,,distance,levenshtein,0.8390219211578369,0.7,1.0,0.8235294117647058,7,success,
11517,0,4,2,,distance,levenshtein,0.13250017166137695,1.0,1.0,1.0,2,success,
37843,0,3,3,,distance,levenshtein,0.19626092910766602,0.875,1.0,0.9333333333333333,3,success,
85303,0,3,10,,distance,levenshtein,0.7312071323394775,0.7777777777777778,1.0,0.875,10,success,
58283,0,3,6,,distance,levenshtein,2.075066089630127,0.875,1.0,0.9333333333333333,6,success,
93884,0,2,10,,distance,levenshtein,1.3460850715637207,0.75,0.8571428571428571,0.8,10,success,
72994,0,4,4,,distance,levenshtein,0.6352660655975342,0.875,1.0,0.9333333333333333,4,success,
93884,0,3,2,,distance,levenshtein,0.053436994552612305,0.7777777777777778,1.0,0.875,2,success,
9471,0,3,9,,distance,levenshtein,0.6514420509338379,1.0,1.0,1.0,9,success,
51338,0,4,5,,distance,levenshtein,1.348613977432251,0.875,1.0,0.9333333333333333,5,success,
93344,0,4,6,,distance,levenshtein,0.42960619926452637,1.0,1.0,1.0,6,success,
85303,0,4,2,,distance,levenshtein,0.13550806045532227,0.7777777777777778,1.0,0.875,2,success,
11517,0,4,3,,distance,levenshtein,0.2690591812133789,1.0,1.0,1.0,3,success,
36624,0,2,8,,distance,levenshtein,1.710763931274414,0.7777777777777778,1.0,0.875,8,success,
56085,0,3,6,,distance,levenshtein,13.048885107040405,0.875,1.0,0.9333333333333333,6,success,
37843,0,3,4,,distance,levenshtein,0.29946208000183105,0.875,1.0,0.9333333333333333,4,success,
93884,0,3,3,,distance,levenshtein,0.16713905334472656,0.7777777777777778,1.0,0.875,3,success,
98846,0,2,9,,distance,levenshtein,2.9820120334625244,0.7777777777777778,1.0,0.875,9,success,
88322,0,3,10,,distance,levenshtein,3.2290170192718506,0.875,1.0,0.9333333333333333,10,success,
9471,0,3,10,,distance,levenshtein,0.1862039566040039,1.0,1.0,1.0,10,success,
93884,0,3,4,,distance,levenshtein,0.19516706466674805,0.7777777777777778,1.0,0.875,4,success,
88322,0,4,2,,distance,levenshtein,0.05149197578430176,0.875,1.0,0.9333333333333333,2,success,
9471,0,4,2,,distance,levenshtein,0.048623085021972656,1.0,1.0,1.0,2,success,
65447,0,3,10,,distance,levenshtein,3.7590699195861816,0.7777777777777778,1.0,0.875,10,success,
63198,0,2,10,,distance,levenshtein,8.547665119171143,0.7777777777777778,1.0,0.875,10,success,
8938,0,2,7,,distance,levenshtein,1.3369481563568115,0.875,1.0,0.9333333333333333,7,success,
8988,0,2,9,,distance,levenshtein,1.1208288669586182,0.875,1.0,0.9333333333333333,9,success,
88322,0,4,3,,distance,levenshtein,0.10340619087219238,0.875,1.0,0.9333333333333333,3,success,
85303,0,4,3,,distance,levenshtein,0.6135470867156982,0.7777777777777778,1.0,0.875,3,success,
11517,0,4,4,,distance,levenshtein,0.6926629543304443,1.0,1.0,1.0,4,success,
65447,0,4,2,,distance,levenshtein,0.10248613357543945,0.7777777777777778,1.0,0.875,2,success,
37843,0,3,5,,distance,levenshtein,0.6784908771514893,0.8571428571428571,0.8571428571428571,0.8571428571428571,5,success,
63198,0,3,2,,distance,levenshtein,0.08963704109191895,0.7777777777777778,1.0,0.875,2,success,
9471,0,4,3,,distance,levenshtein,0.2580888271331787,1.0,1.0,1.0,3,success,
93344,0,4,7,,distance,levenshtein,0.6346018314361572,1.0,1.0,1.0,7,success,
72994,0,4,5,,distance,levenshtein,1.1564478874206543,0.875,1.0,0.9333333333333333,5,success,
26253,0,3,6,,distance,levenshtein,2.0727078914642334,0.875,1.0,0.9333333333333333,6,success,
59934,0,1,9,,distance,levenshtein,19.058123111724854,0.875,1.0,0.9333333333333333,9,success,
93884,0,3,5,,distance,levenshtein,0.4617650508880615,0.7777777777777778,1.0,0.875,5,success,
9471,0,4,4,,distance,levenshtein,0.16554999351501465,1.0,1.0,1.0,4,success,
88322,0,4,4,,distance,levenshtein,0.5039000511169434,0.875,1.0,0.9333333333333333,4,success,
51338,0,4,6,,distance,levenshtein,1.3921890258789062,0.875,1.0,0.9333333333333333,6,success,
63198,0,3,3,,distance,levenshtein,0.45714712142944336,0.7777777777777778,1.0,0.875,3,success,
58283,0,3,7,,distance,levenshtein,1.6596450805664062,0.875,1.0,0.9333333333333333,7,success,
58656,0,3,7,,distance,levenshtein,3.7152130603790283,0.7777777777777778,1.0,0.875,7,success,
75385,0,3,6,,distance,levenshtein,2.892397880554199,0.875,1.0,0.9333333333333333,6,success,
56085,0,3,7,,distance,levenshtein,1.4358720779418945,0.875,1.0,0.9333333333333333,7,success,
65447,0,4,3,,distance,levenshtein,0.7479989528656006,0.7777777777777778,1.0,0.875,3,success,
3075,0,1,8,,distance,levenshtein,28.05058217048645,0.7,1.0,0.8235294117647058,8,success,
9471,0,4,5,,distance,levenshtein,0.40651679039001465,1.0,1.0,1.0,5,success,
8938,0,2,8,,distance,levenshtein,0.6900839805603027,0.875,1.0,0.9333333333333333,8,success,
58656,0,3,8,,distance,levenshtein,0.09464716911315918,0.7777777777777778,1.0,0.875,8,success,
70332,0,2,10,,distance,levenshtein,10.118085861206055,1.0,0.7142857142857143,0.8333333333333334,10,success,
93344,0,4,8,,distance,levenshtein,0.914478063583374,1.0,1.0,1.0,8,success,
70332,0,3,2,,distance,levenshtein,0.05271792411804199,1.0,1.0,1.0,2,success,
69007,0,4,5,,distance,levenshtein,2.9080450534820557,0.7777777777777778,1.0,0.875,5,success,
3075,0,1,9,,distance,levenshtein,0.5053598880767822,0.7,1.0,0.8235294117647058,9,success,
87228,0,2,5,,distance,levenshtein,26.507195949554443,0.7777777777777778,1.0,0.875,5,success,
70332,0,3,3,,distance,levenshtein,0.07670998573303223,1.0,1.0,1.0,3,success,
11517,0,4,5,,distance,levenshtein,1.503079891204834,1.0,1.0,1.0,5,success,
56085,0,3,8,,distance,levenshtein,0.6373989582061768,0.875,1.0,0.9333333333333333,8,success,
39161,0,3,10,,distance,levenshtein,3.8004400730133057,0.875,1.0,0.9333333333333333,10,success,
88322,0,4,5,,distance,levenshtein,1.113952875137329,0.75,0.42857142857142855,0.5454545454545454,5,success,
33653,0,2,9,,distance,levenshtein,11.02310585975647,0.7777777777777778,1.0,0.875,9,success,
9471,0,4,6,,distance,levenshtein,0.7534840106964111,1.0,1.0,1.0,6,success,
58283,0,3,8,,distance,levenshtein,0.8555781841278076,0.875,1.0,0.9333333333333333,8,success,
85303,0,4,4,,distance,levenshtein,1.7120399475097656,0.7777777777777778,1.0,0.875,4,success,
70332,0,3,4,,distance,levenshtein,0.22034907341003418,1.0,1.0,1.0,4,success,
84787,0,4,7,,distance,levenshtein,5.8995521068573,0.7777777777777778,1.0,0.875,7,success,
39161,0,4,2,,distance,levenshtein,0.10804200172424316,0.875,1.0,0.9333333333333333,2,success,
79121,0,4,5,,distance,levenshtein,4.19106388092041,1.0,1.0,1.0,5,success,
65447,0,4,4,,distance,levenshtein,1.131356954574585,0.7777777777777778,1.0,0.875,4,success,
69007,0,4,6,,distance,levenshtein,0.37207603454589844,0.7777777777777778,1.0,0.875,6,success,
11298,0,3,8,,distance,levenshtein,8.058304071426392,0.875,1.0,0.9333333333333333,8,success,
56085,0,3,9,,distance,levenshtein,0.22049808502197266,0.875,1.0,0.9333333333333333,9,success,
8938,0,2,9,,distance,levenshtein,0.917349100112915,0.875,1.0,0.9333333333333333,9,success,
98846,0,2,10,,distance,levenshtein,2.3745980262756348,0.75,0.8571428571428571,0.8,10,success,
93884,0,3,6,,distance,levenshtein,1.8640999794006348,0.7777777777777778,1.0,0.875,6,success,
39161,0,4,3,,distance,levenshtein,0.2869729995727539,0.8571428571428571,0.8571428571428571,0.8571428571428571,3,success,
70332,0,3,5,,distance,levenshtein,0.3445568084716797,1.0,1.0,1.0,5,success,
98846,0,3,2,,distance,levenshtein,0.054260969161987305,0.7777777777777778,1.0,0.875,2,success,
3075,0,1,10,,distance,levenshtein,0.6408958435058594,0.7,1.0,0.8235294117647058,10,success,
9178,0,3,10,,distance,levenshtein,4.367164134979248,0.7777777777777778,1.0,0.875,10,success,
98846,0,3,3,,distance,levenshtein,0.11006999015808105,0.7777777777777778,1.0,0.875,3,success,
3075,0,2,2,,distance,levenshtein,0.10783910751342773,0.7,1.0,0.8235294117647058,2,success,
79121,0,4,6,,distance,levenshtein,0.4372220039367676,1.0,1.0,1.0,6,success,
56085,0,3,10,,distance,levenshtein,0.23699307441711426,0.875,1.0,0.9333333333333333,10,success,
9178,0,4,2,,distance,levenshtein,0.10204720497131348,0.7777777777777778,1.0,0.875,2,success,
45,0,4,6,,distance,levenshtein,6.596779823303223,1.0,1.0,1.0,6,success,
98846,0,3,4,,distance,levenshtein,0.17502307891845703,0.7777777777777778,1.0,0.875,4,success,
70332,0,3,6,,distance,levenshtein,0.5094740390777588,1.0,1.0,1.0,6,success,
56085,0,4,2,,distance,levenshtein,0.09007120132446289,0.875,1.0,0.9333333333333333,2,success,
26253,0,3,7,,distance,levenshtein,2.7785959243774414,0.875,1.0,0.9333333333333333,7,success,
9178,0,4,3,,distance,levenshtein,0.29438090324401855,0.7777777777777778,1.0,0.875,3,success,
39161,0,4,4,,distance,levenshtein,0.8910739421844482,0.875,1.0,0.9333333333333333,4,success,
56085,0,4,3,,distance,levenshtein,0.20674920082092285,0.875,1.0,0.9333333333333333,3,success,
63198,0,3,4,,distance,levenshtein,2.7654740810394287,0.7777777777777778,1.0,0.875,4,success,
15852,0,2,4,,distance,levenshtein,26.343173027038574,0.875,1.0,0.9333333333333333,4,success,
98846,0,3,5,,distance,levenshtein,0.45757508277893066,0.7777777777777778,1.0,0.875,5,success,
84787,0,4,8,,distance,levenshtein,1.5937080383300781,0.7777777777777778,1.0,0.875,8,success,
8938,0,2,10,,distance,levenshtein,1.0862691402435303,0.875,1.0,0.9333333333333333,10,success,
9471,0,4,7,,distance,levenshtein,1.812973976135254,1.0,1.0,1.0,7,success,
3075,0,2,3,,distance,levenshtein,1.0561280250549316,0.7,1.0,0.8235294117647058,3,success,
79820,0,3,8,,distance,levenshtein,9.932388067245483,1.0,1.0,1.0,8,success,
88322,0,4,6,,distance,levenshtein,2.1569089889526367,0.875,1.0,0.9333333333333333,6,success,
8938,0,3,2,,distance,levenshtein,0.11672282218933105,0.875,1.0,0.9333333333333333,2,success,
114,0,3,6,,distance,levenshtein,11.778062105178833,1.0,1.0,1.0,6,success,
85303,0,4,5,,distance,levenshtein,2.189732074737549,0.7777777777777778,1.0,0.875,5,success,
69007,0,4,7,,distance,levenshtein,1.8578979969024658,0.7777777777777778,1.0,0.875,7,success,
56085,0,4,4,,distance,levenshtein,0.6689021587371826,0.875,1.0,0.9333333333333333,4,success,
70332,0,3,7,,distance,levenshtein,0.9704320430755615,1.0,1.0,1.0,7,success,
93884,0,3,7,,distance,levenshtein,1.9056799411773682,0.7777777777777778,1.0,0.875,7,success,
9178,0,4,4,,distance,levenshtein,1.0012710094451904,0.7777777777777778,1.0,0.875,4,success,
8938,0,3,3,,distance,levenshtein,0.27773308753967285,0.875,1.0,0.9333333333333333,3,success,
97635,0,3,9,,distance,levenshtein,18.97970199584961,1.0,1.0,1.0,9,success,
98846,0,3,6,,distance,levenshtein,0.9523880481719971,0.7777777777777778,1.0,0.875,6,success,
65447,0,4,5,,distance,levenshtein,2.5473618507385254,0.7777777777777778,1.0,0.875,5,success,
85303,0,4,6,,distance,levenshtein,0.33768296241760254,0.7777777777777778,1.0,0.875,6,success,
7239,0,3,8,,distance,levenshtein,10.474451065063477,0.7777777777777778,1.0,0.875,8,success,
114,0,3,7,,distance,levenshtein,0.47971200942993164,1.0,1.0,1.0,7,success,
84787,0,4,9,,distance,levenshtein,1.095479965209961,0.7777777777777778,1.0,0.875,9,success,
98846,0,3,7,,distance,levenshtein,0.11339592933654785,0.7777777777777778,1.0,0.875,7,success,
56085,0,4,5,,distance,levenshtein,0.6613249778747559,0.875,1.0,0.9333333333333333,5,success,
8938,0,3,4,,distance,levenshtein,0.48892784118652344,0.875,1.0,0.9333333333333333,4,success,
15852,0,2,5,,distance,levenshtein,1.2513389587402344,0.8571428571428571,0.8571428571428571,0.8571428571428571,5,success,
69007,0,4,8,,distance,levenshtein,0.7653400897979736,0.7777777777777778,1.0,0.875,8,success,
87228,0,2,6,,distance,levenshtein,3.3374600410461426,0.7777777777777778,1.0,0.875,6,success,
79121,0,4,7,,distance,levenshtein,2.3643901348114014,1.0,1.0,1.0,7,success,
89095,0,3,6,,distance,levenshtein,10.36901307106018,0.7777777777777778,1.0,0.875,6,success,
55151,0,3,7,,distance,levenshtein,14.1026029586792,1.0,1.0,1.0,7,success,
65447,0,4,6,,distance,levenshtein,0.49056100845336914,0.7777777777777778,1.0,0.875,6,success,
85303,0,4,7,,distance,levenshtein,0.4697120189666748,0.7777777777777778,1.0,0.875,7,success,
39161,0,4,5,,distance,levenshtein,2.09189510345459,0.875,1.0,0.9333333333333333,5,success,
11298,0,3,9,,distance,levenshtein,3.354097843170166,0.875,1.0,0.9333333333333333,9,success,
114,0,3,8,,distance,levenshtein,0.634911060333252,1.0,1.0,1.0,8,success,
31055,0,3,8,,distance,levenshtein,11.02419900894165,0.7777777777777778,1.0,0.875,8,success,
93344,0,4,9,,distance,levenshtein,4.341026067733765,1.0,1.0,1.0,9,success,
15852,0,2,6,,distance,levenshtein,0.6377849578857422,0.875,1.0,0.9333333333333333,6,success,
32584,0,3,6,,distance,levenshtein,12.327706813812256,0.875,1.0,0.9333333333333333,6,success,
68503,0,2,4,,distance,levenshtein,26.90087604522705,0.875,1.0,0.9333333333333333,4,success,
7239,0,3,9,,distance,levenshtein,1.2869369983673096,0.7777777777777778,1.0,0.875,9,success,
70332,0,3,8,,distance,levenshtein,1.910478115081787,1.0,1.0,1.0,8,success,
69007,0,4,9,,distance,levenshtein,0.7266690731048584,0.7777777777777778,1.0,0.875,9,success,
89095,0,3,7,,distance,levenshtein,0.6904401779174805,0.7777777777777778,1.0,0.875,7,success,
56085,0,4,6,,distance,levenshtein,1.156912088394165,0.875,1.0,0.9333333333333333,6,success,
87228,0,2,7,,distance,levenshtein,0.7029449939727783,0.7777777777777778,1.0,0.875,7,success,
65447,0,4,7,,distance,levenshtein,0.6285688877105713,0.7777777777777778,1.0,0.875,7,success,
79121,0,4,8,,distance,levenshtein,0.7275741100311279,1.0,1.0,1.0,8,success,
55151,0,3,8,,distance,levenshtein,0.7456259727478027,1.0,1.0,1.0,8,success,
58283,0,3,9,,distance,levenshtein,4.584316968917847,0.875,1.0,0.9333333333333333,9,success,
8938,0,3,5,,distance,levenshtein,1.2283380031585693,0.875,1.0,0.9333333333333333,5,success,
68503,0,2,5,,distance,levenshtein,0.18809890747070312,0.875,1.0,0.9333333333333333,5,success,
72994,0,4,6,,distance,levenshtein,6.462355136871338,0.875,1.0,0.9333333333333333,6,success,
33653,0,2,10,,distance,levenshtein,4.41257905960083,0.7777777777777778,1.0,0.875,10,success,
26253,0,3,8,,distance,levenshtein,3.337480068206787,0.875,1.0,0.9333333333333333,8,success,
3075,0,2,4,,distance,levenshtein,2.6752798557281494,0.7,1.0,0.8235294117647058,4,success,
33653,0,3,2,,distance,levenshtein,0.047593116760253906,0.7777777777777778,1.0,0.875,2,success,
63198,0,3,5,,distance,levenshtein,3.1676840782165527,0.7777777777777778,1.0,0.875,5,success,
33653,0,3,3,,distance,levenshtein,0.09089803695678711,0.7777777777777778,1.0,0.875,3,success,
36624,0,2,9,,distance,levenshtein,7.6339499950408936,0.7142857142857143,0.7142857142857143,0.7142857142857143,9,success,
56085,0,4,7,,distance,levenshtein,0.41414308547973633,0.875,1.0,0.9333333333333333,7,success,
9178,0,4,5,,distance,levenshtein,2.5316741466522217,0.7777777777777778,1.0,0.875,5,success,
89095,0,3,8,,distance,levenshtein,0.4803750514984131,0.7777777777777778,1.0,0.875,8,success,
93344,0,4,10,,distance,levenshtein,0.821403980255127,1.0,1.0,1.0,10,success,
72994,0,4,7,,distance,levenshtein,0.3660459518432617,0.875,1.0,0.9333333333333333,7,success,
68503,0,2,6,,distance,levenshtein,0.24248909950256348,0.875,1.0,0.9333333333333333,6,success,
33653,0,3,4,,distance,levenshtein,0.19169402122497559,0.7777777777777778,1.0,0.875,4,success,
3075,0,2,5,,distance,levenshtein,0.30251216888427734,0.7,1.0,0.8235294117647058,5,success,
93344,0,5,2,,distance,levenshtein,0.10622501373291016,1.0,1.0,1.0,2,success,
65447,0,4,8,,distance,levenshtein,0.6748549938201904,0.7777777777777778,1.0,0.875,8,success,
70332,0,3,9,,distance,levenshtein,1.0237610340118408,1.0,1.0,1.0,9,success,
69007,0,4,10,,distance,levenshtein,0.8927159309387207,0.7777777777777778,1.0,0.875,10,success,
97635,0,3,10,,distance,levenshtein,2.8210999965667725,1.0,1.0,1.0,10,success,
87228,0,2,8,,distance,levenshtein,0.7690520286560059,0.7777777777777778,1.0,0.875,8,success,
68503,0,2,7,,distance,levenshtein,0.18770790100097656,0.875,1.0,0.9333333333333333,7,success,
33653,0,3,5,,distance,levenshtein,0.38323307037353516,0.7777777777777778,1.0,0.875,5,success,
97635,0,4,2,,distance,levenshtein,0.07765793800354004,1.0,1.0,1.0,2,success,
69007,0,5,2,,distance,levenshtein,0.10947990417480469,0.7777777777777778,1.0,0.875,2,success,
56085,0,4,8,,distance,levenshtein,0.6403930187225342,0.875,1.0,0.9333333333333333,8,success,
79121,0,4,9,,distance,levenshtein,1.0268821716308594,1.0,1.0,1.0,9,success,
72994,0,4,8,,distance,levenshtein,0.4965360164642334,0.875,1.0,0.9333333333333333,8,success,
114,0,3,9,,distance,levenshtein,1.8538849353790283,1.0,1.0,1.0,9,success,
3075,0,2,6,,distance,levenshtein,0.5375208854675293,0.7,1.0,0.8235294117647058,6,success,
93344,0,5,3,,distance,levenshtein,0.5581960678100586,1.0,1.0,1.0,3,success,
97635,0,4,3,,distance,levenshtein,0.2105109691619873,1.0,1.0,1.0,3,success,
89095,0,3,9,,distance,levenshtein,0.8000760078430176,0.7777777777777778,1.0,0.875,9,success,
69007,0,5,3,,distance,levenshtein,0.31902289390563965,0.7777777777777778,1.0,0.875,3,success,
9178,0,4,6,,distance,levenshtein,1.0342621803283691,0.7777777777777778,1.0,0.875,6,success,
6886,0,3,8,,distance,levenshtein,11.139295101165771,1.0,1.0,1.0,8,success,
58283,0,3,10,,distance,levenshtein,1.6746571063995361,0.875,1.0,0.9333333333333333,10,success,
33653,0,3,6,,distance,levenshtein,0.5819520950317383,0.7777777777777778,1.0,0.875,6,success,
162,0,3,8,,distance,levenshtein,9.965866804122925,0.7,1.0,0.8235294117647058,8,success,
97635,0,4,4,,distance,levenshtein,0.35710883140563965,1.0,1.0,1.0,4,success,
28998,0,1,10,,distance,levenshtein,22.760549068450928,1.0,1.0,1.0,10,success,
58283,0,4,2,,distance,levenshtein,0.07842779159545898,0.875,1.0,0.9333333333333333,2,success,
32584,0,3,7,,distance,levenshtein,2.3883261680603027,0.875,1.0,0.9333333333333333,7,success,
72994,0,4,9,,distance,levenshtein,0.5303280353546143,0.875,1.0,0.9333333333333333,9,success,
28998,0,2,2,,distance,levenshtein,0.08882713317871094,1.0,1.0,1.0,2,success,
65447,0,4,9,,distance,levenshtein,0.9076027870178223,0.7777777777777778,1.0,0.875,9,success,
58283,0,4,3,,distance,levenshtein,0.1024010181427002,0.875,1.0,0.9333333333333333,3,success,
56085,0,4,9,,distance,levenshtein,0.6873140335083008,0.875,1.0,0.9333333333333333,9,success,
89095,0,3,10,,distance,levenshtein,0.24048614501953125,0.7777777777777778,1.0,0.875,10,success,
114,0,3,10,,distance,levenshtein,0.6528677940368652,1.0,1.0,1.0,10,success,
9178,0,4,7,,distance,levenshtein,0.5216209888458252,0.7777777777777778,1.0,0.875,7,success,
89095,0,4,2,,distance,levenshtein,0.08573412895202637,0.7777777777777778,1.0,0.875,2,success,
114,0,4,2,,distance,levenshtein,0.09937810897827148,1.0,1.0,1.0,2,success,
37843,0,3,6,,distance,levenshtein,9.284388065338135,0.875,1.0,0.9333333333333333,6,success,
11298,0,3,10,,distance,levenshtein,3.2960309982299805,0.875,1.0,0.9333333333333333,10,success,
87228,0,2,9,,distance,levenshtein,1.147454023361206,0.7777777777777778,1.0,0.875,9,success,
58283,0,4,4,,distance,levenshtein,0.23601293563842773,0.875,1.0,0.9333333333333333,4,success,
33653,0,3,7,,distance,levenshtein,0.6112220287322998,0.7777777777777778,1.0,0.875,7,success,
11298,0,4,2,,distance,levenshtein,0.0666499137878418,0.875,1.0,0.9333333333333333,2,success,
11517,0,4,6,,distance,levenshtein,7.8258490562438965,1.0,1.0,1.0,6,success,
84787,0,4,10,,distance,levenshtein,4.256934881210327,0.7777777777777778,1.0,0.875,10,success,
89095,0,4,3,,distance,levenshtein,0.34427309036254883,0.7777777777777778,1.0,0.875,3,success,
85303,0,4,8,,distance,levenshtein,3.917402982711792,0.7777777777777778,1.0,0.875,8,success,
63198,0,3,6,,distance,levenshtein,2.5687179565429688,0.7777777777777778,1.0,0.875,6,success,
26253,0,3,9,,distance,levenshtein,2.713716983795166,0.875,1.0,0.9333333333333333,9,success,
79121,0,4,10,,distance,levenshtein,1.2869980335235596,1.0,1.0,1.0,10,success,
11298,0,4,3,,distance,levenshtein,0.1545100212097168,0.875,1.0,0.9333333333333333,3,success,
97635,0,4,5,,distance,levenshtein,0.8883309364318848,1.0,1.0,1.0,5,success,
84787,0,5,2,,distance,levenshtein,0.12882184982299805,0.7777777777777778,1.0,0.875,2,success,
72994,0,4,10,,distance,levenshtein,0.6892640590667725,0.875,1.0,0.9333333333333333,10,success,
58283,0,4,5,,distance,levenshtein,0.4137580394744873,0.875,1.0,0.9333333333333333,5,success,
89095,0,4,4,,distance,levenshtein,0.13636088371276855,0.7777777777777778,1.0,0.875,4,success,
79121,0,5,2,,distance,levenshtein,0.11148476600646973,1.0,1.0,1.0,2,success,
72994,0,5,2,,distance,levenshtein,0.07977104187011719,0.875,1.0,0.9333333333333333,2,success,
37843,0,3,7,,distance,levenshtein,0.5717220306396484,0.875,1.0,0.9333333333333333,7,success,
28998,0,2,3,,distance,levenshtein,1.0409529209136963,1.0,1.0,1.0,3,success,
84787,0,5,3,,distance,levenshtein,0.13765311241149902,0.7777777777777778,1.0,0.875,3,success,
11298,0,4,4,,distance,levenshtein,0.3144500255584717,0.875,1.0,0.9333333333333333,4,success,
8988,0,2,10,,distance,levenshtein,10.00928807258606,0.875,1.0,0.9333333333333333,10,success,
72994,0,5,3,,distance,levenshtein,0.12129592895507812,0.875,1.0,0.9333333333333333,3,success,
3075,0,2,7,,distance,levenshtein,1.8695399761199951,0.7,1.0,0.8235294117647058,7,success,
36624,0,2,10,,distance,levenshtein,2.777822971343994,0.6666666666666666,0.5714285714285714,0.6153846153846154,10,success,
89095,0,4,5,,distance,levenshtein,0.25246214866638184,0.7777777777777778,1.0,0.875,5,success,
8988,0,3,2,,distance,levenshtein,0.09617495536804199,0.875,1.0,0.9333333333333333,2,success,
9178,0,4,8,,distance,levenshtein,0.9807209968566895,0.7777777777777778,1.0,0.875,8,success,
36624,0,3,2,,distance,levenshtein,0.0812520980834961,0.7777777777777778,1.0,0.875,2,success,
79121,0,5,3,,distance,levenshtein,0.3425469398498535,1.0,1.0,1.0,3,success,
63198,0,3,7,,distance,levenshtein,0.5234410762786865,0.7777777777777778,1.0,0.875,7,success,
37843,0,3,8,,distance,levenshtein,0.21018314361572266,0.875,1.0,0.9333333333333333,8,success,
65447,0,4,10,,distance,levenshtein,1.2017760276794434,0.7777777777777778,1.0,0.875,10,success,
36624,0,3,3,,distance,levenshtein,0.11082196235656738,0.7777777777777778,1.0,0.875,3,success,
7239,0,3,10,,distance,levenshtein,4.122820138931274,0.7777777777777778,1.0,0.875,10,success,
72994,0,5,4,,distance,levenshtein,0.31500911712646484,0.875,1.0,0.9333333333333333,4,success,
114,0,4,3,,distance,levenshtein,1.4735138416290283,1.0,1.0,1.0,3,success,
56085,0,4,10,,distance,levenshtein,1.5181121826171875,0.875,1.0,0.9333333333333333,10,success,
87228,0,2,10,,distance,levenshtein,1.0167579650878906,0.7777777777777778,1.0,0.875,10,success,
8988,0,3,3,,distance,levenshtein,0.24217796325683594,0.875,1.0,0.9333333333333333,3,success,
70332,0,3,10,,distance,levenshtein,3.0896389484405518,1.0,1.0,1.0,10,success,
7239,0,4,2,,distance,levenshtein,0.10019207000732422,0.7777777777777778,1.0,0.875,2,success,
65447,0,5,2,,distance,levenshtein,0.15949106216430664,0.7777777777777778,1.0,0.875,2,success,
87228,0,3,2,,distance,levenshtein,0.0384519100189209,0.7777777777777778,1.0,0.875,2,success,
85303,0,4,9,,distance,levenshtein,0.9005670547485352,0.7777777777777778,1.0,0.875,9,success,
56085,0,5,2,,distance,levenshtein,0.08306002616882324,0.875,1.0,0.9333333333333333,2,success,
36624,0,3,4,,distance,levenshtein,0.19479799270629883,0.7777777777777778,1.0,0.875,4,success,
11298,0,4,5,,distance,levenshtein,0.7339189052581787,0.875,1.0,0.9333333333333333,5,success,
70332,0,4,2,,distance,levenshtein,0.06421995162963867,1.0,1.0,1.0,2,success,
69007,0,5,4,,distance,levenshtein,2.7580859661102295,0.7777777777777778,1.0,0.875,4,success,
79121,0,5,4,,distance,levenshtein,0.5610790252685547,1.0,1.0,1.0,4,success,
70332,0,4,3,,distance,levenshtein,0.1487751007080078,1.0,1.0,1.0,3,success,
56085,0,5,3,,distance,levenshtein,0.1694638729095459,0.875,1.0,0.9333333333333333,3,success,
58283,0,4,6,,distance,levenshtein,1.2481729984283447,0.875,1.0,0.9333333333333333,6,success,
87228,0,3,3,,distance,levenshtein,0.22764801979064941,0.7777777777777778,1.0,0.875,3,success,
7239,0,4,3,,distance,levenshtein,0.30921101570129395,0.7777777777777778,1.0,0.875,3,success,
3075,0,2,8,,distance,levenshtein,0.8001320362091064,0.7,1.0,0.8235294117647058,8,success,
89095,0,4,6,,distance,levenshtein,0.9864609241485596,0.7777777777777778,1.0,0.875,6,success,
8988,0,3,4,,distance,levenshtein,0.44512295722961426,0.875,1.0,0.9333333333333333,4,success,
36624,0,3,5,,distance,levenshtein,0.45254993438720703,0.7777777777777778,1.0,0.875,5,success,
63198,0,3,8,,distance,levenshtein,0.7903280258178711,0.7777777777777778,1.0,0.875,8,success,
70332,0,4,4,,distance,levenshtein,0.24823498725891113,1.0,1.0,1.0,4,success,
56085,0,5,4,,distance,levenshtein,0.28084802627563477,0.875,1.0,0.9333333333333333,4,success,
28998,0,2,4,,distance,levenshtein,1.4967420101165771,1.0,1.0,1.0,4,success,
37843,0,3,9,,distance,levenshtein,0.8347361087799072,0.875,1.0,0.9333333333333333,9,success,
87228,0,3,4,,distance,levenshtein,0.31756114959716797,0.7777777777777778,1.0,0.875,4,success,
9178,0,4,9,,distance,levenshtein,0.9831380844116211,0.7777777777777778,1.0,0.875,9,success,
72994,0,5,5,,distance,levenshtein,1.180272102355957,0.875,1.0,0.9333333333333333,5,success,
28998,0,2,5,,distance,levenshtein,0.20619988441467285,1.0,1.0,1.0,5,success,
56085,0,5,5,,distance,levenshtein,0.30376505851745605,0.875,1.0,0.9333333333333333,5,success,
7239,0,4,4,,distance,levenshtein,0.7069168090820312,0.7777777777777778,1.0,0.875,4,success,
70332,0,4,5,,distance,levenshtein,0.479356050491333,1.0,1.0,1.0,5,success,
85303,0,4,10,,distance,levenshtein,1.028770923614502,0.7777777777777778,1.0,0.875,10,success,
93884,0,3,8,,distance,levenshtein,8.100868940353394,0.7777777777777778,1.0,0.875,8,success,
114,0,4,4,,distance,levenshtein,1.749859094619751,1.0,1.0,1.0,4,success,
85303,0,5,2,,distance,levenshtein,0.10457110404968262,0.7777777777777778,1.0,0.875,2,success,
11298,0,4,6,,distance,levenshtein,1.5844709873199463,0.875,1.0,0.9333333333333333,6,success,
63198,0,3,9,,distance,levenshtein,0.7578220367431641,0.7777777777777778,1.0,0.875,9,success,
6886,0,3,9,,distance,levenshtein,4.2878031730651855,1.0,1.0,1.0,9,success,
68503,0,2,8,,distance,levenshtein,4.874343156814575,0.875,1.0,0.9333333333333333,8,success,
89095,0,4,7,,distance,levenshtein,1.2898530960083008,0.7777777777777778,1.0,0.875,7,success,
28998,0,2,6,,distance,levenshtein,0.43281006813049316,1.0,1.0,1.0,6,success,
37843,0,3,10,,distance,levenshtein,0.7740068435668945,0.875,1.0,0.9333333333333333,10,success,
75385,0,3,7,,distance,levenshtein,12.224729061126709,0.875,1.0,0.9333333333333333,7,success,
79121,0,5,5,,distance,levenshtein,1.6206200122833252,1.0,1.0,1.0,5,success,
7239,0,4,5,,distance,levenshtein,0.6623609066009521,0.7777777777777778,1.0,0.875,5,success,
8988,0,3,5,,distance,levenshtein,1.4002480506896973,0.875,1.0,0.9333333333333333,5,success,
87228,0,3,5,,distance,levenshtein,1.1381161212921143,0.7777777777777778,1.0,0.875,5,success,
162,0,3,9,,distance,levenshtein,4.353949069976807,0.7,1.0,0.8235294117647058,9,success,
3075,0,2,9,,distance,levenshtein,1.2033069133758545,0.7,1.0,0.8235294117647058,9,success,
114,0,4,5,,distance,levenshtein,0.29597902297973633,1.0,1.0,1.0,5,success,
37843,0,4,2,,distance,levenshtein,0.09301519393920898,0.875,1.0,0.9333333333333333,2,success,
56085,0,5,6,,distance,levenshtein,0.8802781105041504,0.875,1.0,0.9333333333333333,6,success,
85303,0,5,3,,distance,levenshtein,0.44163990020751953,0.7777777777777778,1.0,0.875,3,success,
84787,0,5,4,,distance,levenshtein,3.054454803466797,0.7777777777777778,1.0,0.875,4,success,
69007,0,5,5,,distance,levenshtein,2.214257001876831,0.7777777777777778,1.0,0.875,5,success,
37843,0,4,3,,distance,levenshtein,0.2002570629119873,0.875,1.0,0.9333333333333333,3,success,
70332,0,4,6,,distance,levenshtein,1.085752010345459,1.0,1.0,1.0,6,success,
72994,0,5,6,,distance,levenshtein,1.4097721576690674,0.875,1.0,0.9333333333333333,6,success,
9178,0,4,10,,distance,levenshtein,1.2058088779449463,0.7777777777777778,1.0,0.875,10,success,
28998,0,2,7,,distance,levenshtein,0.4568309783935547,1.0,1.0,1.0,7,success,
89149,0,2,10,,distance,levenshtein,19.36658501625061,1.0,1.0,1.0,10,success,
114,0,4,6,,distance,levenshtein,0.447498083114624,1.0,1.0,1.0,6,success,
89149,0,3,2,,distance,levenshtein,0.06984710693359375,1.0,1.0,1.0,2,success,
63198,0,3,10,,distance,levenshtein,0.880673885345459,0.7777777777777778,1.0,0.875,10,success,
9178,0,5,2,,distance,levenshtein,0.19381499290466309,0.7777777777777778,1.0,0.875,2,success,
69007,0,5,6,,distance,levenshtein,0.28395986557006836,0.7777777777777778,1.0,0.875,6,success,
37843,0,4,4,,distance,levenshtein,0.32240891456604004,0.875,1.0,0.9333333333333333,4,success,
12153,0,4,9,,distance,levenshtein,17.186938047409058,0.875,1.0,0.9333333333333333,9,success,
89149,0,3,3,,distance,levenshtein,0.16662812232971191,1.0,1.0,1.0,3,success,
63198,0,4,2,,distance,levenshtein,0.09369921684265137,0.7777777777777778,1.0,0.875,2,success,
87228,0,3,6,,distance,levenshtein,0.9833199977874756,0.7777777777777778,1.0,0.875,6,success,
11298,0,4,7,,distance,levenshtein,1.439836025238037,0.875,1.0,0.9333333333333333,7,success,
79121,0,5,6,,distance,levenshtein,1.2276301383972168,1.0,0.7142857142857143,0.8333333333333334,6,success,
6886,0,3,10,,distance,levenshtein,1.3167059421539307,1.0,1.0,1.0,10,success,
28998,0,2,8,,distance,levenshtein,0.5749139785766602,1.0,1.0,1.0,8,success,
114,0,4,7,,distance,levenshtein,0.5856740474700928,1.0,1.0,1.0,7,success,
85303,0,5,4,,distance,levenshtein,1.3403220176696777,0.7777777777777778,1.0,0.875,4,success,
68503,0,2,9,,distance,levenshtein,1.3940320014953613,0.875,1.0,0.9333333333333333,9,success,
69007,0,5,7,,distance,levenshtein,0.46921586990356445,0.7777777777777778,1.0,0.875,7,success,
63198,0,4,3,,distance,levenshtein,0.4848659038543701,0.7777777777777778,1.0,0.875,3,success,
6886,0,4,2,,distance,levenshtein,0.12044501304626465,1.0,1.0,1.0,2,success,
56085,0,5,7,,distance,levenshtein,1.4680240154266357,0.875,1.0,0.9333333333333333,7,success,
8988,0,3,6,,distance,levenshtein,1.5937318801879883,0.875,1.0,0.9333333333333333,6,success,
162,0,3,10,,distance,levenshtein,1.5338799953460693,0.7,1.0,0.8235294117647058,10,success,
65447,0,5,3,,distance,levenshtein,4.087800979614258,0.7777777777777778,1.0,0.875,3,success,
70332,0,4,7,,distance,levenshtein,1.4893431663513184,1.0,1.0,1.0,7,success,
162,0,4,2,,distance,levenshtein,0.10542893409729004,0.7,1.0,0.8235294117647058,2,success,
89149,0,3,4,,distance,levenshtein,1.0380182266235352,1.0,1.0,1.0,4,success,
63198,0,4,4,,distance,levenshtein,0.4916658401489258,0.7777777777777778,1.0,0.875,4,success,
69007,0,5,8,,distance,levenshtein,0.547950029373169,0.7777777777777778,1.0,0.875,8,success,
39871,0,3,9,,distance,levenshtein,18.04814386367798,1.0,1.0,1.0,9,success,
162,0,4,3,,distance,levenshtein,0.21245384216308594,0.7,1.0,0.8235294117647058,3,success,
72994,0,5,7,,distance,levenshtein,1.867048978805542,0.875,1.0,0.9333333333333333,7,success,
114,0,4,8,,distance,levenshtein,0.6541640758514404,1.0,1.0,1.0,8,success,
28998,0,2,9,,distance,levenshtein,0.9768548011779785,1.0,1.0,1.0,9,success,
6886,0,4,3,,distance,levenshtein,1.139112949371338,1.0,1.0,1.0,3,success,
9178,0,5,3,,distance,levenshtein,1.9619150161743164,0.7777777777777778,1.0,0.875,3,success,
89095,0,4,8,,distance,levenshtein,3.0983760356903076,0.7777777777777778,1.0,0.875,8,success,
63198,0,4,5,,distance,levenshtein,0.49555015563964844,0.7777777777777778,1.0,0.875,5,success,
162,0,4,4,,distance,levenshtein,0.4987761974334717,0.7,1.0,0.8235294117647058,4,success,
75385,0,3,8,,distance,levenshtein,3.208171844482422,0.875,1.0,0.9333333333333333,8,success,
72994,0,5,8,,distance,levenshtein,0.4046139717102051,0.875,1.0,0.9333333333333333,8,success,
68503,0,2,10,,distance,levenshtein,1.0197811126708984,0.875,1.0,0.9333333333333333,10,success,
37843,0,4,5,,distance,levenshtein,2.210439920425415,0.875,1.0,0.9333333333333333,5,success,
68503,0,3,2,,distance,levenshtein,0.09317708015441895,0.875,1.0,0.9333333333333333,2,success,
39871,0,3,10,,distance,levenshtein,0.8834140300750732,1.0,1.0,1.0,10,success,
97635,0,4,6,,distance,levenshtein,7.195852041244507,1.0,1.0,1.0,6,success,
39871,0,4,2,,distance,levenshtein,0.11271309852600098,1.0,1.0,1.0,2,success,
114,0,4,9,,distance,levenshtein,1.0031991004943848,1.0,1.0,1.0,9,success,
68503,0,3,3,,distance,levenshtein,0.40393519401550293,0.875,1.0,0.9333333333333333,3,success,
72994,0,5,9,,distance,levenshtein,0.622582197189331,0.875,1.0,0.9333333333333333,9,success,
39871,0,4,3,,distance,levenshtein,0.22377490997314453,1.0,1.0,1.0,3,success,
6886,0,4,4,,distance,levenshtein,1.1234800815582275,1.0,1.0,1.0,4,success,
84787,0,5,5,,distance,levenshtein,3.8778820037841797,0.7777777777777778,1.0,0.875,5,success,
56085,0,5,8,,distance,levenshtein,2.4701058864593506,0.875,1.0,0.9333333333333333,8,success,
8938,0,3,6,,distance,levenshtein,10.876497030258179,0.875,1.0,0.9333333333333333,6,success,
69007,0,5,9,,distance,levenshtein,1.6992700099945068,0.7777777777777778,1.0,0.875,9,success,
11298,0,4,8,,distance,levenshtein,3.036470890045166,0.875,1.0,0.9333333333333333,8,success,
36624,0,3,6,,distance,levenshtein,5.952671051025391,0.7777777777777778,1.0,0.875,6,success,
37843,0,4,6,,distance,levenshtein,1.093073844909668,0.875,1.0,0.9333333333333333,6,success,
28998,0,2,10,,distance,levenshtein,1.1954829692840576,1.0,1.0,1.0,10,success,
85303,0,5,5,,distance,levenshtein,2.9358460903167725,0.7777777777777778,1.0,0.875,5,success,
28998,0,3,2,,distance,levenshtein,0.05153298377990723,1.0,1.0,1.0,2,success,
39871,0,4,4,,distance,levenshtein,0.5114631652832031,1.0,1.0,1.0,4,success,
84787,0,5,6,,distance,levenshtein,0.3838210105895996,0.7777777777777778,1.0,0.875,6,success,
28998,0,3,3,,distance,levenshtein,0.10186600685119629,1.0,1.0,1.0,3,success,
70332,0,4,8,,distance,levenshtein,2.8609020709991455,1.0,1.0,1.0,8,success,
58656,0,3,9,,distance,levenshtein,17.428056955337524,0.7777777777777778,1.0,0.875,9,success,
8938,0,3,7,,distance,levenshtein,0.46259593963623047,0.875,1.0,0.9333333333333333,7,success,
162,0,4,5,,distance,levenshtein,1.7959787845611572,0.7,1.0,0.8235294117647058,5,success,
9471,0,4,8,,distance,levenshtein,14.534458875656128,1.0,1.0,1.0,8,success,
65447,0,5,4,,distance,levenshtein,3.034203052520752,0.7777777777777778,1.0,0.875,4,success,
72994,0,5,10,,distance,levenshtein,0.6614489555358887,0.875,1.0,0.9333333333333333,10,success,
3075,0,2,10,,distance,levenshtein,4.87001895904541,0.7,1.0,0.8235294117647058,10,success,
28998,0,3,4,,distance,levenshtein,0.15378403663635254,1.0,1.0,1.0,4,success,
3075,0,3,2,,distance,levenshtein,0.03650808334350586,0.7,1.0,0.8235294117647058,2,success,
72994,0,6,2,,distance,levenshtein,0.060218095779418945,0.875,1.0,0.9333333333333333,2,success,
72994,0,6,3,,distance,levenshtein,0.06423211097717285,0.875,1.0,0.9333333333333333,3,success,
33653,0,3,8,,distance,levenshtein,9.420274019241333,0.7777777777777778,1.0,0.875,8,success,
3075,0,3,3,,distance,levenshtein,0.09482598304748535,0.7,1.0,0.8235294117647058,3,success,
69007,0,5,10,,distance,levenshtein,0.8436121940612793,0.7777777777777778,1.0,0.875,10,success,
58656,0,3,10,,distance,levenshtein,0.15059995651245117,0.7777777777777778,1.0,0.875,10,success,
114,0,4,10,,distance,levenshtein,1.2426679134368896,1.0,1.0,1.0,10,success,
85303,0,5,6,,distance,levenshtein,0.77829909324646,0.7777777777777778,1.0,0.875,6,success,
9178,0,5,4,,distance,levenshtein,2.485258102416992,0.7777777777777778,1.0,0.875,4,success,
72994,0,6,4,,distance,levenshtein,0.09818291664123535,0.875,1.0,0.9333333333333333,4,success,
3075,0,3,4,,distance,levenshtein,0.068267822265625,0.7,1.0,0.8235294117647058,4,success,
69007,0,6,2,,distance,levenshtein,0.06369686126708984,0.7777777777777778,1.0,0.875,2,success,
58656,0,4,2,,distance,levenshtein,0.10339593887329102,0.7777777777777778,1.0,0.875,2,success,
114,0,5,2,,distance,levenshtein,0.10450100898742676,1.0,1.0,1.0,2,success,
72994,0,6,5,,distance,levenshtein,0.04900789260864258,0.875,1.0,0.9333333333333333,5,success,
39161,0,4,6,,distance,levenshtein,13.503440856933594,0.875,1.0,0.9333333333333333,6,success,
69007,0,6,3,,distance,levenshtein,0.10173201560974121,0.7777777777777778,1.0,0.875,3,success,
63198,0,4,6,,distance,levenshtein,2.789630174636841,0.7777777777777778,1.0,0.875,6,success,
28998,0,3,5,,distance,levenshtein,0.46222519874572754,1.0,1.0,1.0,5,success,
84787,0,5,7,,distance,levenshtein,0.6958189010620117,0.7777777777777778,1.0,0.875,7,success,
3075,0,3,5,,distance,levenshtein,0.1906728744506836,0.7,1.0,0.8235294117647058,5,success,
8938,0,3,8,,distance,levenshtein,0.6650018692016602,0.875,1.0,0.9333333333333333,8,success,
69007,0,6,4,,distance,levenshtein,0.1856701374053955,0.7777777777777778,1.0,0.875,4,success,
114,0,5,3,,distance,levenshtein,0.29628896713256836,1.0,1.0,1.0,3,success,
3075,0,3,6,,distance,levenshtein,0.11976504325866699,0.7,1.0,0.8235294117647058,6,success,
72994,0,6,6,,distance,levenshtein,0.2789499759674072,0.875,1.0,0.9333333333333333,6,success,
58656,0,4,3,,distance,levenshtein,0.35121798515319824,0.7777777777777778,1.0,0.875,3,success,
9178,0,5,5,,distance,levenshtein,0.36756086349487305,0.7777777777777778,1.0,0.875,5,success,
45,0,4,7,,distance,levenshtein,16.7364399433136,1.0,1.0,1.0,7,success,
37843,0,4,7,,distance,levenshtein,1.772500991821289,0.875,1.0,0.9333333333333333,7,success,
39871,0,4,5,,distance,levenshtein,1.4859559535980225,1.0,1.0,1.0,5,success,
3075,0,3,7,,distance,levenshtein,0.17075204849243164,0.7,1.0,0.8235294117647058,7,success,
72994,0,6,7,,distance,levenshtein,0.23472118377685547,0.875,1.0,0.9333333333333333,7,success,
39161,0,4,7,,distance,levenshtein,0.48782896995544434,0.875,1.0,0.9333333333333333,7,success,
31055,0,3,9,,distance,levenshtein,13.942599058151245,0.7777777777777778,1.0,0.875,9,success,
69007,0,6,5,,distance,levenshtein,0.35469985008239746,0.7777777777777778,1.0,0.875,5,success,
28998,0,3,6,,distance,levenshtein,0.7577400207519531,1.0,1.0,1.0,6,success,
9178,0,5,6,,distance,levenshtein,0.4165339469909668,0.7777777777777778,1.0,0.875,6,success,
84787,0,5,8,,distance,levenshtein,0.7845261096954346,0.7777777777777778,1.0,0.875,8,success,
31055,0,3,10,,distance,levenshtein,0.14893507957458496,0.7777777777777778,1.0,0.875,10,success,
89095,0,4,9,,distance,levenshtein,4.167261838912964,0.7777777777777778,1.0,0.875,9,success,
31055,0,4,2,,distance,levenshtein,0.07677102088928223,0.7777777777777778,1.0,0.875,2,success,
65447,0,5,5,,distance,levenshtein,1.912688970565796,0.7777777777777778,1.0,0.875,5,success,
114,0,5,4,,distance,levenshtein,0.9824190139770508,1.0,1.0,1.0,4,success,
45,0,4,8,,distance,levenshtein,0.7509598731994629,1.0,1.0,1.0,8,success,
89149,0,3,5,,distance,levenshtein,5.370249032974243,1.0,1.0,1.0,5,success,
3075,0,3,8,,distance,levenshtein,0.8233511447906494,0.7,1.0,0.8235294117647058,8,success,
31055,0,4,3,,distance,levenshtein,0.17487096786499023,0.7777777777777778,1.0,0.875,3,success,
69007,0,6,6,,distance,levenshtein,0.7322618961334229,0.7777777777777778,1.0,0.875,6,success,
89095,0,4,10,,distance,levenshtein,0.17899513244628906,0.7777777777777778,1.0,0.875,10,success,
39161,0,4,8,,distance,levenshtein,0.7756879329681396,0.875,1.0,0.9333333333333333,8,success,
68503,0,3,4,,distance,levenshtein,3.830204963684082,0.875,1.0,0.9333333333333333,4,success,
89095,0,5,2,,distance,levenshtein,0.12067413330078125,0.7777777777777778,1.0,0.875,2,success,
31055,0,4,4,,distance,levenshtein,0.37005019187927246,0.7777777777777778,1.0,0.875,4,success,
9178,0,5,7,,distance,levenshtein,0.6607060432434082,0.7777777777777778,1.0,0.875,7,success,
15852,0,2,7,,distance,levenshtein,15.12860894203186,0.875,1.0,0.9333333333333333,7,success,
28998,0,3,7,,distance,levenshtein,1.363435983657837,1.0,1.0,1.0,7,success,
33653,0,3,9,,distance,levenshtein,2.6738622188568115,0.7777777777777778,1.0,0.875,9,success,
72994,0,6,8,,distance,levenshtein,1.7206029891967773,0.875,1.0,0.9333333333333333,8,success,
84787,0,5,9,,distance,levenshtein,0.9117720127105713,0.7777777777777778,1.0,0.875,9,success,
65447,0,5,6,,distance,levenshtein,0.7071020603179932,0.7777777777777778,1.0,0.875,6,success,
89149,0,3,6,,distance,levenshtein,0.8505091667175293,1.0,1.0,1.0,6,success,
63198,0,4,7,,distance,levenshtein,2.538663864135742,0.7777777777777778,1.0,0.875,7,success,
45,0,4,9,,distance,levenshtein,0.8420679569244385,1.0,1.0,1.0,9,success,
72994,0,6,9,,distance,levenshtein,0.12598586082458496,0.875,1.0,0.9333333333333333,9,success,
58283,0,4,7,,distance,levenshtein,10.734045028686523,0.875,1.0,0.9333333333333333,7,success,
56085,0,5,9,,distance,levenshtein,4.366014003753662,0.875,1.0,0.9333333333333333,9,success,
162,0,4,6,,distance,levenshtein,3.6484999656677246,0.7,1.0,0.8235294117647058,6,success,
93344,0,5,4,,distance,levenshtein,14.1669340133667,1.0,1.0,1.0,4,success,
3075,0,3,9,,distance,levenshtein,1.258815050125122,0.7,1.0,0.8235294117647058,9,success,
7239,0,4,6,,distance,levenshtein,9.092072010040283,0.75,0.8571428571428571,0.8,6,success,
72994,0,6,10,,distance,levenshtein,0.11431694030761719,0.875,1.0,0.9333333333333333,10,success,
89095,0,5,3,,distance,levenshtein,0.8705449104309082,0.7777777777777778,1.0,0.875,3,success,
39161,0,4,9,,distance,levenshtein,0.943000078201294,0.875,1.0,0.9333333333333333,9,success,
88322,0,4,7,,distance,levenshtein,18.45188593864441,0.875,1.0,0.9333333333333333,7,success,
69007,0,6,7,,distance,levenshtein,1.516542911529541,0.7777777777777778,1.0,0.875,7,success,
72994,1,0,2,,distance,levenshtein,0.15610909461975098,0.2571428571428571,1.0,0.4090909090909091,2,success,
9178,0,5,8,,distance,levenshtein,0.8764019012451172,0.7777777777777778,1.0,0.875,8,success,
58656,0,4,4,,distance,levenshtein,3.0116147994995117,0.7777777777777778,1.0,0.875,4,success,
8938,0,3,9,,distance,levenshtein,3.0372791290283203,0.875,1.0,0.9333333333333333,9,success,
31055,0,4,5,,distance,levenshtein,1.1811938285827637,0.7777777777777778,1.0,0.875,5,success,
45,0,4,10,,distance,levenshtein,0.25028300285339355,1.0,1.0,1.0,10,success,
89149,0,3,7,,distance,levenshtein,0.7387640476226807,1.0,1.0,1.0,7,success,
9471,0,4,9,,distance,levenshtein,4.302077054977417,1.0,1.0,1.0,9,success,
93344,0,5,5,,distance,levenshtein,0.31155896186828613,1.0,1.0,1.0,5,success,
65447,0,5,7,,distance,levenshtein,0.7251319885253906,0.7777777777777778,1.0,0.875,7,success,
98846,0,3,8,,distance,levenshtein,17.91260004043579,0.7777777777777778,1.0,0.875,8,success,
45,0,5,2,,distance,levenshtein,0.11508703231811523,1.0,1.0,1.0,2,success,
39871,0,4,6,,distance,levenshtein,3.0583760738372803,1.0,1.0,1.0,6,success,
75385,0,3,9,,distance,levenshtein,6.510287046432495,0.875,1.0,0.9333333333333333,9,success,
88322,0,4,8,,distance,levenshtein,0.5121409893035889,0.875,1.0,0.9333333333333333,8,success,
114,0,5,5,,distance,levenshtein,2.4979889392852783,1.0,1.0,1.0,5,success,
69007,0,6,8,,distance,levenshtein,0.6303410530090332,0.7777777777777778,1.0,0.875,8,success,
45,0,5,3,,distance,levenshtein,0.2815589904785156,1.0,1.0,1.0,3,success,
84787,0,5,10,,distance,levenshtein,1.1500539779663086,0.7777777777777778,1.0,0.875,10,success,
89095,0,5,4,,distance,levenshtein,1.0590710639953613,0.7777777777777778,1.0,0.875,4,success,
70332,0,4,9,,distance,levenshtein,5.1384100914001465,1.0,1.0,1.0,9,success,
85303,0,5,7,,distance,levenshtein,4.398550987243652,0.7777777777777778,1.0,0.875,7,success,
56085,0,5,10,,distance,levenshtein,1.226431131362915,0.875,1.0,0.9333333333333333,10,success,
93344,0,5,6,,distance,levenshtein,0.5294430255889893,1.0,1.0,1.0,6,success,
75385,0,3,10,,distance,levenshtein,0.21496796607971191,0.875,1.0,0.9333333333333333,10,success,
72994,1,0,3,,distance,levenshtein,0.9946978092193604,0.24324324324324326,1.0,0.391304347826087,3,success,
84787,0,6,2,,distance,levenshtein,0.08339500427246094,0.7777777777777778,1.0,0.875,2,success,
56085,0,6,2,,distance,levenshtein,0.07905197143554688,0.875,1.0,0.9333333333333333,2,success,
68503,0,3,5,,distance,levenshtein,2.4913330078125,0.875,1.0,0.9333333333333333,5,success,
39161,0,4,10,,distance,levenshtein,1.0591909885406494,0.875,1.0,0.9333333333333333,10,success,
75385,0,4,2,,distance,levenshtein,0.09563016891479492,0.875,1.0,0.9333333333333333,2,success,
114,0,5,6,,distance,levenshtein,0.36509203910827637,1.0,1.0,1.0,6,success,
84787,0,6,3,,distance,levenshtein,0.08691287040710449,0.7777777777777778,1.0,0.875,3,success,
56085,0,6,3,,distance,levenshtein,0.09920692443847656,0.875,1.0,0.9333333333333333,3,success,
55151,0,3,9,,distance,levenshtein,17.539985179901123,1.0,1.0,1.0,9,success,
45,0,5,4,,distance,levenshtein,0.4094820022583008,1.0,1.0,1.0,4,success,
58283,0,4,8,,distance,levenshtein,1.7522869110107422,0.875,1.0,0.9333333333333333,8,success,
88322,0,4,9,,distance,levenshtein,0.6206178665161133,0.875,1.0,0.9333333333333333,9,success,
28998,0,3,8,,distance,levenshtein,2.440114974975586,1.0,1.0,1.0,8,success,
84787,0,6,4,,distance,levenshtein,0.12463998794555664,0.7777777777777778,1.0,0.875,4,success,
39161,0,5,2,,distance,levenshtein,0.14728188514709473,0.875,1.0,0.9333333333333333,2,success,
75385,0,4,3,,distance,levenshtein,0.19792985916137695,0.875,1.0,0.9333333333333333,3,success,
56085,0,6,4,,distance,levenshtein,0.2992820739746094,0.875,1.0,0.9333333333333333,4,success,
84787,0,6,5,,distance,levenshtein,0.0637660026550293,0.7777777777777778,1.0,0.875,5,success,
55151,0,3,10,,distance,levenshtein,0.14414095878601074,1.0,1.0,1.0,10,success,
98846,0,3,9,,distance,levenshtein,1.220038890838623,0.7777777777777778,1.0,0.875,9,success,
85303,0,5,8,,distance,levenshtein,0.5799980163574219,0.7777777777777778,1.0,0.875,8,success,
69007,0,6,9,,distance,levenshtein,0.7817399501800537,0.7777777777777778,1.0,0.875,9,success,
65447,0,5,8,,distance,levenshtein,1.066845178604126,0.7777777777777778,1.0,0.875,8,success,
28998,0,3,9,,distance,levenshtein,0.14003705978393555,1.0,1.0,1.0,9,success,
88322,0,4,10,,distance,levenshtein,0.22092294692993164,0.875,1.0,0.9333333333333333,10,success,
55151,0,4,2,,distance,levenshtein,0.08442115783691406,1.0,1.0,1.0,2,success,
114,0,5,7,,distance,levenshtein,0.486713171005249,1.0,1.0,1.0,7,success,
75385,0,4,4,,distance,levenshtein,0.32296109199523926,0.875,1.0,0.9333333333333333,4,success,
87228,0,3,7,,distance,levenshtein,10.416830062866211,0.7777777777777778,1.0,0.875,7,success,
39161,0,5,3,,distance,levenshtein,0.3977169990539551,0.875,1.0,0.9333333333333333,3,success,
3075,0,3,10,,distance,levenshtein,2.452301025390625,0.7,1.0,0.8235294117647058,10,success,
88322,0,5,2,,distance,levenshtein,0.09300112724304199,0.875,1.0,0.9333333333333333,2,success,
31055,0,4,6,,distance,levenshtein,1.8612370491027832,0.7777777777777778,1.0,0.875,6,success,
45,0,5,5,,distance,levenshtein,0.6285450458526611,1.0,1.0,1.0,5,success,
33653,0,3,10,,distance,levenshtein,3.1155948638916016,0.7777777777777778,1.0,0.875,10,success,
84787,0,6,6,,distance,levenshtein,0.40233802795410156,0.7777777777777778,1.0,0.875,6,success,
3075,0,4,2,,distance,levenshtein,0.06260895729064941,0.7,1.0,0.8235294117647058,2,success,
88322,0,5,3,,distance,levenshtein,0.13219308853149414,0.875,1.0,0.9333333333333333,3,success,
56085,0,6,5,,distance,levenshtein,0.577794075012207,0.8571428571428571,0.8571428571428571,0.8571428571428571,5,success,
69007,0,6,10,,distance,levenshtein,0.2808079719543457,0.7777777777777778,1.0,0.875,10,success,
87228,0,3,8,,distance,levenshtein,0.1181950569152832,0.7777777777777778,1.0,0.875,8,success,
55151,0,4,3,,distance,levenshtein,0.32453012466430664,1.0,1.0,1.0,3,success,
33653,0,4,2,,distance,levenshtein,0.07828712463378906,0.7777777777777778,1.0,0.875,2,success,
75385,0,4,5,,distance,levenshtein,0.35346007347106934,0.875,1.0,0.9333333333333333,5,success,
11517,0,4,7,,distance,levenshtein,15.787771940231323,1.0,1.0,1.0,7,success,
3075,0,4,3,,distance,levenshtein,0.21607494354248047,0.7,1.0,0.8235294117647058,3,success,
69007,1,0,2,,distance,levenshtein,0.16022205352783203,0.1267605633802817,1.0,0.225,2,success,
89149,0,3,8,,distance,levenshtein,2.320894956588745,1.0,1.0,1.0,8,success,
33653,0,4,3,,distance,levenshtein,0.2566699981689453,0.7777777777777778,1.0,0.875,3,success,
84787,0,6,7,,distance,levenshtein,0.33417797088623047,0.7777777777777778,1.0,0.875,7,success,
58656,0,4,5,,distance,levenshtein,2.720613956451416,0.7777777777777778,1.0,0.875,5,success,
88322,0,5,4,,distance,levenshtein,0.2911720275878906,0.875,1.0,0.9333333333333333,4,success,
58283,0,4,9,,distance,levenshtein,1.4432220458984375,0.875,1.0,0.9333333333333333,9,success,
69007,1,0,3,,distance,levenshtein,0.3393869400024414,0.3333333333333333,1.0,0.5,3,success,
93344,0,5,7,,distance,levenshtein,2.091787099838257,1.0,1.0,1.0,7,success,
58656,0,4,6,,distance,levenshtein,0.27965712547302246,0.7777777777777778,1.0,0.875,6,success,
56085,0,6,6,,distance,levenshtein,0.7983081340789795,0.875,1.0,0.9333333333333333,6,success,
31055,0,4,7,,distance,levenshtein,0.9779739379882812,0.7777777777777778,1.0,0.875,7,success,
55151,0,4,4,,distance,levenshtein,0.8371710777282715,1.0,1.0,1.0,4,success,
63198,0,4,8,,distance,levenshtein,3.9190070629119873,0.7777777777777778,1.0,0.875,8,success,
72994,1,0,4,,distance,levenshtein,2.2745070457458496,0.24324324324324326,1.0,0.391304347826087,4,success,
3075,0,4,4,,distance,levenshtein,0.6690421104431152,0.7,1.0,0.8235294117647058,4,success,
89095,0,5,5,,distance,levenshtein,2.5106561183929443,0.7777777777777778,1.0,0.875,5,success,
33653,0,4,4,,distance,levenshtein,0.5622968673706055,0.7777777777777778,1.0,0.875,4,success,
8938,0,3,10,,distance,levenshtein,3.299211025238037,0.875,1.0,0.9333333333333333,10,success,
88322,0,5,5,,distance,levenshtein,0.7627389430999756,0.875,1.0,0.9333333333333333,5,success,
8938,0,4,2,,distance,levenshtein,0.09224891662597656,0.875,1.0,0.9333333333333333,2,success,
58283,0,4,10,,distance,levenshtein,0.6593921184539795,0.875,1.0,0.9333333333333333,10,success,
68503,0,3,6,,distance,levenshtein,2.6547939777374268,0.875,1.0,0.9333333333333333,6,success,
58656,0,4,7,,distance,levenshtein,0.443356990814209,0.7777777777777778,1.0,0.875,7,success,
11517,0,4,8,,distance,levenshtein,1.1492581367492676,1.0,1.0,1.0,8,success,
39871,0,4,7,,distance,levenshtein,3.519334077835083,1.0,1.0,1.0,7,success,
89095,0,5,6,,distance,levenshtein,0.35471391677856445,0.7777777777777778,1.0,0.875,6,success,
8938,0,4,3,,distance,levenshtein,0.2312328815460205,0.875,1.0,0.9333333333333333,3,success,
58283,0,5,2,,distance,levenshtein,0.10985493659973145,0.875,1.0,0.9333333333333333,2,success,
31055,0,4,8,,distance,levenshtein,0.5423569679260254,0.7777777777777778,1.0,0.875,8,success,
85303,0,5,9,,distance,levenshtein,2.1296188831329346,0.7777777777777778,1.0,0.875,9,success,
93344,0,5,8,,distance,levenshtein,0.6908018589019775,1.0,1.0,1.0,8,success,
56085,0,6,7,,distance,levenshtein,0.874769926071167,0.875,1.0,0.9333333333333333,7,success,
3075,0,4,5,,distance,levenshtein,0.8176350593566895,0.7,1.0,0.8235294117647058,5,success,
8938,0,4,4,,distance,levenshtein,0.23662209510803223,0.875,1.0,0.9333333333333333,4,success,
63198,0,4,9,,distance,levenshtein,0.7415060997009277,0.7777777777777778,1.0,0.875,9,success,
75385,0,4,6,,distance,levenshtein,1.8865339756011963,0.875,1.0,0.9333333333333333,6,success,
89095,0,5,7,,distance,levenshtein,0.3474540710449219,0.7777777777777778,1.0,0.875,7,success,
84787,0,6,8,,distance,levenshtein,1.9499540328979492,0.7777777777777778,1.0,0.875,8,success,
88322,0,5,6,,distance,levenshtein,1.0018200874328613,0.875,1.0,0.9333333333333333,6,success,
33653,0,4,5,,distance,levenshtein,1.284038782119751,0.7777777777777778,1.0,0.875,5,success,
11517,0,4,9,,distance,levenshtein,0.7258172035217285,1.0,1.0,1.0,9,success,
68503,0,3,7,,distance,levenshtein,0.8851900100708008,0.875,1.0,0.9333333333333333,7,success,
114,0,5,8,,distance,levenshtein,2.832688808441162,1.0,1.0,1.0,8,success,
39871,0,4,8,,distance,levenshtein,0.7262351512908936,1.0,1.0,1.0,8,success,
58283,0,5,3,,distance,levenshtein,0.8659069538116455,0.875,1.0,0.9333333333333333,3,success,
31055,0,4,9,,distance,levenshtein,0.6526219844818115,0.7777777777777778,1.0,0.875,9,success,
84787,0,6,9,,distance,levenshtein,0.16796588897705078,0.7777777777777778,1.0,0.875,9,success,
56085,0,6,8,,distance,levenshtein,0.7033610343933105,0.875,1.0,0.9333333333333333,8,success,
9178,0,5,9,,distance,levenshtein,5.202161073684692,0.7777777777777778,1.0,0.875,9,success,
56085,0,6,9,,distance,levenshtein,0.13722705841064453,0.875,1.0,0.9333333333333333,9,success,
28998,0,3,10,,distance,levenshtein,3.598078966140747,1.0,1.0,1.0,10,success,
93344,0,5,9,,distance,levenshtein,1.0185940265655518,1.0,1.0,1.0,9,success,
89095,0,5,8,,distance,levenshtein,0.6729350090026855,0.7777777777777778,1.0,0.875,8,success,
63198,0,4,10,,distance,levenshtein,0.8094291687011719,0.7777777777777778,1.0,0.875,10,success,
98846,0,3,10,,distance,levenshtein,3.748260974884033,0.7777777777777778,1.0,0.875,10,success,
84787,0,6,10,,distance,levenshtein,0.165693998336792,0.7777777777777778,1.0,0.875,10,success,
8938,0,4,5,,distance,levenshtein,1.1450920104980469,0.875,1.0,0.9333333333333333,5,success,
28998,0,4,2,,distance,levenshtein,0.09023189544677734,1.0,1.0,1.0,2,success,
45,0,5,6,,distance,levenshtein,3.5056049823760986,1.0,1.0,1.0,6,success,
63198,0,5,2,,distance,levenshtein,0.09319400787353516,0.7777777777777778,1.0,0.875,2,success,
98846,0,4,2,,distance,levenshtein,0.08743405342102051,0.7777777777777778,1.0,0.875,2,success,
68503,0,3,8,,distance,levenshtein,0.5043959617614746,0.875,1.0,0.9333333333333333,8,success,
39161,0,5,4,,distance,levenshtein,3.845176935195923,0.875,1.0,0.9333333333333333,4,success,
84787,1,0,2,,distance,levenshtein,0.24242091178894043,0.2647058823529412,1.0,0.4186046511627907,2,success,
11517,0,4,10,,distance,levenshtein,0.7591800689697266,1.0,1.0,1.0,10,success,
39871,0,4,9,,distance,levenshtein,0.6283178329467773,1.0,1.0,1.0,9,success,
31055,0,4,10,,distance,levenshtein,0.692080020904541,0.7777777777777778,1.0,0.875,10,success,
63198,0,5,3,,distance,levenshtein,0.21793889999389648,0.7777777777777778,1.0,0.875,3,success,
8988,0,3,7,,distance,levenshtein,14.014822006225586,0.875,1.0,0.9333333333333333,7,success,
6886,0,4,5,,distance,levenshtein,11.487652778625488,1.0,1.0,1.0,5,success,
98846,0,4,3,,distance,levenshtein,0.22046303749084473,0.7777777777777778,1.0,0.875,3,success,
55151,0,4,5,,distance,levenshtein,2.8140082359313965,1.0,1.0,1.0,5,success,
58283,0,5,4,,distance,levenshtein,1.0761830806732178,0.875,1.0,0.9333333333333333,4,success,
11517,0,5,2,,distance,levenshtein,0.10890579223632812,1.0,1.0,1.0,2,success,
31055,0,5,2,,distance,levenshtein,0.1321730613708496,0.7777777777777778,1.0,0.875,2,success,
65447,0,5,9,,distance,levenshtein,4.232618093490601,0.7777777777777778,1.0,0.875,9,success,
58656,0,4,8,,distance,levenshtein,2.4063189029693604,0.7777777777777778,1.0,0.875,8,success,
36624,0,3,7,,distance,levenshtein,11.804315090179443,0.7777777777777778,1.0,0.875,7,success,
84787,1,0,3,,distance,levenshtein,0.49414801597595215,0.2571428571428571,1.0,0.4090909090909091,3,success,
75385,0,4,7,,distance,levenshtein,1.9943490028381348,0.875,1.0,0.9333333333333333,7,success,
70332,0,4,10,,distance,levenshtein,5.6858978271484375,1.0,1.0,1.0,10,success,
89095,0,5,9,,distance,levenshtein,0.9278390407562256,0.7777777777777778,1.0,0.875,9,success,
98846,0,4,4,,distance,levenshtein,0.5030560493469238,0.7777777777777778,1.0,0.875,4,success,
6886,0,4,6,,distance,levenshtein,0.41525888442993164,1.0,1.0,1.0,6,success,
68503,0,3,9,,distance,levenshtein,0.7594828605651855,0.875,1.0,0.9333333333333333,9,success,
63198,0,5,4,,distance,levenshtein,0.6635348796844482,0.7777777777777778,1.0,0.875,4,success,
36624,0,3,8,,distance,levenshtein,0.11637711524963379,0.7777777777777778,1.0,0.875,8,success,
69007,1,0,4,,distance,levenshtein,3.734494924545288,0.3333333333333333,1.0,0.5,4,success,
55151,0,4,6,,distance,levenshtein,0.4670729637145996,1.0,1.0,1.0,6,success,
70332,0,5,2,,distance,levenshtein,0.12597203254699707,1.0,1.0,1.0,2,success,
39871,0,4,10,,distance,levenshtein,0.6734879016876221,1.0,1.0,1.0,10,success,
28998,0,4,3,,distance,levenshtein,1.3408639430999756,1.0,1.0,1.0,3,success,
93344,0,5,10,,distance,levenshtein,1.240502119064331,1.0,1.0,1.0,10,success,
39871,0,5,2,,distance,levenshtein,0.09631013870239258,1.0,1.0,1.0,2,success,
114,0,5,9,,distance,levenshtein,2.0176680088043213,1.0,1.0,1.0,9,success,
93344,0,6,2,,distance,levenshtein,0.061203956604003906,1.0,1.0,1.0,2,success,
70332,0,5,3,,distance,levenshtein,0.267596960067749,1.0,1.0,1.0,3,success,
89149,0,3,9,,distance,levenshtein,4.608766078948975,1.0,1.0,1.0,9,success,
58656,0,4,9,,distance,levenshtein,0.6618258953094482,0.7777777777777778,1.0,0.875,9,success,
93344,0,6,3,,distance,levenshtein,0.07118988037109375,1.0,1.0,1.0,3,success,
84787,1,0,4,,distance,levenshtein,0.7893679141998291,0.2571428571428571,1.0,0.4090909090909091,4,success,
39871,0,5,3,,distance,levenshtein,0.3027951717376709,1.0,0.8571428571428571,0.9230769230769231,3,success,
93344,0,6,4,,distance,levenshtein,0.0991818904876709,1.0,1.0,1.0,4,success,
55151,0,4,7,,distance,levenshtein,0.5370981693267822,1.0,1.0,1.0,7,success,
93344,0,6,5,,distance,levenshtein,0.052587032318115234,1.0,1.0,1.0,5,success,
28998,0,4,4,,distance,levenshtein,0.665219783782959,1.0,1.0,1.0,4,success,
63198,0,5,5,,distance,levenshtein,0.9530720710754395,0.7142857142857143,0.7142857142857143,0.7142857142857143,5,success,
8988,0,3,8,,distance,levenshtein,1.7729229927062988,0.875,1.0,0.9333333333333333,8,success,
68503,0,3,10,,distance,levenshtein,0.9788069725036621,0.875,1.0,0.9333333333333333,10,success,
98846,0,4,5,,distance,levenshtein,1.2050609588623047,0.7777777777777778,1.0,0.875,5,success,
8938,0,4,6,,distance,levenshtein,2.3229849338531494,0.875,1.0,0.9333333333333333,6,success,
93344,0,6,6,,distance,levenshtein,0.2543509006500244,1.0,0.8571428571428571,0.9230769230769231,6,success,
70332,0,5,4,,distance,levenshtein,0.7135281562805176,1.0,1.0,1.0,4,success,
68503,0,4,2,,distance,levenshtein,0.12671995162963867,0.875,1.0,0.9333333333333333,2,success,
6886,0,4,7,,distance,levenshtein,1.3376460075378418,1.0,1.0,1.0,7,success,
37843,0,4,8,,distance,levenshtein,11.692834854125977,0.875,1.0,0.9333333333333333,8,success,
11517,0,5,3,,distance,levenshtein,2.1718368530273438,1.0,1.0,1.0,3,success,
89095,0,5,10,,distance,levenshtein,1.218869924545288,0.7777777777777778,1.0,0.875,10,success,
114,0,5,10,,distance,levenshtein,1.0046617984771729,1.0,1.0,1.0,10,success,
93344,0,6,7,,distance,levenshtein,0.237015962600708,1.0,1.0,1.0,7,success,
89149,0,3,10,,distance,levenshtein,0.896928071975708,1.0,1.0,1.0,10,success,
114,0,6,2,,distance,levenshtein,0.053620100021362305,1.0,1.0,1.0,2,success,
58656,0,4,10,,distance,levenshtein,0.9697000980377197,0.7777777777777778,1.0,0.875,10,success,
89095,0,6,2,,distance,levenshtein,0.12135887145996094,0.7777777777777778,1.0,0.875,2,success,
68503,0,4,3,,distance,levenshtein,0.2968730926513672,0.875,1.0,0.9333333333333333,3,success,
65447,0,5,10,,distance,levenshtein,1.7529420852661133,0.7777777777777778,1.0,0.875,10,success,
114,0,6,3,,distance,levenshtein,0.0690150260925293,1.0,1.0,1.0,3,success,
39871,0,5,4,,distance,levenshtein,1.1295418739318848,1.0,1.0,1.0,4,success,
31055,0,5,3,,distance,levenshtein,2.520026922225952,0.7777777777777778,1.0,0.875,3,success,
58283,0,5,5,,distance,levenshtein,2.595241069793701,0.875,1.0,0.9333333333333333,5,success,
89149,0,4,2,,distance,levenshtein,0.12209200859069824,1.0,1.0,1.0,2,success,
58656,0,5,2,,distance,levenshtein,0.10724592208862305,0.7777777777777778,1.0,0.875,2,success,
79121,0,5,7,,distance,levenshtein,17.497427940368652,1.0,1.0,1.0,7,success,
65447,0,6,2,,distance,levenshtein,0.0878140926361084,0.7777777777777778,1.0,0.875,2,success,
55151,0,4,8,,distance,levenshtein,0.9125092029571533,1.0,1.0,1.0,8,success,
114,0,6,4,,distance,levenshtein,0.11827588081359863,1.0,1.0,1.0,4,success,
39161,0,5,5,,distance,levenshtein,3.0770649909973145,0.875,1.0,0.9333333333333333,5,success,
70332,0,5,5,,distance,levenshtein,0.6492400169372559,1.0,1.0,1.0,5,success,
89095,0,6,3,,distance,levenshtein,0.23848700523376465,0.7777777777777778,1.0,0.875,3,success,
65447,0,6,3,,distance,levenshtein,0.10282492637634277,0.7777777777777778,1.0,0.875,3,success,
79820,0,3,9,,distance,levenshtein,28.593295097351074,1.0,1.0,1.0,9,success,
114,0,6,5,,distance,levenshtein,0.04636502265930176,1.0,1.0,1.0,5,success,
9178,0,5,10,,distance,levenshtein,3.7893688678741455,0.7777777777777778,1.0,0.875,10,success,
58283,0,5,6,,distance,levenshtein,0.3467881679534912,0.875,1.0,0.9333333333333333,6,success,
6886,0,4,8,,distance,levenshtein,0.7464499473571777,1.0,1.0,1.0,8,success,
28998,0,4,5,,distance,levenshtein,1.5841879844665527,1.0,0.7142857142857143,0.8333333333333334,5,success,
68503,0,4,4,,distance,levenshtein,0.702225923538208,0.875,1.0,0.9333333333333333,4,success,
9178,0,6,2,,distance,levenshtein,0.06400609016418457,0.7777777777777778,1.0,0.875,2,success,
75385,0,4,8,,distance,levenshtein,2.8230531215667725,0.875,1.0,0.9333333333333333,8,success,
39161,0,5,6,,distance,levenshtein,0.37932491302490234,0.875,1.0,0.9333333333333333,6,success,
65447,0,6,4,,distance,levenshtein,0.4108428955078125,0.7777777777777778,1.0,0.875,4,success,
89095,0,6,4,,distance,levenshtein,0.5408649444580078,0.7777777777777778,1.0,0.875,4,success,
114,0,6,6,,distance,levenshtein,0.3630950450897217,1.0,1.0,1.0,6,success,
9178,0,6,3,,distance,levenshtein,0.06878900527954102,0.7777777777777778,1.0,0.875,3,success,
56085,0,6,10,,distance,levenshtein,4.379175901412964,0.875,1.0,0.9333333333333333,10,success,
79121,0,5,8,,distance,levenshtein,0.6814470291137695,1.0,1.0,1.0,8,success,
11517,0,5,4,,distance,levenshtein,1.4975600242614746,1.0,1.0,1.0,4,success,
9178,0,6,4,,distance,levenshtein,0.10173296928405762,0.7777777777777778,1.0,0.875,4,success,
89095,0,6,5,,distance,levenshtein,0.14468693733215332,0.7777777777777778,1.0,0.875,5,success,
56085,1,0,2,,distance,levenshtein,0.14350605010986328,0.14516129032258066,1.0,0.2535211267605634,2,success,
89149,0,4,3,,distance,levenshtein,1.100214958190918,1.0,1.0,1.0,3,success,
28998,0,4,6,,distance,levenshtein,0.3936431407928467,1.0,1.0,1.0,6,success,
39161,0,5,7,,distance,levenshtein,0.12904095649719238,0.875,1.0,0.9333333333333333,7,success,
58283,0,5,7,,distance,levenshtein,0.500817060470581,0.875,1.0,0.9333333333333333,7,success,
9178,0,6,5,,distance,levenshtein,0.052999019622802734,0.7777777777777778,1.0,0.875,5,success,
93344,0,6,8,,distance,levenshtein,1.6580300331115723,1.0,0.8571428571428571,0.9230769230769231,8,success,
114,0,6,7,,distance,levenshtein,0.3626530170440674,1.0,1.0,1.0,7,success,
58656,0,5,3,,distance,levenshtein,1.2830450534820557,0.7777777777777778,1.0,0.875,3,success,
65447,0,6,5,,distance,levenshtein,0.43442583084106445,0.7777777777777778,1.0,0.875,5,success,
93344,0,6,9,,distance,levenshtein,0.1282651424407959,1.0,1.0,1.0,9,success,
8938,0,4,7,,distance,levenshtein,2.346855878829956,0.875,1.0,0.9333333333333333,7,success,
9178,0,6,6,,distance,levenshtein,0.3066401481628418,0.7777777777777778,1.0,0.875,6,success,
89095,0,6,6,,distance,levenshtein,0.41800808906555176,0.7777777777777778,1.0,0.875,6,success,
93344,0,6,10,,distance,levenshtein,0.12703800201416016,1.0,1.0,1.0,10,success,
56085,1,0,3,,distance,levenshtein,0.6550540924072266,0.25,1.0,0.4,3,success,
6886,0,4,9,,distance,levenshtein,1.0538489818572998,1.0,1.0,1.0,9,success,
58283,0,5,8,,distance,levenshtein,0.5038619041442871,0.875,1.0,0.9333333333333333,8,success,
28998,0,4,7,,distance,levenshtein,0.47635412216186523,1.0,1.0,1.0,7,success,
9178,0,6,7,,distance,levenshtein,0.2391059398651123,0.7777777777777778,1.0,0.875,7,success,
32584,0,3,8,,distance,levenshtein,25.41077494621277,0.875,1.0,0.9333333333333333,8,success,
3075,0,4,6,,distance,levenshtein,6.854521036148071,0.7,1.0,0.8235294117647058,6,success,
72994,1,0,5,,distance,levenshtein,7.805121898651123,0.25,1.0,0.4,5,success,
93344,1,0,2,,distance,levenshtein,0.09990501403808594,0.2647058823529412,1.0,0.4186046511627907,2,success,
39161,0,5,8,,distance,levenshtein,0.7546470165252686,0.875,1.0,0.9333333333333333,8,success,
31055,0,5,4,,distance,levenshtein,2.3393490314483643,0.7777777777777778,1.0,0.875,4,success,
89149,0,4,4,,distance,levenshtein,1.064774990081787,1.0,1.0,1.0,4,success,
65447,0,6,6,,distance,levenshtein,0.8835740089416504,0.7777777777777778,1.0,0.875,6,success,
39871,0,5,5,,distance,levenshtein,2.6241848468780518,1.0,1.0,1.0,5,success,
79121,0,5,9,,distance,levenshtein,1.3789770603179932,1.0,1.0,1.0,9,success,
93344,1,0,3,,distance,levenshtein,0.31995296478271484,0.24324324324324326,1.0,0.391304347826087,3,success,
68503,0,4,5,,distance,levenshtein,1.8911449909210205,0.875,1.0,0.9333333333333333,5,success,
29382,0,1,9,,distance,levenshtein,59.37082290649414,1.0,1.0,1.0,9,success,
89095,0,6,7,,distance,levenshtein,0.7217569351196289,0.7777777777777778,1.0,0.875,7,success,
3075,0,4,7,,distance,levenshtein,0.3747720718383789,0.7,1.0,0.8235294117647058,7,success,
93884,0,3,9,,distance,levenshtein,22.22231388092041,0.7777777777777778,1.0,0.875,9,success,
58656,0,5,4,,distance,levenshtein,1.267516851425171,0.7777777777777778,1.0,0.875,4,success,
33653,0,4,6,,distance,levenshtein,7.119868993759155,0.7777777777777778,1.0,0.875,6,success,
28998,0,4,8,,distance,levenshtein,0.5663931369781494,1.0,1.0,1.0,8,success,
69007,1,0,5,,distance,levenshtein,4.9461448192596436,0.3333333333333333,1.0,0.5,5,success,
31055,0,5,5,,distance,levenshtein,0.3651280403137207,0.7777777777777778,1.0,0.875,5,success,
58283,0,5,9,,distance,levenshtein,0.7453880310058594,0.875,1.0,0.9333333333333333,9,success,
39871,0,5,6,,distance,levenshtein,0.32427215576171875,1.0,1.0,1.0,6,success,
93344,1,0,4,,distance,levenshtein,0.5156469345092773,0.24324324324324326,1.0,0.391304347826087,4,success,
114,0,6,8,,distance,levenshtein,1.8729429244995117,1.0,1.0,1.0,8,success,
3075,0,4,8,,distance,levenshtein,0.47623205184936523,0.7,1.0,0.8235294117647058,8,success,
39161,0,5,9,,distance,levenshtein,0.8555560111999512,0.875,1.0,0.9333333333333333,9,success,
79121,0,5,10,,distance,levenshtein,0.580700159072876,1.0,1.0,1.0,10,success,
9178,0,6,8,,distance,levenshtein,1.410856008529663,0.7777777777777778,1.0,0.875,8,success,
79121,0,6,2,,distance,levenshtein,0.05550193786621094,1.0,1.0,1.0,2,success,
114,0,6,9,,distance,levenshtein,0.13161396980285645,1.0,1.0,1.0,9,success,
6886,0,4,10,,distance,levenshtein,1.1856811046600342,1.0,1.0,1.0,10,success,
162,0,4,7,,distance,levenshtein,13.530180931091309,0.7,1.0,0.8235294117647058,7,success,
79121,0,6,3,,distance,levenshtein,0.06541800498962402,1.0,1.0,1.0,3,success,
31055,0,5,6,,distance,levenshtein,0.5034890174865723,0.7777777777777778,1.0,0.875,6,success,
9178,0,6,9,,distance,levenshtein,0.10653805732727051,0.7777777777777778,1.0,0.875,9,success,
39871,0,5,7,,distance,levenshtein,0.4432828426361084,1.0,1.0,1.0,7,success,
28998,0,4,9,,distance,levenshtein,0.7396748065948486,1.0,1.0,1.0,9,success,
79121,0,6,4,,distance,levenshtein,0.08605289459228516,1.0,1.0,1.0,4,success,
114,0,6,10,,distance,levenshtein,0.13042092323303223,1.0,1.0,1.0,10,success,
6886,0,5,2,,distance,levenshtein,0.11294102668762207,1.0,1.0,1.0,2,success,
89095,0,6,8,,distance,levenshtein,1.074660062789917,0.7777777777777778,1.0,0.875,8,success,
79121,0,6,5,,distance,levenshtein,0.048612117767333984,1.0,1.0,1.0,5,success,
9178,0,6,10,,distance,levenshtein,0.10621404647827148,0.7777777777777778,1.0,0.875,10,success,
85303,0,5,10,,distance,levenshtein,8.972901105880737,0.7777777777777778,1.0,0.875,10,success,
84787,1,0,5,,distance,levenshtein,5.51000714302063,0.25,1.0,0.4,5,success,
114,1,0,2,,distance,levenshtein,0.1679830551147461,0.13432835820895522,1.0,0.23684210526315788,2,success,
65447,0,6,7,,distance,levenshtein,1.6774959564208984,0.7777777777777778,1.0,0.875,7,success,
9178,1,0,2,,distance,levenshtein,0.13463592529296875,0.13043478260869565,1.0,0.23076923076923078,2,success,
85303,0,6,2,,distance,levenshtein,0.05852007865905762,0.7777777777777778,1.0,0.875,2,success,
3075,0,4,9,,distance,levenshtein,0.6005258560180664,0.7,1.0,0.8235294117647058,9,success,
6886,0,5,3,,distance,levenshtein,0.2995491027832031,1.0,1.0,1.0,3,success,
58283,0,5,10,,distance,levenshtein,1.031677007675171,0.875,1.0,0.9333333333333333,10,success,
79121,0,6,6,,distance,levenshtein,0.28482604026794434,1.0,1.0,1.0,6,success,
85303,0,6,3,,distance,levenshtein,0.06412100791931152,0.7777777777777778,1.0,0.875,3,success,
11517,0,5,5,,distance,levenshtein,3.3324790000915527,1.0,1.0,1.0,5,success,
58283,0,6,2,,distance,levenshtein,0.07261180877685547,0.875,1.0,0.9333333333333333,2,success,
39871,0,5,8,,distance,levenshtein,0.5694291591644287,1.0,1.0,1.0,8,success,
65447,0,6,8,,distance,levenshtein,0.15097403526306152,0.7777777777777778,1.0,0.875,8,success,
85303,0,6,4,,distance,levenshtein,0.08981990814208984,0.7777777777777778,1.0,0.875,4,success,
39161,0,5,10,,distance,levenshtein,0.8941760063171387,0.875,1.0,0.9333333333333333,10,success,
31055,0,5,7,,distance,levenshtein,0.7194340229034424,0.7777777777777778,1.0,0.875,7,success,
75385,0,4,9,,distance,levenshtein,3.802907943725586,0.875,1.0,0.9333333333333333,9,success,
162,0,4,8,,distance,levenshtein,0.7528629302978516,0.7,1.0,0.8235294117647058,8,success,
85303,0,6,5,,distance,levenshtein,0.05137300491333008,0.7777777777777778,1.0,0.875,5,success,
79121,0,6,7,,distance,levenshtein,0.24430108070373535,1.0,1.0,1.0,7,success,
39161,0,6,2,,distance,levenshtein,0.06261515617370605,0.8571428571428571,0.8571428571428571,0.8571428571428571,2,success,
88322,0,5,7,,distance,levenshtein,9.300182104110718,0.875,1.0,0.9333333333333333,7,success,
58283,0,6,3,,distance,levenshtein,0.22984910011291504,0.875,1.0,0.9333333333333333,3,success,
89095,0,6,9,,distance,levenshtein,0.6497080326080322,0.7777777777777778,1.0,0.875,9,success,
8938,0,4,8,,distance,levenshtein,3.175950050354004,0.875,1.0,0.9333333333333333,8,success,
65447,0,6,9,,distance,levenshtein,0.14822602272033691,0.7777777777777778,1.0,0.875,9,success,
33653,0,4,7,,distance,levenshtein,2.0635929107666016,0.7777777777777778,1.0,0.875,7,success,
98846,0,4,6,,distance,levenshtein,5.882684946060181,0.7777777777777778,1.0,0.875,6,success,
9178,1,0,3,,distance,levenshtein,0.652961015701294,0.3103448275862069,1.0,0.47368421052631576,3,success,
63198,0,5,6,,distance,levenshtein,6.229779958724976,0.7777777777777778,1.0,0.875,6,success,
85303,0,6,6,,distance,levenshtein,0.2969329357147217,0.7777777777777778,1.0,0.875,6,success,
6886,0,5,4,,distance,levenshtein,0.6941959857940674,1.0,1.0,1.0,4,success,
3075,0,4,10,,distance,levenshtein,0.6509499549865723,0.7,1.0,0.8235294117647058,10,success,
28998,0,4,10,,distance,levenshtein,1.0433361530303955,1.0,1.0,1.0,10,success,
39161,0,6,3,,distance,levenshtein,0.2710418701171875,0.875,1.0,0.9333333333333333,3,success,
75385,0,4,10,,distance,levenshtein,0.22905683517456055,0.875,1.0,0.9333333333333333,10,success,
93344,1,0,5,,distance,levenshtein,1.9784669876098633,0.23684210526315788,1.0,0.3829787234042553,5,success,
65447,0,6,10,,distance,levenshtein,0.1568140983581543,0.7777777777777778,1.0,0.875,10,success,
114,1,0,3,,distance,levenshtein,1.1175119876861572,0.2903225806451613,1.0,0.45,3,success,
3075,0,5,2,,distance,levenshtein,0.1043710708618164,0.7,1.0,0.8235294117647058,2,success,
28998,0,5,2,,distance,levenshtein,0.12290692329406738,1.0,1.0,1.0,2,success,
33653,0,4,8,,distance,levenshtein,0.390596866607666,0.7777777777777778,1.0,0.875,8,success,
65447,1,0,2,,distance,levenshtein,0.12918782234191895,0.13846153846153847,1.0,0.24324324324324326,2,success,
85303,0,6,7,,distance,levenshtein,0.2818310260772705,0.7777777777777778,1.0,0.875,7,success,
88322,0,5,8,,distance,levenshtein,0.4688701629638672,0.875,1.0,0.9333333333333333,8,success,
39871,0,5,9,,distance,levenshtein,0.6869959831237793,1.0,1.0,1.0,9,success,
39161,0,6,4,,distance,levenshtein,0.2574779987335205,0.875,1.0,0.9333333333333333,4,success,
75385,0,5,2,,distance,levenshtein,0.20691609382629395,0.875,1.0,0.9333333333333333,2,success,
58656,0,5,5,,distance,levenshtein,2.937161922454834,0.7777777777777778,1.0,0.875,5,success,
55151,0,4,9,,distance,levenshtein,5.6198320388793945,1.0,1.0,1.0,9,success,
28998,0,5,3,,distance,levenshtein,0.25832390785217285,1.0,1.0,1.0,3,success,
8938,0,4,9,,distance,levenshtein,0.7104148864746094,0.875,1.0,0.9333333333333333,9,success,
162,0,4,9,,distance,levenshtein,0.7307219505310059,0.7,1.0,0.8235294117647058,9,success,
31055,0,5,8,,distance,levenshtein,0.9823839664459229,0.7777777777777778,1.0,0.875,8,success,
89095,0,6,10,,distance,levenshtein,0.7766790390014648,0.7777777777777778,1.0,0.875,10,success,
39161,0,6,5,,distance,levenshtein,0.3451418876647949,0.875,1.0,0.9333333333333333,5,success,
11517,0,5,6,,distance,levenshtein,1.4981598854064941,1.0,1.0,1.0,6,success,
56085,1,0,4,,distance,levenshtein,4.231921195983887,0.25,1.0,0.4,4,success,
9178,1,0,4,,distance,levenshtein,1.0316190719604492,0.3103448275862069,1.0,0.47368421052631576,4,success,
89095,1,0,2,,distance,levenshtein,0.1718587875366211,0.2647058823529412,1.0,0.4186046511627907,2,success,
58656,0,5,6,,distance,levenshtein,0.3800051212310791,0.7777777777777778,1.0,0.875,6,success,
75385,0,5,3,,distance,levenshtein,0.5297069549560547,0.875,1.0,0.9333333333333333,3,success,
33653,0,4,9,,distance,levenshtein,0.5951550006866455,0.7777777777777778,1.0,0.875,9,success,
93344,1,0,6,,distance,levenshtein,0.9694478511810303,0.24324324324324326,1.0,0.391304347826087,6,success,
93884,0,3,10,,distance,levenshtein,3.642026901245117,0.7777777777777778,1.0,0.875,10,success,
26253,0,3,10,,distance,levenshtein,29.135108947753906,0.875,1.0,0.9333333333333333,10,success,
39161,0,6,6,,distance,levenshtein,0.2484149932861328,0.8571428571428571,0.8571428571428571,0.8571428571428571,6,success,
88322,0,5,9,,distance,levenshtein,0.5680739879608154,0.875,1.0,0.9333333333333333,9,success,
79121,0,6,8,,distance,levenshtein,1.6610920429229736,1.0,1.0,1.0,8,success,
3075,0,5,3,,distance,levenshtein,1.0633940696716309,0.7,1.0,0.8235294117647058,3,success,
65447,1,0,3,,distance,levenshtein,0.9742438793182373,0.2571428571428571,1.0,0.4090909090909091,3,success,
93884,0,4,2,,distance,levenshtein,0.08887195587158203,0.7777777777777778,1.0,0.875,2,success,
26253,0,4,2,,distance,levenshtein,0.10531401634216309,0.875,1.0,0.9333333333333333,2,success,
79121,0,6,9,,distance,levenshtein,0.11095881462097168,1.0,1.0,1.0,9,success,
59934,0,1,10,,distance,levenshtein,39.207515001297,0.875,1.0,0.9333333333333333,10,success,
28998,0,5,4,,distance,levenshtein,0.9020099639892578,1.0,1.0,1.0,4,success,
8938,0,4,10,,distance,levenshtein,0.8047628402709961,0.875,1.0,0.9333333333333333,10,success,
89095,1,0,3,,distance,levenshtein,0.5556550025939941,0.24324324324324326,1.0,0.391304347826087,3,success,
6886,0,5,5,,distance,levenshtein,1.7725629806518555,1.0,1.0,1.0,5,success,
59934,0,2,2,,distance,levenshtein,0.11860799789428711,0.875,1.0,0.9333333333333333,2,success,
11517,0,5,7,,distance,levenshtein,0.6925320625305176,1.0,1.0,1.0,7,success,
79121,0,6,10,,distance,levenshtein,0.11410093307495117,1.0,1.0,1.0,10,success,
88322,0,5,10,,distance,levenshtein,0.25610780715942383,0.875,1.0,0.9333333333333333,10,success,
39161,0,6,7,,distance,levenshtein,0.4844520092010498,0.875,1.0,0.9333333333333333,7,success,
85303,0,6,8,,distance,levenshtein,1.4330542087554932,0.7777777777777778,1.0,0.875,8,success,
58656,0,5,7,,distance,levenshtein,0.5946860313415527,0.7777777777777778,1.0,0.875,7,success,
93884,0,4,3,,distance,levenshtein,0.4915921688079834,0.7777777777777778,1.0,0.875,3,success,
162,0,4,10,,distance,levenshtein,0.9008748531341553,0.7,1.0,0.8235294117647058,10,success,
8938,0,5,2,,distance,levenshtein,0.132371187210083,0.875,1.0,0.9333333333333333,2,success,
88322,0,6,2,,distance,levenshtein,0.06336712837219238,0.875,1.0,0.9333333333333333,2,success,
33653,0,4,10,,distance,levenshtein,0.6696970462799072,0.7777777777777778,1.0,0.875,10,success,
84787,1,0,6,,distance,levenshtein,3.0886850357055664,0.2571428571428571,1.0,0.4090909090909091,6,success,
63198,0,5,7,,distance,levenshtein,2.0891008377075195,0.7777777777777778,1.0,0.875,7,success,
58283,0,6,4,,distance,levenshtein,2.472399950027466,0.875,1.0,0.9333333333333333,4,success,
79121,1,0,2,,distance,levenshtein,0.16638708114624023,0.28125,1.0,0.43902439024390244,2,success,
55151,0,4,10,,distance,levenshtein,1.1847121715545654,1.0,1.0,1.0,10,success,
85303,0,6,9,,distance,levenshtein,0.13150596618652344,0.7777777777777778,1.0,0.875,9,success,
88322,0,6,3,,distance,levenshtein,0.07111597061157227,0.875,1.0,0.9333333333333333,3,success,
39161,0,6,8,,distance,levenshtein,0.15340709686279297,0.875,1.0,0.9333333333333333,8,success,
98846,0,4,7,,distance,levenshtein,2.338693141937256,0.7777777777777778,1.0,0.875,7,success,
31055,0,5,9,,distance,levenshtein,1.1692750453948975,0.7777777777777778,1.0,0.875,9,success,
162,0,5,2,,distance,levenshtein,0.13421416282653809,0.7,1.0,0.8235294117647058,2,success,
33653,0,5,2,,distance,levenshtein,0.11216402053833008,0.7777777777777778,1.0,0.875,2,success,
93884,0,4,4,,distance,levenshtein,0.22801804542541504,0.7777777777777778,1.0,0.875,4,success,
88322,0,6,4,,distance,levenshtein,0.0987098217010498,0.875,1.0,0.9333333333333333,4,success,
55151,0,5,2,,distance,levenshtein,0.17121195793151855,1.0,1.0,1.0,2,success,
85303,0,6,10,,distance,levenshtein,0.1318509578704834,0.7777777777777778,1.0,0.875,10,success,
114,1,0,4,,distance,levenshtein,2.2635300159454346,0.2903225806451613,1.0,0.45,4,success,
58283,0,6,5,,distance,levenshtein,0.2043900489807129,0.875,1.0,0.9333333333333333,5,success,
88322,0,6,5,,distance,levenshtein,0.05070304870605469,0.875,1.0,0.9333333333333333,5,success,
28998,0,5,5,,distance,levenshtein,0.826746940612793,1.0,0.8571428571428571,0.9230769230769231,5,success,
79121,1,0,3,,distance,levenshtein,0.378572940826416,0.2647058823529412,1.0,0.4186046511627907,3,success,
9178,1,0,5,,distance,levenshtein,1.6372160911560059,0.32142857142857145,1.0,0.4864864864864865,5,success,
26253,0,4,3,,distance,levenshtein,1.2214901447296143,0.875,1.0,0.9333333333333333,3,success,
85303,1,0,2,,distance,levenshtein,0.13599085807800293,0.2727272727272727,1.0,0.42857142857142855,2,success,
8938,0,5,3,,distance,levenshtein,0.7023859024047852,0.875,1.0,0.9333333333333333,3,success,
33653,0,5,3,,distance,levenshtein,0.4325990676879883,0.7777777777777778,1.0,0.875,3,success,
162,0,5,3,,distance,levenshtein,0.4068131446838379,0.7,1.0,0.8235294117647058,3,success,
88322,0,6,6,,distance,levenshtein,0.3056919574737549,0.875,1.0,0.9333333333333333,6,success,
11517,0,5,8,,distance,levenshtein,0.8137621879577637,1.0,1.0,1.0,8,success,
58656,0,5,8,,distance,levenshtein,0.7404680252075195,0.7777777777777778,1.0,0.875,8,success,
89095,1,0,4,,distance,levenshtein,1.3405449390411377,0.23684210526315788,1.0,0.3829787234042553,4,success,
63198,0,5,8,,distance,levenshtein,1.0384409427642822,0.7777777777777778,1.0,0.875,8,success,
58283,0,6,6,,distance,levenshtein,0.6902780532836914,0.875,1.0,0.9333333333333333,6,success,
88322,0,6,7,,distance,levenshtein,0.2757680416107178,0.875,1.0,0.9333333333333333,7,success,
28998,0,5,6,,distance,levenshtein,0.5319678783416748,1.0,1.0,1.0,6,success,
55151,0,5,3,,distance,levenshtein,0.7026591300964355,1.0,1.0,1.0,3,success,
39161,0,6,9,,distance,levenshtein,1.0406041145324707,0.875,1.0,0.9333333333333333,9,success,
7239,0,4,7,,distance,levenshtein,18.686464071273804,0.7777777777777778,1.0,0.875,7,success,
85303,1,0,3,,distance,levenshtein,0.6482470035552979,0.2571428571428571,1.0,0.4090909090909091,3,success,
79121,1,0,4,,distance,levenshtein,0.9504978656768799,0.2647058823529412,1.0,0.4186046511627907,4,success,
65447,1,0,4,,distance,levenshtein,2.268205165863037,0.2571428571428571,1.0,0.4090909090909091,4,success,
93884,0,4,5,,distance,levenshtein,1.5311999320983887,0.7777777777777778,1.0,0.875,5,success,
58283,0,6,7,,distance,levenshtein,0.5385568141937256,0.875,1.0,0.9333333333333333,7,success,
63198,0,5,9,,distance,levenshtein,0.5410239696502686,0.7777777777777778,1.0,0.875,9,success,
26253,0,4,4,,distance,levenshtein,1.3615281581878662,0.875,1.0,0.9333333333333333,4,success,
11517,0,5,9,,distance,levenshtein,0.9714779853820801,1.0,1.0,1.0,9,success,
162,0,5,4,,distance,levenshtein,1.2642230987548828,0.7,1.0,0.8235294117647058,4,success,
7239,0,4,8,,distance,levenshtein,0.5568490028381348,0.7777777777777778,1.0,0.875,8,success,
31055,0,5,10,,distance,levenshtein,1.584320068359375,0.7777777777777778,1.0,0.875,10,success,
28998,0,5,7,,distance,levenshtein,0.6724610328674316,1.0,1.0,1.0,7,success,
51338,0,4,7,,distance,levenshtein,41.93019199371338,0.875,1.0,0.9333333333333333,7,success,
31055,0,6,2,,distance,levenshtein,0.0648958683013916,0.7777777777777778,1.0,0.875,2,success,
85303,1,0,4,,distance,levenshtein,0.9428539276123047,0.2571428571428571,1.0,0.4090909090909091,4,success,
59934,0,2,3,,distance,levenshtein,2.797304153442383,0.875,1.0,0.9333333333333333,3,success,
31055,0,6,3,,distance,levenshtein,0.07208514213562012,0.7777777777777778,1.0,0.875,3,success,
33653,0,5,4,,distance,levenshtein,1.7325239181518555,0.7777777777777778,1.0,0.875,4,success,
87228,0,3,9,,distance,levenshtein,17.30615997314453,0.7777777777777778,1.0,0.875,9,success,
31055,0,6,4,,distance,levenshtein,0.10307502746582031,0.7777777777777778,1.0,0.875,4,success,
63198,0,5,10,,distance,levenshtein,0.591414213180542,0.7777777777777778,1.0,0.875,10,success,
31055,0,6,5,,distance,levenshtein,0.05333900451660156,0.7777777777777778,1.0,0.875,5,success,
28998,0,5,8,,distance,levenshtein,0.40543413162231445,1.0,1.0,1.0,8,success,
58283,0,6,8,,distance,levenshtein,0.9066038131713867,0.875,1.0,0.9333333333333333,8,success,
63198,0,6,2,,distance,levenshtein,0.06011390686035156,0.7777777777777778,1.0,0.875,2,success,
39161,0,6,10,,distance,levenshtein,1.5491678714752197,0.875,1.0,0.9333333333333333,10,success,
70332,0,5,6,,distance,levenshtein,10.601058006286621,1.0,1.0,1.0,6,success,
88322,0,6,8,,distance,levenshtein,1.8064148426055908,0.875,1.0,0.9333333333333333,8,success,
33653,0,5,5,,distance,levenshtein,0.28898096084594727,0.7777777777777778,1.0,0.875,5,success,
87228,0,3,10,,distance,levenshtein,0.16416501998901367,0.7777777777777778,1.0,0.875,10,success,
63198,0,6,3,,distance,levenshtein,0.06910896301269531,0.7777777777777778,1.0,0.875,3,success,
3075,0,5,4,,distance,levenshtein,3.8878989219665527,0.7,1.0,0.8235294117647058,4,success,
9471,0,4,10,,distance,levenshtein,20.161738872528076,1.0,1.0,1.0,10,success,
87228,0,4,2,,distance,levenshtein,0.08638501167297363,0.7777777777777778,1.0,0.875,2,success,
56085,1,0,5,,distance,levenshtein,4.530678987503052,0.25,1.0,0.4,5,success,
31055,0,6,6,,distance,levenshtein,0.32192397117614746,0.7777777777777778,1.0,0.875,6,success,
7239,0,4,9,,distance,levenshtein,0.8919830322265625,0.7777777777777778,1.0,0.875,9,success,
63198,0,6,4,,distance,levenshtein,0.09859108924865723,0.7777777777777778,1.0,0.875,4,success,
88322,0,6,9,,distance,levenshtein,0.1341550350189209,0.875,1.0,0.9333333333333333,9,success,
11517,0,5,10,,distance,levenshtein,0.9137470722198486,1.0,0.8571428571428571,0.9230769230769231,10,success,
9471,0,5,2,,distance,levenshtein,0.09341192245483398,1.0,1.0,1.0,2,success,
39161,1,0,2,,distance,levenshtein,0.1719341278076172,0.13432835820895522,1.0,0.23684210526315788,2,success,
58283,0,6,9,,distance,levenshtein,0.19873499870300293,0.875,1.0,0.9333333333333333,9,success,
63198,0,6,5,,distance,levenshtein,0.04956817626953125,0.7777777777777778,1.0,0.875,5,success,
11517,0,6,2,,distance,levenshtein,0.05662798881530762,1.0,1.0,1.0,2,success,
87228,0,4,3,,distance,levenshtein,0.20322489738464355,0.7777777777777778,1.0,0.875,3,success,
11517,0,6,3,,distance,levenshtein,0.06413698196411133,1.0,1.0,1.0,3,success,
88322,0,6,10,,distance,levenshtein,0.12534809112548828,0.875,1.0,0.9333333333333333,10,success,
58656,0,5,9,,distance,levenshtein,2.5462050437927246,0.7777777777777778,1.0,0.875,9,success,
9471,0,5,3,,distance,levenshtein,0.22216200828552246,1.0,1.0,1.0,3,success,
31055,0,6,7,,distance,levenshtein,0.2869532108306885,0.7777777777777778,1.0,0.875,7,success,
93344,1,0,7,,distance,levenshtein,4.702797889709473,0.25,1.0,0.4,7,success,
6886,0,5,6,,distance,levenshtein,4.070982933044434,1.0,1.0,1.0,6,success,
11517,0,6,4,,distance,levenshtein,0.08841609954833984,1.0,1.0,1.0,4,success,
63198,0,6,6,,distance,levenshtein,0.2964920997619629,0.7777777777777778,1.0,0.875,6,success,
88322,1,0,2,,distance,levenshtein,0.15059185028076172,0.13846153846153847,1.0,0.24324324324324326,2,success,
11517,0,6,5,,distance,levenshtein,0.04717206954956055,1.0,1.0,1.0,5,success,
87228,0,4,4,,distance,levenshtein,0.3923978805541992,0.7777777777777778,1.0,0.875,4,success,
28998,0,5,9,,distance,levenshtein,0.9914278984069824,1.0,1.0,1.0,9,success,
63198,0,6,7,,distance,levenshtein,0.2671051025390625,0.7777777777777778,1.0,0.875,7,success,
9471,0,5,4,,distance,levenshtein,0.5152831077575684,1.0,1.0,1.0,4,success,
33653,0,5,6,,distance,levenshtein,1.0897510051727295,0.7777777777777778,1.0,0.875,6,success,
11517,0,6,6,,distance,levenshtein,0.2747170925140381,1.0,1.0,1.0,6,success,
39161,1,0,3,,distance,levenshtein,0.8230528831481934,0.28125,1.0,0.43902439024390244,3,success,
79121,1,0,5,,distance,levenshtein,2.871016025543213,0.2647058823529412,1.0,0.4186046511627907,5,success,
11298,0,4,9,,distance,levenshtein,27.00840187072754,0.875,1.0,0.9333333333333333,9,success,
7239,0,4,10,,distance,levenshtein,0.970221996307373,0.7777777777777778,1.0,0.875,10,success,
11517,0,6,7,,distance,levenshtein,0.2567589282989502,1.0,1.0,1.0,7,success,
97635,0,4,7,,distance,levenshtein,27.718740940093994,1.0,1.0,1.0,7,success,
68503,0,4,6,,distance,levenshtein,10.039303064346313,0.875,1.0,0.9333333333333333,6,success,
7239,0,5,2,,distance,levenshtein,0.13503694534301758,0.7777777777777778,1.0,0.875,2,success,
88322,1,0,3,,distance,levenshtein,0.907660961151123,0.2647058823529412,1.0,0.4186046511627907,3,success,
11298,0,4,10,,distance,levenshtein,0.15004706382751465,0.875,1.0,0.9333333333333333,10,success,
58283,0,6,10,,distance,levenshtein,1.3310019969940186,0.875,1.0,0.9333333333333333,10,success,
9178,1,0,6,,distance,levenshtein,4.615955829620361,0.3103448275862069,1.0,0.47368421052631576,6,success,
58656,0,5,10,,distance,levenshtein,1.056161880493164,0.7777777777777778,1.0,0.875,10,success,
39871,0,5,10,,distance,levenshtein,6.887014865875244,1.0,1.0,1.0,10,success,
3075,0,5,5,,distance,levenshtein,1.9842770099639893,0.7,1.0,0.8235294117647058,5,success,
11298,0,5,2,,distance,levenshtein,0.10821199417114258,0.875,1.0,0.9333333333333333,2,success,
33653,0,5,7,,distance,levenshtein,0.6345131397247314,0.7777777777777778,1.0,0.875,7,success,
58656,0,6,2,,distance,levenshtein,0.07345795631408691,0.7777777777777778,1.0,0.875,2,success,
65447,1,0,5,,distance,levenshtein,3.638442039489746,0.2571428571428571,1.0,0.4090909090909091,5,success,
31055,0,6,8,,distance,levenshtein,1.5913159847259521,0.7777777777777778,1.0,0.875,8,success,
58283,1,0,2,,distance,levenshtein,0.2210218906402588,0.2647058823529412,1.0,0.4186046511627907,2,success,
39871,0,6,2,,distance,levenshtein,0.08790397644042969,1.0,1.0,1.0,2,success,
87228,0,4,5,,distance,levenshtein,1.1773180961608887,0.7777777777777778,1.0,0.875,5,success,
7239,0,5,3,,distance,levenshtein,0.3960750102996826,0.7777777777777778,1.0,0.875,3,success,
68503,0,4,7,,distance,levenshtein,0.49089717864990234,0.875,1.0,0.9333333333333333,7,success,
85303,1,0,5,,distance,levenshtein,3.1701159477233887,0.23076923076923078,1.0,0.375,5,success,
11298,0,5,3,,distance,levenshtein,0.29488706588745117,0.875,1.0,0.9333333333333333,3,success,
39871,0,6,3,,distance,levenshtein,0.1254289150238037,1.0,1.0,1.0,3,success,
58656,0,6,3,,distance,levenshtein,0.2869389057159424,0.7777777777777778,1.0,0.875,3,success,
31055,0,6,9,,distance,levenshtein,0.13551616668701172,0.7777777777777778,1.0,0.875,9,success,
3075,0,5,6,,distance,levenshtein,0.29281187057495117,0.7,1.0,0.8235294117647058,6,success,
63198,0,6,8,,distance,levenshtein,1.4809658527374268,0.7777777777777778,1.0,0.875,8,success,
9471,0,5,5,,distance,levenshtein,1.3813469409942627,1.0,1.0,1.0,5,success,
31055,0,6,10,,distance,levenshtein,0.1313490867614746,0.7777777777777778,1.0,0.875,10,success,
58283,1,0,3,,distance,levenshtein,0.5499749183654785,0.2571428571428571,1.0,0.4090909090909091,3,success,
58656,0,6,4,,distance,levenshtein,0.30744099617004395,0.7777777777777778,1.0,0.875,4,success,
162,0,5,5,,distance,levenshtein,3.9677109718322754,0.7,1.0,0.8235294117647058,5,success,
39871,0,6,4,,distance,levenshtein,0.3517801761627197,1.0,1.0,1.0,4,success,
33653,0,5,8,,distance,levenshtein,0.623927116394043,0.7777777777777778,1.0,0.875,8,success,
63198,0,6,9,,distance,levenshtein,0.13188600540161133,0.7777777777777778,1.0,0.875,9,success,
31055,1,0,2,,distance,levenshtein,0.1462690830230713,0.140625,1.0,0.2465753424657534,2,success,
68503,0,4,8,,distance,levenshtein,0.41783905029296875,0.875,1.0,0.9333333333333333,8,success,
114,1,0,5,,distance,levenshtein,6.141576051712036,0.2903225806451613,1.0,0.45,5,success,
3075,0,5,7,,distance,levenshtein,0.4333181381225586,0.7,1.0,0.8235294117647058,7,success,
11517,0,6,8,,distance,levenshtein,1.639375925064087,1.0,1.0,1.0,8,success,
63198,0,6,10,,distance,levenshtein,0.11949896812438965,0.7777777777777778,1.0,0.875,10,success,
58656,0,6,5,,distance,levenshtein,0.3983190059661865,0.7777777777777778,1.0,0.875,5,success,
11298,0,5,4,,distance,levenshtein,0.9070930480957031,0.875,1.0,0.9333333333333333,4,success,
11517,0,6,9,,distance,levenshtein,0.11520910263061523,1.0,1.0,1.0,9,success,
39161,1,0,4,,distance,levenshtein,2.252120018005371,0.28125,1.0,0.43902439024390244,4,success,
162,0,5,6,,distance,levenshtein,0.44910311698913574,0.7,1.0,0.8235294117647058,6,success,
63198,1,0,2,,distance,levenshtein,0.18882203102111816,0.25,1.0,0.4,2,success,
39871,0,6,5,,distance,levenshtein,0.7734489440917969,1.0,1.0,1.0,5,success,
58656,0,6,6,,distance,levenshtein,0.2743949890136719,0.7777777777777778,1.0,0.875,6,success,
11517,0,6,10,,distance,levenshtein,0.1109619140625,1.0,1.0,1.0,10,success,
89149,0,4,5,,distance,levenshtein,12.675857782363892,1.0,1.0,1.0,5,success,
6886,0,5,7,,distance,levenshtein,3.3640849590301514,1.0,1.0,1.0,7,success,
63198,1,0,3,,distance,levenshtein,0.26750898361206055,0.25,1.0,0.4,3,success,
11517,1,0,2,,distance,levenshtein,0.11782598495483398,0.23684210526315788,1.0,0.3829787234042553,2,success,
31055,1,0,3,,distance,levenshtein,0.919471025466919,0.25,1.0,0.4,3,success,
68503,0,4,9,,distance,levenshtein,0.7522189617156982,0.875,1.0,0.9333333333333333,9,success,
33653,0,5,9,,distance,levenshtein,0.9471039772033691,0.7777777777777778,1.0,0.875,9,success,
7239,0,5,4,,distance,levenshtein,1.9516489505767822,0.7777777777777778,1.0,0.875,4,success,
87228,0,4,6,,distance,levenshtein,2.125308036804199,0.7777777777777778,1.0,0.875,6,success,
89149,0,4,6,,distance,levenshtein,0.2889068126678467,1.0,1.0,1.0,6,success,
162,0,5,7,,distance,levenshtein,0.6184449195861816,0.7,1.0,0.8235294117647058,7,success,
58656,0,6,7,,distance,levenshtein,0.6217670440673828,0.7777777777777778,1.0,0.875,7,success,
29382,0,1,10,,distance,levenshtein,12.997505903244019,1.0,1.0,1.0,10,success,
85303,1,0,6,,distance,levenshtein,2.16400408744812,0.23684210526315788,1.0,0.3829787234042553,6,success,
6886,0,5,8,,distance,levenshtein,0.4899449348449707,1.0,1.0,1.0,8,success,
3075,0,5,8,,distance,levenshtein,1.352437973022461,0.7,1.0,0.8235294117647058,8,success,
29382,0,2,2,,distance,levenshtein,0.08735322952270508,1.0,1.0,1.0,2,success,
97635,0,4,8,,distance,levenshtein,3.1433091163635254,1.0,1.0,1.0,8,success,
11517,1,0,3,,distance,levenshtein,0.6648070812225342,0.21951219512195122,1.0,0.36,3,success,
39871,0,6,6,,distance,levenshtein,0.9199740886688232,1.0,1.0,1.0,6,success,
58283,1,0,4,,distance,levenshtein,1.9768061637878418,0.25,1.0,0.4,4,success,
89149,0,4,7,,distance,levenshtein,0.4580810070037842,1.0,1.0,1.0,7,success,
55151,0,5,4,,distance,levenshtein,7.551139831542969,1.0,1.0,1.0,4,success,
11517,1,0,4,,distance,levenshtein,0.5001039505004883,0.225,1.0,0.3673469387755102,4,success,
93884,0,4,6,,distance,levenshtein,7.076786994934082,0.7777777777777778,1.0,0.875,6,success,
63198,1,0,4,,distance,levenshtein,1.2887208461761475,0.24324324324324326,1.0,0.391304347826087,4,success,
89095,1,0,5,,distance,levenshtein,8.049545049667358,0.24324324324324326,1.0,0.391304347826087,5,success,
6886,0,5,9,,distance,levenshtein,0.643225908279419,1.0,1.0,1.0,9,success,
58656,0,6,8,,distance,levenshtein,0.8217730522155762,0.7777777777777778,1.0,0.875,8,success,
162,0,5,8,,distance,levenshtein,0.9107780456542969,0.7,1.0,0.8235294117647058,8,success,
3075,0,5,9,,distance,levenshtein,0.8127050399780273,0.7,1.0,0.8235294117647058,9,success,
89149,0,4,8,,distance,levenshtein,0.5902531147003174,1.0,1.0,1.0,8,success,
88322,1,0,4,,distance,levenshtein,4.300154209136963,0.2647058823529412,1.0,0.4186046511627907,4,success,
55151,0,5,5,,distance,levenshtein,0.3843090534210205,1.0,1.0,1.0,5,success,
93344,1,0,8,,distance,levenshtein,5.622166156768799,0.24324324324324326,1.0,0.391304347826087,8,success,
31055,1,0,4,,distance,levenshtein,1.9736878871917725,0.25,1.0,0.4,4,success,
39871,0,6,7,,distance,levenshtein,1.2419838905334473,1.0,1.0,1.0,7,success,
11298,0,5,5,,distance,levenshtein,2.6729750633239746,0.875,1.0,0.9333333333333333,5,success,
7239,0,5,5,,distance,levenshtein,1.9413700103759766,0.7777777777777778,1.0,0.875,5,success,
45,0,5,7,,distance,levenshtein,21.14796781539917,1.0,1.0,1.0,7,success,
29382,0,2,3,,distance,levenshtein,1.814620018005371,1.0,1.0,1.0,3,success,
97635,0,4,9,,distance,levenshtein,1.678697109222412,1.0,1.0,1.0,9,success,
6886,0,5,10,,distance,levenshtein,0.7752528190612793,1.0,1.0,1.0,10,success,
11298,0,5,6,,distance,levenshtein,0.3180379867553711,0.875,1.0,0.9333333333333333,6,success,
55151,0,5,6,,distance,levenshtein,0.4554588794708252,1.0,1.0,1.0,6,success,
6886,0,6,2,,distance,levenshtein,0.060517072677612305,1.0,1.0,1.0,2,success,
58656,0,6,9,,distance,levenshtein,1.1404290199279785,0.7777777777777778,1.0,0.875,9,success,
89149,0,4,9,,distance,levenshtein,0.816352128982544,1.0,1.0,1.0,9,success,
6886,0,6,3,,distance,levenshtein,0.1663820743560791,1.0,1.0,1.0,3,success,
63198,1,0,5,,distance,levenshtein,1.6687049865722656,0.24324324324324326,1.0,0.391304347826087,5,success,
3075,0,5,10,,distance,levenshtein,0.9659090042114258,0.7,1.0,0.8235294117647058,10,success,
45,0,5,8,,distance,levenshtein,0.6174769401550293,1.0,1.0,1.0,8,success,
3075,0,6,2,,distance,levenshtein,0.061553955078125,0.7,1.0,0.8235294117647058,2,success,
11298,0,5,7,,distance,levenshtein,0.4573328495025635,0.875,1.0,0.9333333333333333,7,success,
6886,0,6,4,,distance,levenshtein,0.27212095260620117,1.0,1.0,1.0,4,success,
3075,0,6,3,,distance,levenshtein,0.07055306434631348,0.7,1.0,0.8235294117647058,3,success,
97635,0,4,10,,distance,levenshtein,0.5481531620025635,1.0,1.0,1.0,10,success,
55151,0,5,7,,distance,levenshtein,0.6221320629119873,1.0,1.0,1.0,7,success,
3075,0,6,4,,distance,levenshtein,0.10021209716796875,0.7,1.0,0.8235294117647058,4,success,
97635,0,5,2,,distance,levenshtein,0.09379696846008301,1.0,1.0,1.0,2,success,
3075,0,6,5,,distance,levenshtein,0.05122518539428711,0.7,1.0,0.8235294117647058,5,success,
39871,0,6,8,,distance,levenshtein,1.6473381519317627,1.0,1.0,1.0,8,success,
93884,0,4,7,,distance,levenshtein,2.3971829414367676,0.7777777777777778,1.0,0.875,7,success,
9471,0,5,6,,distance,levenshtein,5.632392168045044,1.0,1.0,1.0,6,success,
89149,0,4,10,,distance,levenshtein,0.8114161491394043,1.0,1.0,1.0,10,success,
97635,0,5,3,,distance,levenshtein,0.38622379302978516,1.0,1.0,1.0,3,success,
3075,0,6,6,,distance,levenshtein,0.31192898750305176,0.7,1.0,0.8235294117647058,6,success,
58656,0,6,10,,distance,levenshtein,1.2174022197723389,0.7777777777777778,1.0,0.875,10,success,
45,0,5,9,,distance,levenshtein,0.7257781028747559,1.0,1.0,1.0,9,success,
39871,0,6,9,,distance,levenshtein,0.1887359619140625,1.0,1.0,1.0,9,success,
89149,0,5,2,,distance,levenshtein,0.08679080009460449,1.0,1.0,1.0,2,success,
6886,0,6,5,,distance,levenshtein,0.8848080635070801,1.0,1.0,1.0,5,success,
11298,0,5,8,,distance,levenshtein,0.7600889205932617,0.875,1.0,0.9333333333333333,8,success,
79121,1,0,6,,distance,levenshtein,7.344982862472534,0.2647058823529412,1.0,0.4186046511627907,6,success,
11517,1,0,5,,distance,levenshtein,3.160489082336426,0.23076923076923078,1.0,0.375,5,success,
68503,0,4,10,,distance,levenshtein,4.391162157058716,0.875,1.0,0.9333333333333333,10,success,
28998,0,5,10,,distance,levenshtein,7.594466924667358,1.0,0.8571428571428571,0.9230769230769231,10,success,
58656,1,0,2,,distance,levenshtein,0.15335392951965332,0.14516129032258066,1.0,0.2535211267605634,2,success,
6886,0,6,6,,distance,levenshtein,0.11470985412597656,1.0,1.0,1.0,6,success,
89149,0,5,3,,distance,levenshtein,0.19158101081848145,1.0,1.0,1.0,3,success,
3075,0,6,7,,distance,levenshtein,0.28502702713012695,0.7,1.0,0.8235294117647058,7,success,
63198,1,0,6,,distance,levenshtein,1.439068078994751,0.23684210526315788,1.0,0.3829787234042553,6,success,
28998,0,6,2,,distance,levenshtein,0.06099820137023926,1.0,1.0,1.0,2,success,
68503,0,5,2,,distance,levenshtein,0.08733010292053223,0.875,1.0,0.9333333333333333,2,success,
39161,1,0,5,,distance,levenshtein,5.373035907745361,0.28125,1.0,0.43902439024390244,5,success,
93884,0,4,8,,distance,levenshtein,0.6611080169677734,0.7777777777777778,1.0,0.875,8,success,
97635,0,5,4,,distance,levenshtein,0.5585370063781738,1.0,1.0,1.0,4,success,
28998,0,6,3,,distance,levenshtein,0.07463216781616211,1.0,1.0,1.0,3,success,
6886,0,6,7,,distance,levenshtein,0.12787890434265137,1.0,1.0,1.0,7,success,
68503,0,5,3,,distance,levenshtein,0.1918652057647705,0.875,1.0,0.9333333333333333,3,success,
28998,0,6,4,,distance,levenshtein,0.10092496871948242,1.0,1.0,1.0,4,success,
69007,1,0,6,,distance,levenshtein,17.561470985412598,0.3333333333333333,1.0,0.5,6,success,
28998,0,6,5,,distance,levenshtein,0.050839900970458984,1.0,1.0,1.0,5,success,
45,0,5,10,,distance,levenshtein,0.6148741245269775,1.0,1.0,1.0,10,success,
89149,0,5,4,,distance,levenshtein,0.5094649791717529,1.0,1.0,1.0,4,success,
58656,1,0,3,,distance,levenshtein,0.6317629814147949,0.24324324324324326,1.0,0.391304347826087,3,success,
65447,1,0,6,,distance,levenshtein,7.547282934188843,0.2571428571428571,1.0,0.4090909090909091,6,success,
45,0,6,2,,distance,levenshtein,0.06343507766723633,1.0,1.0,1.0,2,success,
8938,0,5,4,,distance,levenshtein,12.630621910095215,0.875,1.0,0.9333333333333333,4,success,
93884,0,4,9,,distance,levenshtein,0.5032329559326172,0.7777777777777778,1.0,0.875,9,success,
37843,0,4,9,,distance,levenshtein,21.789047956466675,0.875,1.0,0.9333333333333333,9,success,
28998,0,6,6,,distance,levenshtein,0.3127250671386719,1.0,1.0,1.0,6,success,
68503,0,5,4,,distance,levenshtein,0.6026370525360107,0.875,1.0,0.9333333333333333,4,success,
45,0,6,3,,distance,levenshtein,0.2686619758605957,1.0,1.0,1.0,3,success,
6886,0,6,8,,distance,levenshtein,0.8116269111633301,1.0,1.0,1.0,8,success,
37843,0,4,10,,distance,levenshtein,0.15778207778930664,0.875,1.0,0.9333333333333333,10,success,
28998,0,6,7,,distance,levenshtein,0.27924203872680664,1.0,1.0,1.0,7,success,
93884,0,4,10,,distance,levenshtein,0.22554588317871094,0.7777777777777778,1.0,0.875,10,success,
45,0,6,4,,distance,levenshtein,0.326524019241333,1.0,1.0,1.0,4,success,
37843,0,5,2,,distance,levenshtein,0.1214301586151123,0.875,1.0,0.9333333333333333,2,success,
8938,0,5,5,,distance,levenshtein,0.45842885971069336,0.875,1.0,0.9333333333333333,5,success,
93884,0,5,2,,distance,levenshtein,0.08053207397460938,0.7777777777777778,1.0,0.875,2,success,
72994,1,0,6,,distance,levenshtein,19.802743911743164,0.24324324324324326,1.0,0.391304347826087,6,success,
9178,1,0,7,,distance,levenshtein,8.861080884933472,0.3103448275862069,1.0,0.47368421052631576,7,success,
97635,0,5,5,,distance,levenshtein,1.516848087310791,1.0,1.0,1.0,5,success,
93884,0,5,3,,distance,levenshtein,0.16824984550476074,0.7777777777777778,1.0,0.875,3,success,
3075,0,6,8,,distance,levenshtein,1.905290126800537,0.7,1.0,0.8235294117647058,8,success,
15852,0,2,8,,distance,levenshtein,32.96231698989868,0.875,1.0,0.9333333333333333,8,success,
162,0,5,9,,distance,levenshtein,4.877147912979126,0.7,1.0,0.8235294117647058,9,success,
45,0,6,5,,distance,levenshtein,0.444195032119751,1.0,1.0,1.0,5,success,
114,1,0,6,,distance,levenshtein,7.974424123764038,0.2903225806451613,1.0,0.45,6,success,
6886,0,6,9,,distance,levenshtein,0.7965569496154785,1.0,1.0,1.0,9,success,
93884,0,5,4,,distance,levenshtein,0.21650409698486328,0.7777777777777778,1.0,0.875,4,success,
36624,0,3,9,,distance,levenshtein,24.740200996398926,0.7777777777777778,1.0,0.875,9,success,
3075,0,6,9,,distance,levenshtein,0.13100600242614746,0.7,1.0,0.8235294117647058,9,success,
58283,1,0,5,,distance,levenshtein,6.2953009605407715,0.2571428571428571,1.0,0.4090909090909091,5,success,
11298,0,5,9,,distance,levenshtein,2.4230599403381348,0.875,1.0,0.9333333333333333,9,success,
70332,0,5,7,,distance,levenshtein,11.711344957351685,1.0,1.0,1.0,7,success,
45,0,6,6,,distance,levenshtein,0.16540884971618652,1.0,1.0,1.0,6,success,
8938,0,5,6,,distance,levenshtein,0.5893850326538086,0.875,1.0,0.9333333333333333,6,success,
79820,0,3,10,,distance,levenshtein,22.43636393547058,1.0,1.0,1.0,10,success,
3075,0,6,10,,distance,levenshtein,0.12961602210998535,0.7,1.0,0.8235294117647058,10,success,
68503,0,5,5,,distance,levenshtein,1.4835059642791748,0.875,1.0,0.9333333333333333,5,success,
93884,0,5,5,,distance,levenshtein,0.30164599418640137,0.7777777777777778,1.0,0.875,5,success,
36624,0,3,10,,distance,levenshtein,0.17340517044067383,0.7777777777777778,1.0,0.875,10,success,
79820,0,4,2,,distance,levenshtein,0.07436800003051758,1.0,1.0,1.0,2,success,
3075,1,0,2,,distance,levenshtein,0.14850306510925293,0.14285714285714285,1.0,0.25,2,success,
36624,0,4,2,,distance,levenshtein,0.0919029712677002,0.7777777777777778,1.0,0.875,2,success,
79820,0,4,3,,distance,levenshtein,0.12100481986999512,1.0,1.0,1.0,3,success,
37843,0,5,3,,distance,levenshtein,1.523427963256836,0.875,1.0,0.9333333333333333,3,success,
36624,0,4,3,,distance,levenshtein,0.2005290985107422,0.7777777777777778,1.0,0.875,3,success,
28998,0,6,8,,distance,levenshtein,1.8565640449523926,1.0,1.0,1.0,8,success,
29382,0,2,4,,distance,levenshtein,5.6178998947143555,1.0,1.0,1.0,4,success,
45,0,6,7,,distance,levenshtein,0.68572998046875,1.0,1.0,1.0,7,success,
70332,0,5,8,,distance,levenshtein,0.6961941719055176,1.0,1.0,1.0,8,success,
58656,1,0,4,,distance,levenshtein,2.729980945587158,0.25,1.0,0.4,4,success,
79820,0,4,4,,distance,levenshtein,0.3866109848022461,1.0,1.0,1.0,4,success,
6886,0,6,10,,distance,levenshtein,1.089709997177124,1.0,1.0,1.0,10,success,
31055,1,0,5,,distance,levenshtein,6.250638008117676,0.25,1.0,0.4,5,success,
28998,0,6,9,,distance,levenshtein,0.1349489688873291,1.0,1.0,1.0,9,success,
89149,0,5,5,,distance,levenshtein,3.118006944656372,1.0,1.0,1.0,5,success,
3075,1,0,3,,distance,levenshtein,0.7316842079162598,0.23684210526315788,1.0,0.3829787234042553,3,success,
11298,0,5,10,,distance,levenshtein,1.0253958702087402,0.875,1.0,0.9333333333333333,10,success,
6886,1,0,2,,distance,levenshtein,0.16926002502441406,0.2727272727272727,1.0,0.42857142857142855,2,success,
8938,0,5,7,,distance,levenshtein,0.9582691192626953,0.875,1.0,0.9333333333333333,7,success,
55151,0,5,8,,distance,levenshtein,4.776560068130493,1.0,1.0,1.0,8,success,
162,0,5,10,,distance,levenshtein,1.2560579776763916,0.7,1.0,0.8235294117647058,10,success,
88322,1,0,5,,distance,levenshtein,6.725409030914307,0.2647058823529412,1.0,0.4186046511627907,5,success,
28998,0,6,10,,distance,levenshtein,0.13323712348937988,1.0,1.0,1.0,10,success,
36624,0,4,4,,distance,levenshtein,0.6176629066467285,0.7777777777777778,1.0,0.875,4,success,
11298,0,6,2,,distance,levenshtein,0.0628499984741211,0.875,1.0,0.9333333333333333,2,success,
59934,0,2,4,,distance,levenshtein,14.108616828918457,0.875,1.0,0.9333333333333333,4,success,
162,0,6,2,,distance,levenshtein,0.07202911376953125,0.7,1.0,0.8235294117647058,2,success,
11298,0,6,3,,distance,levenshtein,0.06997990608215332,0.875,1.0,0.9333333333333333,3,success,
93884,0,5,6,,distance,levenshtein,1.482456922531128,0.7777777777777778,1.0,0.875,6,success,
162,0,6,3,,distance,levenshtein,0.08440995216369629,0.7,1.0,0.8235294117647058,3,success,
11298,0,6,4,,distance,levenshtein,0.10377311706542969,0.875,1.0,0.9333333333333333,4,success,
28998,1,0,2,,distance,levenshtein,0.28730201721191406,0.12162162162162163,1.0,0.21686746987951808,2,success,
11298,0,6,5,,distance,levenshtein,0.05244112014770508,0.875,1.0,0.9333333333333333,5,success,
6886,1,0,3,,distance,levenshtein,0.5521469116210938,0.2647058823529412,1.0,0.4186046511627907,3,success,
162,0,6,4,,distance,levenshtein,0.12249207496643066,0.7,1.0,0.8235294117647058,4,success,
15852,0,2,9,,distance,levenshtein,1.881134033203125,0.875,1.0,0.9333333333333333,9,success,
9178,1,0,8,,distance,levenshtein,2.603503942489624,0.3103448275862069,1.0,0.47368421052631576,8,success,
45,0,6,8,,distance,levenshtein,0.9630119800567627,1.0,1.0,1.0,8,success,
70332,0,5,9,,distance,levenshtein,0.8831520080566406,1.0,1.0,1.0,9,success,
11517,1,0,6,,distance,levenshtein,4.859952926635742,0.21951219512195122,1.0,0.36,6,success,
63198,1,0,7,,distance,levenshtein,4.701414108276367,0.23684210526315788,1.0,0.3829787234042553,7,success,
162,0,6,5,,distance,levenshtein,0.06882810592651367,0.7,1.0,0.8235294117647058,5,success,
84787,1,0,7,,distance,levenshtein,17.542837142944336,0.2571428571428571,1.0,0.4090909090909091,7,success,
26253,0,4,5,,distance,levenshtein,15.394790887832642,0.875,1.0,0.9333333333333333,5,success,
11298,0,6,6,,distance,levenshtein,0.3155090808868408,0.875,1.0,0.9333333333333333,6,success,
68503,0,5,6,,distance,levenshtein,2.2605719566345215,0.875,1.0,0.9333333333333333,6,success,
59934,0,2,5,,distance,levenshtein,0.7166848182678223,0.875,1.0,0.9333333333333333,5,success,
162,0,6,6,,distance,levenshtein,0.3780379295349121,0.7,1.0,0.8235294117647058,6,success,
8938,0,5,8,,distance,levenshtein,1.0120880603790283,0.875,1.0,0.9333333333333333,8,success,
89095,1,0,6,,distance,levenshtein,8.567490100860596,0.23684210526315788,1.0,0.3829787234042553,6,success,
28998,1,0,3,,distance,levenshtein,0.8345417976379395,0.36,1.0,0.5294117647058824,3,success,
58283,1,0,6,,distance,levenshtein,2.819365978240967,0.2571428571428571,1.0,0.4090909090909091,6,success,
11298,0,6,7,,distance,levenshtein,0.28561997413635254,0.875,1.0,0.9333333333333333,7,success,
8988,0,3,9,,distance,levenshtein,26.824790000915527,0.875,1.0,0.9333333333333333,9,success,
36624,0,4,5,,distance,levenshtein,1.3079578876495361,0.7777777777777778,1.0,0.875,5,success,
59934,0,2,6,,distance,levenshtein,0.27224302291870117,0.875,1.0,0.9333333333333333,6,success,
26253,0,4,6,,distance,levenshtein,0.4147500991821289,0.875,1.0,0.9333333333333333,6,success,
55151,0,5,9,,distance,levenshtein,1.274549961090088,1.0,1.0,1.0,9,success,
39871,0,6,10,,distance,levenshtein,6.047041177749634,1.0,1.0,1.0,10,success,
162,0,6,7,,distance,levenshtein,0.3108649253845215,0.7,1.0,0.8235294117647058,7,success,
58656,1,0,5,,distance,levenshtein,2.2064919471740723,0.24324324324324326,1.0,0.391304347826087,5,success,
7239,0,5,6,,distance,levenshtein,8.470516204833984,0.7777777777777778,1.0,0.875,6,success,
3075,1,0,4,,distance,levenshtein,2.093139886856079,0.21621621621621623,0.8888888888888888,0.34782608695652173,4,success,
29382,0,2,5,,distance,levenshtein,2.432035207748413,1.0,1.0,1.0,5,success,
93884,0,5,7,,distance,levenshtein,1.6407349109649658,0.7777777777777778,1.0,0.875,7,success,
70332,0,5,10,,distance,levenshtein,1.0674471855163574,1.0,1.0,1.0,10,success,
39871,1,0,2,,distance,levenshtein,0.232590913772583,0.13432835820895522,1.0,0.23684210526315788,2,success,
45,0,6,9,,distance,levenshtein,1.391038179397583,1.0,1.0,1.0,9,success,
89149,0,5,6,,distance,levenshtein,2.4405839443206787,1.0,1.0,1.0,6,success,
70332,0,6,2,,distance,levenshtein,0.12504291534423828,1.0,1.0,1.0,2,success,
29382,0,2,6,,distance,levenshtein,0.37926483154296875,1.0,1.0,1.0,6,success,
8988,0,3,10,,distance,levenshtein,0.8784220218658447,0.875,1.0,0.9333333333333333,10,success,
7239,0,5,7,,distance,levenshtein,0.46858811378479004,0.7777777777777778,1.0,0.875,7,success,
8988,0,4,2,,distance,levenshtein,0.0659029483795166,0.875,1.0,0.9333333333333333,2,success,
70332,0,6,3,,distance,levenshtein,0.2712850570678711,1.0,1.0,1.0,3,success,
28998,1,0,4,,distance,levenshtein,1.5861740112304688,0.36,1.0,0.5294117647058824,4,success,
8988,0,4,3,,distance,levenshtein,0.12417483329772949,0.875,1.0,0.9333333333333333,3,success,
79121,1,0,7,,distance,levenshtein,7.336730003356934,0.2647058823529412,1.0,0.4186046511627907,7,success,
39871,1,0,3,,distance,levenshtein,0.8615310192108154,0.28125,1.0,0.43902439024390244,3,success,
11298,0,6,8,,distance,levenshtein,1.738210916519165,0.875,1.0,0.9333333333333333,8,success,
8938,0,5,9,,distance,levenshtein,1.5125401020050049,0.875,1.0,0.9333333333333333,9,success,
70332,0,6,4,,distance,levenshtein,0.3574178218841553,1.0,1.0,1.0,4,success,
29382,0,2,7,,distance,levenshtein,0.46540403366088867,1.0,1.0,1.0,7,success,
11298,0,6,9,,distance,levenshtein,0.16361188888549805,0.875,1.0,0.9333333333333333,9,success,
8988,0,4,4,,distance,levenshtein,0.38301897048950195,0.875,1.0,0.9333333333333333,4,success,
93344,1,0,9,,distance,levenshtein,10.49729299545288,0.24324324324324326,1.0,0.391304347826087,9,success,
7239,0,5,8,,distance,levenshtein,0.6624429225921631,0.7777777777777778,1.0,0.875,8,success,
15852,0,2,10,,distance,levenshtein,2.4212961196899414,0.875,1.0,0.9333333333333333,10,success,
55151,0,5,10,,distance,levenshtein,1.5490269660949707,1.0,1.0,1.0,10,success,
15852,0,3,2,,distance,levenshtein,0.05075383186340332,0.875,1.0,0.9333333333333333,2,success,
55151,0,6,2,,distance,levenshtein,0.07592916488647461,1.0,1.0,1.0,2,success,
11298,0,6,10,,distance,levenshtein,0.16524505615234375,0.875,1.0,0.9333333333333333,10,success,
162,0,6,8,,distance,levenshtein,2.174091100692749,0.7,1.0,0.8235294117647058,8,success,
15852,0,3,3,,distance,levenshtein,0.11319279670715332,0.875,1.0,0.9333333333333333,3,success,
55151,0,6,3,,distance,levenshtein,0.08846902847290039,1.0,1.0,1.0,3,success,
32584,0,3,9,,distance,levenshtein,26.544352054595947,0.875,1.0,0.9333333333333333,9,success,
45,0,6,10,,distance,levenshtein,1.7892529964447021,1.0,1.0,1.0,10,success,
11298,1,0,2,,distance,levenshtein,0.19099998474121094,0.14285714285714285,1.0,0.25,2,success,
70332,0,6,5,,distance,levenshtein,0.8237290382385254,1.0,1.0,1.0,5,success,
162,0,6,9,,distance,levenshtein,0.15592312812805176,0.7,1.0,0.8235294117647058,9,success,
55151,0,6,4,,distance,levenshtein,0.1269230842590332,1.0,1.0,1.0,4,success,
6886,1,0,4,,distance,levenshtein,4.03129506111145,0.2571428571428571,1.0,0.4090909090909091,4,success,
55151,0,6,5,,distance,levenshtein,0.0633840560913086,1.0,1.0,1.0,5,success,
45,1,0,2,,distance,levenshtein,0.17927193641662598,0.15517241379310345,1.0,0.26865671641791045,2,success,
89149,0,5,7,,distance,levenshtein,2.191228151321411,1.0,1.0,1.0,7,success,
7239,0,5,9,,distance,levenshtein,0.7712719440460205,0.7777777777777778,1.0,0.875,9,success,
93884,0,5,8,,distance,levenshtein,2.5340850353240967,0.7777777777777778,1.0,0.875,8,success,
29382,0,2,8,,distance,levenshtein,1.0105090141296387,1.0,1.0,1.0,8,success,
162,0,6,10,,distance,levenshtein,0.15558218955993652,0.7,1.0,0.8235294117647058,10,success,
75385,0,5,4,,distance,levenshtein,22.787946939468384,0.875,1.0,0.9333333333333333,4,success,
33653,0,5,10,,distance,levenshtein,13.580020904541016,0.7777777777777778,1.0,0.875,10,success,
59934,0,2,7,,distance,levenshtein,3.276642084121704,0.875,1.0,0.9333333333333333,7,success,
70332,0,6,6,,distance,levenshtein,0.45562291145324707,1.0,1.0,1.0,6,success,
11298,1,0,3,,distance,levenshtein,0.5840020179748535,0.2647058823529412,1.0,0.4186046511627907,3,success,
32584,0,3,10,,distance,levenshtein,0.6123549938201904,0.875,1.0,0.9333333333333333,10,success,
55151,0,6,6,,distance,levenshtein,0.3789980411529541,1.0,1.0,1.0,6,success,
33653,0,6,2,,distance,levenshtein,0.07863402366638184,0.7777777777777778,1.0,0.875,2,success,
162,1,0,2,,distance,levenshtein,0.19054102897644043,0.13846153846153847,1.0,0.24324324324324326,2,success,
32584,0,4,2,,distance,levenshtein,0.0808858871459961,0.875,1.0,0.9333333333333333,2,success,
26253,0,4,7,,distance,levenshtein,3.491689920425415,0.875,1.0,0.9333333333333333,7,success,
39871,1,0,4,,distance,levenshtein,1.983915090560913,0.28125,1.0,0.43902439024390244,4,success,
33653,0,6,3,,distance,levenshtein,0.09212994575500488,0.7777777777777778,1.0,0.875,3,success,
75385,0,5,5,,distance,levenshtein,0.3397219181060791,0.875,1.0,0.9333333333333333,5,success,
89149,0,5,8,,distance,levenshtein,0.5521740913391113,1.0,1.0,1.0,8,success,
70332,0,6,7,,distance,levenshtein,0.19474005699157715,1.0,1.0,1.0,7,success,
15852,0,3,4,,distance,levenshtein,1.3538541793823242,0.875,1.0,0.9333333333333333,4,success,
45,1,0,3,,distance,levenshtein,0.7511880397796631,0.23076923076923078,1.0,0.375,3,success,
32584,0,4,3,,distance,levenshtein,0.17998504638671875,0.875,1.0,0.9333333333333333,3,success,
33653,0,6,4,,distance,levenshtein,0.1287529468536377,0.7777777777777778,1.0,0.875,4,success,
55151,0,6,7,,distance,levenshtein,0.3337559700012207,1.0,1.0,1.0,7,success,
8938,0,5,10,,distance,levenshtein,1.7448070049285889,0.875,1.0,0.9333333333333333,10,success,
33653,0,6,5,,distance,levenshtein,0.05934596061706543,0.7777777777777778,1.0,0.875,5,success,
8938,0,6,2,,distance,levenshtein,0.08579206466674805,0.875,1.0,0.9333333333333333,2,success,
7239,0,5,10,,distance,levenshtein,0.886070966720581,0.7777777777777778,1.0,0.875,10,success,
3075,1,0,5,,distance,levenshtein,4.067133903503418,0.23684210526315788,1.0,0.3829787234042553,5,success,
59934,0,2,8,,distance,levenshtein,0.7955269813537598,0.875,1.0,0.9333333333333333,8,success,
7239,0,6,2,,distance,levenshtein,0.0648798942565918,0.7777777777777778,1.0,0.875,2,success,
32584,0,4,4,,distance,levenshtein,0.3783690929412842,0.8,0.5714285714285714,0.6666666666666666,4,success,
15852,0,3,5,,distance,levenshtein,0.47899794578552246,0.875,1.0,0.9333333333333333,5,success,
29382,0,2,9,,distance,levenshtein,0.9463870525360107,1.0,1.0,1.0,9,success,
98846,0,4,8,,distance,levenshtein,22.929811000823975,0.7777777777777778,1.0,0.875,8,success,
162,1,0,3,,distance,levenshtein,0.891228199005127,0.28125,1.0,0.43902439024390244,3,success,
33653,0,6,6,,distance,levenshtein,0.383699893951416,0.7777777777777778,1.0,0.875,6,success,
89149,0,5,9,,distance,levenshtein,0.5810248851776123,1.0,1.0,1.0,9,success,
8938,0,6,3,,distance,levenshtein,0.3705148696899414,0.875,1.0,0.9333333333333333,3,success,
26253,0,4,8,,distance,levenshtein,0.7626500129699707,0.875,1.0,0.9333333333333333,8,success,
7239,0,6,3,,distance,levenshtein,0.24315309524536133,0.7777777777777778,1.0,0.875,3,success,
39161,1,0,6,,distance,levenshtein,10.587241172790527,0.28125,1.0,0.43902439024390244,6,success,
7239,0,6,4,,distance,levenshtein,0.2829771041870117,0.7777777777777778,1.0,0.875,4,success,
33653,0,6,7,,distance,levenshtein,0.3203721046447754,0.7777777777777778,1.0,0.875,7,success,
79820,0,4,5,,distance,levenshtein,7.4796528816223145,1.0,1.0,1.0,5,success,
89149,0,5,10,,distance,levenshtein,0.19383502006530762,1.0,1.0,1.0,10,success,
11517,1,0,7,,distance,levenshtein,6.141743183135986,0.225,1.0,0.3673469387755102,7,success,
8938,0,6,4,,distance,levenshtein,0.36605000495910645,0.875,1.0,0.9333333333333333,4,success,
11298,1,0,4,,distance,levenshtein,1.6786818504333496,0.2571428571428571,1.0,0.4090909090909091,4,success,
89149,0,6,2,,distance,levenshtein,0.05626511573791504,1.0,1.0,1.0,2,success,
70332,0,6,8,,distance,levenshtein,1.2466061115264893,1.0,1.0,1.0,8,success,
89149,0,6,3,,distance,levenshtein,0.06620001792907715,1.0,1.0,1.0,3,success,
63198,1,0,8,,distance,levenshtein,6.422129154205322,0.25,1.0,0.4,8,success,
51134,0,4,9,,distance,levenshtein,74.64384818077087,0.6363636363636364,1.0,0.7777777777777778,9,success,
7239,0,6,5,,distance,levenshtein,0.34793686866760254,0.7777777777777778,1.0,0.875,5,success,
89149,0,6,4,,distance,levenshtein,0.09114694595336914,1.0,1.0,1.0,4,success,
32584,0,4,5,,distance,levenshtein,1.24493408203125,0.875,1.0,0.9333333333333333,5,success,
89149,0,6,5,,distance,levenshtein,0.04544401168823242,1.0,1.0,1.0,5,success,
8938,0,6,5,,distance,levenshtein,0.4725630283355713,0.875,1.0,0.9333333333333333,5,success,
59934,0,2,9,,distance,levenshtein,1.0063869953155518,0.875,1.0,0.9333333333333333,9,success,
29382,0,2,10,,distance,levenshtein,0.8943469524383545,1.0,1.0,1.0,10,success,
7239,0,6,6,,distance,levenshtein,0.23587799072265625,0.7777777777777778,1.0,0.875,6,success,
79121,1,0,8,,distance,levenshtein,4.397943019866943,0.2647058823529412,1.0,0.4186046511627907,8,success,
51338,0,4,8,,distance,levenshtein,22.11579179763794,0.875,1.0,0.9333333333333333,8,success,
97635,0,5,6,,distance,levenshtein,10.10659408569336,1.0,1.0,1.0,6,success,
45,1,0,4,,distance,levenshtein,2.053816080093384,0.23076923076923078,1.0,0.375,4,success,
29382,0,3,2,,distance,levenshtein,0.07723808288574219,1.0,1.0,1.0,2,success,
51134,0,4,10,,distance,levenshtein,0.22451186180114746,0.6363636363636364,1.0,0.7777777777777778,10,success,
26253,0,4,9,,distance,levenshtein,1.0501079559326172,0.875,1.0,0.9333333333333333,9,success,
98846,0,4,9,,distance,levenshtein,1.2599749565124512,0.7777777777777778,1.0,0.875,9,success,
89149,0,6,6,,distance,levenshtein,0.26565098762512207,1.0,1.0,1.0,6,success,
93884,0,5,9,,distance,levenshtein,2.942291021347046,0.7777777777777778,1.0,0.875,9,success,
55151,0,6,8,,distance,levenshtein,2.2857139110565186,1.0,1.0,1.0,8,success,
8988,0,4,5,,distance,levenshtein,4.419088840484619,0.875,1.0,0.9333333333333333,5,success,
8938,0,6,6,,distance,levenshtein,0.34206390380859375,0.875,1.0,0.9333333333333333,6,success,
29382,0,3,3,,distance,levenshtein,0.12014913558959961,1.0,1.0,1.0,3,success,
51134,0,5,2,,distance,levenshtein,0.14519906044006348,0.6363636363636364,1.0,0.7777777777777778,2,success,
97635,0,5,7,,distance,levenshtein,0.20718002319335938,1.0,1.0,1.0,7,success,
89149,0,6,7,,distance,levenshtein,0.24877405166625977,1.0,1.0,1.0,7,success,
6886,1,0,5,,distance,levenshtein,3.632086992263794,0.2571428571428571,1.0,0.4090909090909091,5,success,
93884,0,5,10,,distance,levenshtein,0.16295504570007324,0.7777777777777778,1.0,0.875,10,success,
7239,0,6,7,,distance,levenshtein,0.5328700542449951,0.7777777777777778,1.0,0.875,7,success,
55151,0,6,9,,distance,levenshtein,0.15789103507995605,1.0,1.0,1.0,9,success,
93884,0,6,2,,distance,levenshtein,0.0629129409790039,0.7777777777777778,1.0,0.875,2,success,
37843,0,5,4,,distance,levenshtein,9.526407957077026,0.875,1.0,0.9333333333333333,4,success,
29382,0,3,4,,distance,levenshtein,0.3246588706970215,1.0,1.0,1.0,4,success,
70332,0,6,9,,distance,levenshtein,1.42559814453125,1.0,1.0,1.0,9,success,
93884,0,6,3,,distance,levenshtein,0.23986411094665527,0.7777777777777778,1.0,0.875,3,success,
55151,0,6,10,,distance,levenshtein,0.16986489295959473,1.0,1.0,1.0,10,success,
87228,0,4,7,,distance,levenshtein,17.84748601913452,0.7777777777777778,1.0,0.875,7,success,
8938,0,6,7,,distance,levenshtein,0.6602327823638916,0.875,1.0,0.9333333333333333,7,success,
33653,0,6,8,,distance,levenshtein,1.9838769435882568,0.7777777777777778,1.0,0.875,8,success,
59934,0,2,10,,distance,levenshtein,0.9683258533477783,0.875,1.0,0.9333333333333333,10,success,
28998,1,0,5,,distance,levenshtein,5.9812750816345215,0.375,1.0,0.5454545454545454,5,success,
98846,0,4,10,,distance,levenshtein,0.8184928894042969,0.7777777777777778,1.0,0.875,10,success,
32584,0,4,6,,distance,levenshtein,1.4386529922485352,0.875,1.0,0.9333333333333333,6,success,
51338,0,4,9,,distance,levenshtein,0.9757709503173828,0.875,1.0,0.9333333333333333,9,success,
75385,0,5,6,,distance,levenshtein,3.3487279415130615,0.875,1.0,0.9333333333333333,6,success,
59934,0,3,2,,distance,levenshtein,0.05623602867126465,0.875,1.0,0.9333333333333333,2,success,
93884,0,6,4,,distance,levenshtein,0.26035594940185547,0.7777777777777778,1.0,0.875,4,success,
55151,1,0,2,,distance,levenshtein,0.1946089267730713,0.140625,1.0,0.2465753424657534,2,success,
11298,1,0,5,,distance,levenshtein,2.168942928314209,0.2571428571428571,1.0,0.4090909090909091,5,success,
98846,0,5,2,,distance,levenshtein,0.10361504554748535,0.7777777777777778,1.0,0.875,2,success,
97635,0,5,8,,distance,levenshtein,0.722869873046875,1.0,1.0,1.0,8,success,
29382,0,3,5,,distance,levenshtein,0.5301439762115479,1.0,1.0,1.0,5,success,
59934,0,3,3,,distance,levenshtein,0.08129692077636719,0.875,1.0,0.9333333333333333,3,success,
33653,0,6,9,,distance,levenshtein,0.16460394859313965,0.7777777777777778,1.0,0.875,9,success,
7239,0,6,8,,distance,levenshtein,0.7459371089935303,0.7777777777777778,1.0,0.875,8,success,
8938,0,6,8,,distance,levenshtein,0.2321760654449463,0.875,1.0,0.9333333333333333,8,success,
59934,0,3,4,,distance,levenshtein,0.12192988395690918,0.875,1.0,0.9333333333333333,4,success,
26253,0,4,10,,distance,levenshtein,1.1777420043945312,0.875,1.0,0.9333333333333333,10,success,
8988,0,4,6,,distance,levenshtein,1.1916630268096924,0.875,1.0,0.9333333333333333,6,success,
87228,0,4,8,,distance,levenshtein,0.47304201126098633,0.7777777777777778,1.0,0.875,8,success,
93884,0,6,5,,distance,levenshtein,0.3544180393218994,0.7777777777777778,1.0,0.875,5,success,
37843,0,5,5,,distance,levenshtein,0.8487141132354736,0.875,1.0,0.9333333333333333,5,success,
98846,0,5,3,,distance,levenshtein,0.35640716552734375,0.7777777777777778,1.0,0.875,3,success,
33653,0,6,10,,distance,levenshtein,0.16834402084350586,0.7777777777777778,1.0,0.875,10,success,
51134,0,5,3,,distance,levenshtein,1.5283241271972656,0.6363636363636364,1.0,0.7777777777777778,3,success,
12153,0,4,10,,distance,levenshtein,52.80181884765625,0.875,1.0,0.9333333333333333,10,success,
26253,0,5,2,,distance,levenshtein,0.09268593788146973,0.875,1.0,0.9333333333333333,2,success,
89149,0,6,8,,distance,levenshtein,1.629709005355835,1.0,1.0,1.0,8,success,
59934,0,3,5,,distance,levenshtein,0.34024715423583984,0.875,1.0,0.9333333333333333,5,success,
93884,0,6,6,,distance,levenshtein,0.24262785911560059,0.7777777777777778,1.0,0.875,6,success,
33653,1,0,2,,distance,levenshtein,0.1685619354248047,0.14285714285714285,1.0,0.25,2,success,
12153,0,5,2,,distance,levenshtein,0.08605194091796875,0.875,1.0,0.9333333333333333,2,success,
89149,0,6,9,,distance,levenshtein,0.11127495765686035,1.0,1.0,1.0,9,success,
162,1,0,4,,distance,levenshtein,3.954267978668213,0.2727272727272727,1.0,0.42857142857142855,4,success,
12153,0,5,3,,distance,levenshtein,0.14555001258850098,0.875,1.0,0.9333333333333333,3,success,
32584,0,4,7,,distance,levenshtein,1.1353919506072998,0.875,1.0,0.9333333333333333,7,success,
69007,1,0,7,,distance,levenshtein,14.046051979064941,0.3333333333333333,1.0,0.5,7,success,
87228,0,4,9,,distance,levenshtein,0.49272799491882324,0.7777777777777778,1.0,0.875,9,success,
98846,0,5,4,,distance,levenshtein,0.6777400970458984,0.7777777777777778,1.0,0.875,4,success,
89149,0,6,10,,distance,levenshtein,0.11098599433898926,1.0,1.0,1.0,10,success,
59934,0,3,6,,distance,levenshtein,0.4361231327056885,0.875,1.0,0.9333333333333333,6,success,
7239,0,6,9,,distance,levenshtein,1.004086971282959,0.7777777777777778,1.0,0.875,9,success,
97635,0,5,9,,distance,levenshtein,0.9080119132995605,1.0,1.0,1.0,9,success,
55151,1,0,3,,distance,levenshtein,1.1776371002197266,0.25,1.0,0.4,3,success,
29382,0,3,6,,distance,levenshtein,1.166020154953003,1.0,1.0,1.0,6,success,
36624,0,4,6,,distance,levenshtein,9.342257976531982,0.7777777777777778,1.0,0.875,6,success,
12153,0,5,4,,distance,levenshtein,0.2348020076751709,0.875,1.0,0.9333333333333333,4,success,
39871,1,0,5,,distance,levenshtein,5.267742872238159,0.28125,1.0,0.43902439024390244,5,success,
93884,0,6,7,,distance,levenshtein,0.5372300148010254,0.7777777777777778,1.0,0.875,7,success,
32584,0,4,8,,distance,levenshtein,0.17208194732666016,0.875,1.0,0.9333333333333333,8,success,
33653,1,0,3,,distance,levenshtein,0.5848169326782227,0.24324324324324326,1.0,0.391304347826087,3,success,
89149,1,0,2,,distance,levenshtein,0.1454930305480957,0.15,1.0,0.2608695652173913,2,success,
37843,0,5,6,,distance,levenshtein,1.0429351329803467,0.875,1.0,0.9333333333333333,6,success,
26253,0,5,3,,distance,levenshtein,0.9865109920501709,0.875,1.0,0.9333333333333333,3,success,
75385,0,5,7,,distance,levenshtein,1.7440590858459473,0.875,1.0,0.9333333333333333,7,success,
59934,0,3,7,,distance,levenshtein,0.4490189552307129,0.875,1.0,0.9333333333333333,7,success,
8938,0,6,9,,distance,levenshtein,1.4815428256988525,0.875,1.0,0.9333333333333333,9,success,
59934,0,3,8,,distance,levenshtein,0.11314797401428223,0.875,1.0,0.9333333333333333,8,success,
87228,0,4,10,,distance,levenshtein,0.7740380764007568,0.7777777777777778,1.0,0.875,10,success,
36624,0,4,7,,distance,levenshtein,0.7885119915008545,0.7777777777777778,1.0,0.875,7,success,
93884,0,6,8,,distance,levenshtein,0.7544620037078857,0.7777777777777778,1.0,0.875,8,success,
87228,0,5,2,,distance,levenshtein,0.11065196990966797,0.7777777777777778,1.0,0.875,2,success,
32584,0,4,9,,distance,levenshtein,0.6241230964660645,0.875,1.0,0.9333333333333333,9,success,
59934,0,3,9,,distance,levenshtein,0.1204369068145752,0.875,1.0,0.9333333333333333,9,success,
37843,0,5,7,,distance,levenshtein,0.5524060726165771,0.875,1.0,0.9333333333333333,7,success,
7239,0,6,10,,distance,levenshtein,1.0925190448760986,0.7777777777777778,1.0,0.875,10,success,
89149,1,0,3,,distance,levenshtein,0.9201369285583496,0.225,1.0,0.3673469387755102,3,success,
51134,0,5,4,,distance,levenshtein,1.889526128768921,0.6363636363636364,1.0,0.7777777777777778,4,success,
114,1,0,7,,distance,levenshtein,14.034274101257324,0.2903225806451613,1.0,0.45,7,success,
97635,0,5,10,,distance,levenshtein,1.031836986541748,1.0,1.0,1.0,10,success,
88322,1,0,6,,distance,levenshtein,12.181637048721313,0.2647058823529412,1.0,0.4186046511627907,6,success,
12153,0,5,5,,distance,levenshtein,1.2440738677978516,0.875,1.0,0.9333333333333333,5,success,
87228,0,5,3,,distance,levenshtein,0.20594406127929688,0.7777777777777778,1.0,0.875,3,success,
7239,1,0,2,,distance,levenshtein,0.19150185585021973,0.12857142857142856,1.0,0.22784810126582278,2,success,
97635,0,6,2,,distance,levenshtein,0.07654500007629395,1.0,1.0,1.0,2,success,
36624,0,4,8,,distance,levenshtein,0.5606279373168945,0.7777777777777778,1.0,0.875,8,success,
7239,1,0,3,,distance,levenshtein,0.19842886924743652,0.3103448275862069,1.0,0.47368421052631576,3,success,
32584,0,4,10,,distance,levenshtein,0.5999231338500977,0.875,1.0,0.9333333333333333,10,success,
97635,0,6,3,,distance,levenshtein,0.22779011726379395,1.0,1.0,1.0,3,success,
87228,0,5,4,,distance,levenshtein,0.4507288932800293,0.7777777777777778,1.0,0.875,4,success,
32584,0,5,2,,distance,levenshtein,0.1094048023223877,0.875,1.0,0.9333333333333333,2,success,
93884,0,6,9,,distance,levenshtein,1.0322051048278809,0.7777777777777778,1.0,0.875,9,success,
37843,0,5,8,,distance,levenshtein,0.8711512088775635,0.875,1.0,0.9333333333333333,8,success,
33653,1,0,4,,distance,levenshtein,1.9926989078521729,0.24324324324324326,1.0,0.391304347826087,4,success,
31055,1,0,6,,distance,levenshtein,13.725243091583252,0.25,1.0,0.4,6,success,
8938,0,6,10,,distance,levenshtein,1.562006950378418,0.875,1.0,0.9333333333333333,10,success,
97635,0,6,4,,distance,levenshtein,0.3848898410797119,1.0,1.0,1.0,4,success,
51338,0,4,10,,distance,levenshtein,4.06908392906189,0.875,1.0,0.9333333333333333,10,success,
36624,0,4,9,,distance,levenshtein,0.7197380065917969,0.7777777777777778,1.0,0.875,9,success,
8938,1,0,2,,distance,levenshtein,0.15725302696228027,0.13846153846153847,1.0,0.24324324324324326,2,success,
87228,0,5,5,,distance,levenshtein,0.6164858341217041,0.7777777777777778,1.0,0.875,5,success,
58656,1,0,6,,distance,levenshtein,11.897341966629028,0.24324324324324326,1.0,0.391304347826087,6,success,
75385,0,5,8,,distance,levenshtein,2.207580089569092,0.875,1.0,0.9333333333333333,8,success,
55151,1,0,4,,distance,levenshtein,2.937713861465454,0.25,1.0,0.4,4,success,
51338,0,5,2,,distance,levenshtein,0.13467192649841309,0.875,1.0,0.9333333333333333,2,success,
28998,1,0,6,,distance,levenshtein,4.558979034423828,0.36,1.0,0.5294117647058824,6,success,
70332,0,6,10,,distance,levenshtein,4.960448980331421,1.0,1.0,1.0,10,success,
7239,1,0,4,,distance,levenshtein,1.325192928314209,0.3,1.0,0.46153846153846156,4,success,
65447,1,0,7,,distance,levenshtein,17.576341152191162,0.2571428571428571,1.0,0.4090909090909091,7,success,
8938,1,0,3,,distance,levenshtein,0.4199090003967285,0.2727272727272727,1.0,0.42857142857142855,3,success,
45,1,0,5,,distance,levenshtein,6.297511100769043,0.23684210526315788,1.0,0.3829787234042553,5,success,
93884,0,6,10,,distance,levenshtein,1.0598139762878418,0.7777777777777778,1.0,0.875,10,success,
58283,1,0,7,,distance,levenshtein,13.097225189208984,0.2571428571428571,1.0,0.4090909090909091,7,success,
51338,0,5,3,,distance,levenshtein,0.44499897956848145,0.875,1.0,0.9333333333333333,3,success,
32584,0,5,3,,distance,levenshtein,1.3820030689239502,0.875,1.0,0.9333333333333333,3,success,
70332,1,0,2,,distance,levenshtein,0.2332460880279541,0.24324324324324326,1.0,0.391304347826087,2,success,
97635,0,6,5,,distance,levenshtein,1.1142971515655518,1.0,1.0,1.0,5,success,
26253,0,5,4,,distance,levenshtein,3.3508989810943604,0.875,1.0,0.9333333333333333,4,success,
37843,0,5,9,,distance,levenshtein,0.9469699859619141,0.875,1.0,0.9333333333333333,9,success,
36624,0,4,10,,distance,levenshtein,0.7748939990997314,0.7777777777777778,1.0,0.875,10,success,
93884,1,0,2,,distance,levenshtein,0.23349404335021973,0.12162162162162163,1.0,0.21686746987951808,2,success,
85303,1,0,7,,distance,levenshtein,23.44302797317505,0.23684210526315788,1.0,0.3829787234042553,7,success,
97635,0,6,6,,distance,levenshtein,0.12836599349975586,1.0,1.0,1.0,6,success,
36624,0,5,2,,distance,levenshtein,0.10593295097351074,0.7777777777777778,1.0,0.875,2,success,
70332,1,0,3,,distance,levenshtein,0.47813987731933594,0.24324324324324326,1.0,0.391304347826087,3,success,
8938,1,0,4,,distance,levenshtein,0.816025972366333,0.2727272727272727,1.0,0.42857142857142855,4,success,
97635,0,6,7,,distance,levenshtein,0.14696192741394043,1.0,1.0,1.0,7,success,
15852,0,3,6,,distance,levenshtein,8.933829069137573,0.875,1.0,0.9333333333333333,6,success,
36624,0,5,3,,distance,levenshtein,0.2698700428009033,0.7777777777777778,1.0,0.875,3,success,
58283,1,0,8,,distance,levenshtein,0.5469841957092285,0.25,1.0,0.4,8,success,
93884,1,0,3,,distance,levenshtein,0.5721950531005859,0.391304347826087,1.0,0.5625,3,success,
32584,0,5,4,,distance,levenshtein,1.3554110527038574,0.875,1.0,0.9333333333333333,4,success,
89149,1,0,4,,distance,levenshtein,4.139733076095581,0.225,1.0,0.3673469387755102,4,success,
97635,0,6,8,,distance,levenshtein,0.9087507724761963,1.0,1.0,1.0,8,success,
59934,0,3,10,,distance,levenshtein,4.232982873916626,0.875,1.0,0.9333333333333333,10,success,
51134,0,5,5,,distance,levenshtein,4.296674013137817,0.6363636363636364,1.0,0.7777777777777778,5,success,
32584,0,5,5,,distance,levenshtein,0.32389307022094727,0.875,1.0,0.9333333333333333,5,success,
3075,1,0,6,,distance,levenshtein,10.420707941055298,0.23684210526315788,1.0,0.3829787234042553,6,success,
59934,0,4,2,,distance,levenshtein,0.12207698822021484,0.875,1.0,0.9333333333333333,2,success,
87228,0,5,6,,distance,levenshtein,2.7561440467834473,0.7777777777777778,1.0,0.875,6,success,
162,1,0,5,,distance,levenshtein,6.230665922164917,0.2727272727272727,1.0,0.42857142857142855,5,success,
8938,1,0,5,,distance,levenshtein,1.6315829753875732,0.2727272727272727,1.0,0.42857142857142855,5,success,
36624,0,5,4,,distance,levenshtein,1.6262779235839844,0.7777777777777778,1.0,0.875,4,success,
51134,0,5,6,,distance,levenshtein,0.36814403533935547,0.6363636363636364,1.0,0.7777777777777778,6,success,
32584,0,5,6,,distance,levenshtein,0.45044684410095215,0.875,1.0,0.9333333333333333,6,success,
97635,0,6,9,,distance,levenshtein,0.8602099418640137,1.0,1.0,1.0,9,success,
58283,1,0,9,,distance,levenshtein,1.8137741088867188,0.2571428571428571,1.0,0.4090909090909091,9,success,
93344,1,0,10,,distance,levenshtein,13.892117023468018,0.24324324324324326,1.0,0.391304347826087,10,success,
51338,0,5,4,,distance,levenshtein,3.2444348335266113,0.875,1.0,0.9333333333333333,4,success,
59934,0,4,3,,distance,levenshtein,1.0572960376739502,0.875,1.0,0.9333333333333333,3,success,
63198,1,0,9,,distance,levenshtein,10.614288091659546,0.25,1.0,0.4,9,success,
93344,1,2,2,,distance,levenshtein,0.236663818359375,0.024691358024691357,0.2222222222222222,0.044444444444444446,2,success,
98846,0,5,5,,distance,levenshtein,7.627919912338257,0.7777777777777778,1.0,0.875,5,success,
79820,0,4,6,,distance,levenshtein,11.616750955581665,1.0,1.0,1.0,6,success,
36624,0,5,5,,distance,levenshtein,1.4172439575195312,0.7777777777777778,1.0,0.875,5,success,
68503,0,5,7,,distance,levenshtein,17.728065967559814,0.875,1.0,0.9333333333333333,7,success,
98846,0,5,6,,distance,levenshtein,0.30256199836730957,0.7777777777777778,1.0,0.875,6,success,
59934,0,4,4,,distance,levenshtein,0.8629498481750488,0.875,1.0,0.9333333333333333,4,success,
97635,0,6,10,,distance,levenshtein,1.2586839199066162,1.0,1.0,1.0,10,success,
51134,0,5,7,,distance,levenshtein,1.5860710144042969,0.6363636363636364,1.0,0.7777777777777778,7,success,
70332,1,0,4,,distance,levenshtein,3.672750949859619,0.23684210526315788,1.0,0.3829787234042553,4,success,
9471,0,5,7,,distance,levenshtein,24.014825105667114,1.0,1.0,1.0,7,success,
32584,0,5,7,,distance,levenshtein,1.572695016860962,0.875,1.0,0.9333333333333333,7,success,
72994,1,0,7,,distance,levenshtein,21.715991973876953,0.24324324324324326,1.0,0.391304347826087,7,success,
97635,1,0,2,,distance,levenshtein,0.15942788124084473,0.14754098360655737,1.0,0.2571428571428571,2,success,
37843,0,5,10,,distance,levenshtein,4.238848924636841,0.875,1.0,0.9333333333333333,10,success,
93884,1,0,4,,distance,levenshtein,3.831602096557617,0.391304347826087,1.0,0.5625,4,success,
37843,0,6,2,,distance,levenshtein,0.07438397407531738,0.875,1.0,0.9333333333333333,2,success,
58283,1,0,10,,distance,levenshtein,1.7112069129943848,0.25,1.0,0.4,10,success,
56085,1,0,6,,distance,levenshtein,33.15394997596741,0.25,1.0,0.4,6,success,
68503,0,5,8,,distance,levenshtein,0.723578929901123,0.875,1.0,0.9333333333333333,8,success,
37843,0,6,3,,distance,levenshtein,0.27968788146972656,0.875,1.0,0.9333333333333333,3,success,
7239,1,0,5,,distance,levenshtein,5.707859039306641,0.3,1.0,0.46153846153846156,5,success,
11298,1,0,6,,distance,levenshtein,10.58113980293274,0.2571428571428571,1.0,0.4090909090909091,6,success,
97635,1,0,3,,distance,levenshtein,0.6337590217590332,0.24324324324324326,1.0,0.391304347826087,3,success,
55151,1,0,5,,distance,levenshtein,6.023104906082153,0.25,1.0,0.4,5,success,
98846,0,5,7,,distance,levenshtein,1.039811134338379,0.7777777777777778,1.0,0.875,7,success,
37843,0,6,4,,distance,levenshtein,0.3327488899230957,0.875,1.0,0.9333333333333333,4,success,
58283,1,2,2,,distance,levenshtein,0.4086949825286865,0.24242424242424243,0.8888888888888888,0.38095238095238093,2,success,
51134,0,5,8,,distance,levenshtein,1.066648006439209,0.6363636363636364,1.0,0.7777777777777778,8,success,
32584,0,5,8,,distance,levenshtein,1.0041470527648926,0.875,1.0,0.9333333333333333,8,success,
8938,1,0,6,,distance,levenshtein,3.6069488525390625,0.2727272727272727,1.0,0.42857142857142855,6,success,
37843,0,6,5,,distance,levenshtein,0.46373891830444336,0.875,1.0,0.9333333333333333,5,success,
98846,0,5,8,,distance,levenshtein,0.6145789623260498,0.7777777777777778,1.0,0.875,8,success,
68503,0,5,9,,distance,levenshtein,0.9116837978363037,0.875,1.0,0.9333333333333333,9,success,
11517,1,0,8,,distance,levenshtein,14.170769929885864,0.225,1.0,0.3673469387755102,8,success,
51338,0,5,5,,distance,levenshtein,3.2091870307922363,0.875,1.0,0.9333333333333333,5,success,
93344,1,2,3,,distance,levenshtein,3.1430680751800537,0.23684210526315788,1.0,0.3829787234042553,3,success,
37843,0,6,6,,distance,levenshtein,0.34325098991394043,0.875,1.0,0.9333333333333333,6,success,
58283,1,2,3,,distance,levenshtein,1.0321831703186035,0.23529411764705882,0.8888888888888888,0.37209302325581395,3,success,
72994,1,0,8,,distance,levenshtein,2.3519768714904785,0.24324324324324326,1.0,0.391304347826087,8,success,
12153,0,5,6,,distance,levenshtein,9.653184175491333,0.875,1.0,0.9333333333333333,6,success,
51134,0,5,9,,distance,levenshtein,1.0443699359893799,0.6363636363636364,1.0,0.7777777777777778,9,success,
51338,0,5,6,,distance,levenshtein,0.4601929187774658,0.875,1.0,0.9333333333333333,6,success,
98846,0,5,9,,distance,levenshtein,0.604179859161377,0.7777777777777778,1.0,0.875,9,success,
32584,0,5,9,,distance,levenshtein,1.1064770221710205,0.875,1.0,0.9333333333333333,9,success,
97635,1,0,4,,distance,levenshtein,1.984637975692749,0.24324324324324326,1.0,0.391304347826087,4,success,
75385,0,5,9,,distance,levenshtein,8.14878797531128,0.875,1.0,0.9333333333333333,9,success,
37843,0,6,7,,distance,levenshtein,0.6927821636199951,0.875,1.0,0.9333333333333333,7,success,
68503,0,5,10,,distance,levenshtein,0.9654219150543213,0.875,1.0,0.9333333333333333,10,success,
26253,0,5,5,,distance,levenshtein,7.946260929107666,0.875,1.0,0.9333333333333333,5,success,
68503,0,6,2,,distance,levenshtein,0.0988149642944336,0.875,1.0,0.9333333333333333,2,success,
37843,0,6,8,,distance,levenshtein,0.24204707145690918,0.875,1.0,0.9333333333333333,8,success,
51338,0,5,7,,distance,levenshtein,0.61446213722229,0.875,1.0,0.9333333333333333,7,success,
26253,0,5,6,,distance,levenshtein,0.1490769386291504,0.875,1.0,0.9333333333333333,6,success,
70332,1,0,5,,distance,levenshtein,3.830610990524292,0.23684210526315788,1.0,0.3829787234042553,5,success,
98846,0,5,10,,distance,levenshtein,0.8370239734649658,0.7777777777777778,1.0,0.875,10,success,
68503,0,6,3,,distance,levenshtein,0.3846170902252197,0.875,1.0,0.9333333333333333,3,success,
98846,0,6,2,,distance,levenshtein,0.062374114990234375,0.7777777777777778,1.0,0.875,2,success,
89149,1,0,5,,distance,levenshtein,6.973802804946899,0.225,1.0,0.3673469387755102,5,success,
39161,1,0,7,,distance,levenshtein,16.78841495513916,0.28125,1.0,0.43902439024390244,7,success,
9471,0,5,8,,distance,levenshtein,4.153247833251953,1.0,1.0,1.0,8,success,
51134,0,5,10,,distance,levenshtein,1.1250619888305664,0.6363636363636364,1.0,0.7777777777777778,10,success,
98846,0,6,3,,distance,levenshtein,0.07144784927368164,0.7777777777777778,1.0,0.875,3,success,
51134,0,6,2,,distance,levenshtein,0.05752897262573242,0.6363636363636364,1.0,0.7777777777777778,2,success,
98846,0,6,4,,distance,levenshtein,0.09812808036804199,0.7777777777777778,1.0,0.875,4,success,
32584,0,5,10,,distance,levenshtein,1.2850220203399658,0.875,1.0,0.9333333333333333,10,success,
68503,0,6,4,,distance,levenshtein,0.357619047164917,0.875,1.0,0.9333333333333333,4,success,
51134,0,6,3,,distance,levenshtein,0.06975507736206055,0.6363636363636364,1.0,0.7777777777777778,3,success,
58656,1,0,7,,distance,levenshtein,10.0485680103302,0.24324324324324326,1.0,0.391304347826087,7,success,
98846,0,6,5,,distance,levenshtein,0.05048704147338867,0.7777777777777778,1.0,0.875,5,success,
32584,0,6,2,,distance,levenshtein,0.08240294456481934,0.875,1.0,0.9333333333333333,2,success,
51134,0,6,4,,distance,levenshtein,0.08861899375915527,0.6363636363636364,1.0,0.7777777777777778,4,success,
32584,0,6,3,,distance,levenshtein,0.0915679931640625,0.875,1.0,0.9333333333333333,3,success,
51338,0,5,8,,distance,levenshtein,0.8194360733032227,0.875,1.0,0.9333333333333333,8,success,
51134,0,6,5,,distance,levenshtein,0.04737997055053711,0.6363636363636364,1.0,0.7777777777777778,5,success,
69007,1,0,8,,distance,levenshtein,13.668306827545166,0.3333333333333333,1.0,0.5,8,success,
26253,0,5,7,,distance,levenshtein,1.029033899307251,0.875,1.0,0.9333333333333333,7,success,
98846,0,6,6,,distance,levenshtein,0.30189990997314453,0.7777777777777778,1.0,0.875,6,success,
32584,0,6,4,,distance,levenshtein,0.1004788875579834,0.875,1.0,0.9333333333333333,4,success,
68503,0,6,5,,distance,levenshtein,0.4772648811340332,0.875,1.0,0.9333333333333333,5,success,
32584,0,6,5,,distance,levenshtein,0.045506954193115234,0.875,1.0,0.9333333333333333,5,success,
9471,0,5,9,,distance,levenshtein,0.7712929248809814,1.0,1.0,1.0,9,success,
51134,0,6,6,,distance,levenshtein,0.2751648426055908,0.6363636363636364,1.0,0.7777777777777778,6,success,
75385,0,5,10,,distance,levenshtein,1.648348093032837,0.875,1.0,0.9333333333333333,10,success,
37843,0,6,9,,distance,levenshtein,1.454455852508545,0.875,1.0,0.9333333333333333,9,success,
98846,0,6,7,,distance,levenshtein,0.2684650421142578,0.7777777777777778,1.0,0.875,7,success,
75385,0,6,2,,distance,levenshtein,0.07210493087768555,0.875,1.0,0.9333333333333333,2,success,
32584,0,6,6,,distance,levenshtein,0.26614809036254883,0.875,1.0,0.9333333333333333,6,success,
68503,0,6,6,,distance,levenshtein,0.3439350128173828,0.875,1.0,0.9333333333333333,6,success,
51134,0,6,7,,distance,levenshtein,0.2592811584472656,0.6363636363636364,1.0,0.7777777777777778,7,success,
36624,0,5,6,,distance,levenshtein,6.176975965499878,0.7777777777777778,1.0,0.875,6,success,
75385,0,6,3,,distance,levenshtein,0.09719109535217285,0.875,1.0,0.9333333333333333,3,success,
26253,0,5,8,,distance,levenshtein,0.6032750606536865,0.875,1.0,0.9333333333333333,8,success,
75385,0,6,4,,distance,levenshtein,0.12474799156188965,0.875,1.0,0.9333333333333333,4,success,
32584,0,6,7,,distance,levenshtein,0.25940585136413574,0.875,1.0,0.9333333333333333,7,success,
70332,1,0,6,,distance,levenshtein,2.3156468868255615,0.23684210526315788,1.0,0.3829787234042553,6,success,
75385,0,6,5,,distance,levenshtein,0.060201168060302734,0.875,1.0,0.9333333333333333,5,success,
59934,0,4,5,,distance,levenshtein,6.8084540367126465,0.875,1.0,0.9333333333333333,5,success,
9471,0,5,10,,distance,levenshtein,0.9101300239562988,1.0,1.0,1.0,10,success,
68503,0,6,7,,distance,levenshtein,0.6866970062255859,0.875,1.0,0.9333333333333333,7,success,
9471,0,6,2,,distance,levenshtein,0.07447981834411621,1.0,1.0,1.0,2,success,
75385,0,6,6,,distance,levenshtein,0.3745739459991455,0.875,1.0,0.9333333333333333,6,success,
72994,1,0,9,,distance,levenshtein,4.073689937591553,0.24324324324324326,1.0,0.391304347826087,9,success,
26253,0,5,9,,distance,levenshtein,0.8506410121917725,0.875,1.0,0.9333333333333333,9,success,
98846,0,6,8,,distance,levenshtein,1.5417110919952393,0.7777777777777778,1.0,0.875,8,success,
68503,0,6,8,,distance,levenshtein,0.22992181777954102,0.875,1.0,0.9333333333333333,8,success,
9471,0,6,3,,distance,levenshtein,0.3141288757324219,1.0,1.0,1.0,3,success,
69007,1,0,9,,distance,levenshtein,1.9156060218811035,0.3333333333333333,1.0,0.5,9,success,
37843,0,6,10,,distance,levenshtein,1.5329649448394775,0.875,1.0,0.9333333333333333,10,success,
75385,0,6,7,,distance,levenshtein,0.3334980010986328,0.875,1.0,0.9333333333333333,7,success,
97635,1,0,5,,distance,levenshtein,4.249338150024414,0.24324324324324326,1.0,0.391304347826087,5,success,
29382,0,3,7,,distance,levenshtein,15.932742834091187,1.0,1.0,1.0,7,success,
98846,0,6,9,,distance,levenshtein,0.1272897720336914,0.7777777777777778,1.0,0.875,9,success,
59934,0,4,6,,distance,levenshtein,0.7644200325012207,0.875,1.0,0.9333333333333333,6,success,
51134,0,6,8,,distance,levenshtein,1.6489920616149902,0.6363636363636364,1.0,0.7777777777777778,8,success,
36624,0,5,7,,distance,levenshtein,1.5854320526123047,0.7777777777777778,1.0,0.875,7,success,
162,1,0,6,,distance,levenshtein,9.903882026672363,0.2727272727272727,1.0,0.42857142857142855,6,success,
9471,0,6,4,,distance,levenshtein,0.3815619945526123,1.0,1.0,1.0,4,success,
37843,1,0,2,,distance,levenshtein,0.1952049732208252,0.2903225806451613,1.0,0.45,2,success,
98846,0,6,10,,distance,levenshtein,0.12821602821350098,0.7777777777777778,1.0,0.875,10,success,
26253,0,5,10,,distance,levenshtein,0.2508199214935303,0.875,1.0,0.9333333333333333,10,success,
29382,0,3,8,,distance,levenshtein,0.15598583221435547,1.0,1.0,1.0,8,success,
51134,0,6,9,,distance,levenshtein,0.1156318187713623,0.6363636363636364,1.0,0.7777777777777778,9,success,
26253,0,6,2,,distance,levenshtein,0.056314945220947266,0.875,1.0,0.9333333333333333,2,success,
72994,1,0,10,,distance,levenshtein,0.7396647930145264,0.24324324324324326,1.0,0.391304347826087,10,success,
6886,1,0,6,,distance,levenshtein,19.031033992767334,0.2571428571428571,1.0,0.4090909090909091,6,success,
26253,0,6,3,,distance,levenshtein,0.06486916542053223,0.875,1.0,0.9333333333333333,3,success,
98846,1,0,2,,distance,levenshtein,0.15230202674865723,0.15,1.0,0.2608695652173913,2,success,
36624,0,5,8,,distance,levenshtein,0.33814191818237305,0.7777777777777778,1.0,0.875,8,success,
51134,0,6,10,,distance,levenshtein,0.12480616569519043,0.6363636363636364,1.0,0.7777777777777778,10,success,
8938,1,0,7,,distance,levenshtein,6.39490008354187,0.2727272727272727,1.0,0.42857142857142855,7,success,
9471,0,6,5,,distance,levenshtein,0.37544703483581543,1.0,1.0,1.0,5,success,
32584,0,6,8,,distance,levenshtein,1.979952096939087,0.875,1.0,0.9333333333333333,8,success,
26253,0,6,4,,distance,levenshtein,0.08715319633483887,0.875,1.0,0.9333333333333333,4,success,
59934,0,4,7,,distance,levenshtein,0.5148270130157471,0.875,1.0,0.9333333333333333,7,success,
93884,1,0,5,,distance,levenshtein,8.02295994758606,0.391304347826087,1.0,0.5625,5,success,
26253,0,6,5,,distance,levenshtein,0.0456240177154541,0.875,1.0,0.9333333333333333,5,success,
51134,1,0,2,,distance,levenshtein,0.13714098930358887,0.2727272727272727,1.0,0.42857142857142855,2,success,
72994,1,2,2,,distance,levenshtein,0.27042603492736816,0.22857142857142856,0.8888888888888888,0.36363636363636365,2,success,
32584,0,6,9,,distance,levenshtein,0.13453316688537598,0.875,1.0,0.9333333333333333,9,success,
9471,0,6,6,,distance,levenshtein,0.13991093635559082,1.0,1.0,1.0,6,success,
85303,1,0,8,,distance,levenshtein,13.02665901184082,0.2571428571428571,1.0,0.4090909090909091,8,success,
39871,1,0,6,,distance,levenshtein,17.096797943115234,0.28125,1.0,0.43902439024390244,6,success,
37843,1,0,3,,distance,levenshtein,0.8164880275726318,0.2903225806451613,1.0,0.45,3,success,
26253,0,6,6,,distance,levenshtein,0.27454113960266113,0.875,1.0,0.9333333333333333,6,success,
51134,1,0,3,,distance,levenshtein,0.29311323165893555,0.2647058823529412,1.0,0.4186046511627907,3,success,
36624,0,5,9,,distance,levenshtein,0.4280388355255127,0.7777777777777778,1.0,0.875,9,success,
32584,0,6,10,,distance,levenshtein,0.13039207458496094,0.875,1.0,0.9333333333333333,10,success,
68503,0,6,9,,distance,levenshtein,1.4536101818084717,0.875,1.0,0.9333333333333333,9,success,
65447,1,0,8,,distance,levenshtein,13.957594871520996,0.2571428571428571,1.0,0.4090909090909091,8,success,
32584,1,0,2,,distance,levenshtein,0.16046714782714844,0.15517241379310345,1.0,0.26865671641791045,2,success,
26253,0,6,7,,distance,levenshtein,0.24770712852478027,0.875,1.0,0.9333333333333333,7,success,
9471,0,6,7,,distance,levenshtein,0.5583581924438477,1.0,1.0,1.0,7,success,
51134,1,0,4,,distance,levenshtein,0.34600210189819336,0.2647058823529412,1.0,0.4186046511627907,4,success,
98846,1,0,3,,distance,levenshtein,1.0986809730529785,0.23684210526315788,1.0,0.3829787234042553,3,success,
9178,1,0,9,,distance,levenshtein,28.216849088668823,0.3103448275862069,1.0,0.47368421052631576,9,success,
8988,0,4,7,,distance,levenshtein,19.198045015335083,0.875,1.0,0.9333333333333333,7,success,
55151,1,0,6,,distance,levenshtein,8.72539210319519,0.25,1.0,0.4,6,success,
75385,0,6,8,,distance,levenshtein,2.2162420749664307,0.875,1.0,0.9333333333333333,8,success,
7239,1,0,6,,distance,levenshtein,9.125518083572388,0.3,1.0,0.46153846153846156,6,success,
32584,1,0,3,,distance,levenshtein,0.6460669040679932,0.225,1.0,0.3673469387755102,3,success,
69007,1,0,10,,distance,levenshtein,2.413395881652832,0.3333333333333333,1.0,0.5,10,success,
36624,0,5,10,,distance,levenshtein,0.8615989685058594,0.7777777777777778,1.0,0.875,10,success,
75385,0,6,9,,distance,levenshtein,0.16112709045410156,0.875,1.0,0.9333333333333333,9,success,
59934,0,4,8,,distance,levenshtein,1.6573882102966309,0.875,1.0,0.9333333333333333,8,success,
36624,0,6,2,,distance,levenshtein,0.0653378963470459,0.7777777777777778,1.0,0.875,2,success,
9471,0,6,8,,distance,levenshtein,0.7840578556060791,1.0,1.0,1.0,8,success,
8988,0,4,8,,distance,levenshtein,0.5271971225738525,0.875,1.0,0.9333333333333333,8,success,
36624,0,6,3,,distance,levenshtein,0.07042813301086426,0.7777777777777778,1.0,0.875,3,success,
75385,0,6,10,,distance,levenshtein,0.15292692184448242,0.875,1.0,0.9333333333333333,10,success,
51338,0,5,9,,distance,levenshtein,5.262794017791748,0.875,1.0,0.9333333333333333,9,success,
36624,0,6,4,,distance,levenshtein,0.0994880199432373,0.7777777777777778,1.0,0.875,4,success,
68503,0,6,10,,distance,levenshtein,1.3271160125732422,0.875,1.0,0.9333333333333333,10,success,
36624,0,6,5,,distance,levenshtein,0.0564420223236084,0.7777777777777778,1.0,0.875,5,success,
72994,1,2,3,,distance,levenshtein,2.080225944519043,0.25,1.0,0.4,3,success,
75385,1,0,2,,distance,levenshtein,0.16526103019714355,0.13043478260869565,1.0,0.23076923076923078,2,success,
69007,1,2,2,,distance,levenshtein,0.6772310733795166,0.0,0.0,0.0,2,success,
68503,1,0,2,,distance,levenshtein,0.17049098014831543,0.140625,1.0,0.2465753424657534,2,success,
26253,0,6,8,,distance,levenshtein,1.647029161453247,0.875,1.0,0.9333333333333333,8,success,
36624,0,6,6,,distance,levenshtein,0.3182871341705322,0.7777777777777778,1.0,0.875,6,success,
26253,0,6,9,,distance,levenshtein,0.11351609230041504,0.875,1.0,0.9333333333333333,9,success,
59934,0,4,9,,distance,levenshtein,0.7741880416870117,0.875,1.0,0.9333333333333333,9,success,
45,1,0,6,,distance,levenshtein,16.284762859344482,0.23684210526315788,1.0,0.3829787234042553,6,success,
33653,1,0,5,,distance,levenshtein,17.413203954696655,0.24324324324324326,1.0,0.391304347826087,5,success,
31055,1,0,7,,distance,levenshtein,17.475733995437622,0.25,1.0,0.4,7,success,
8938,1,0,8,,distance,levenshtein,3.1021668910980225,0.2727272727272727,1.0,0.42857142857142855,8,success,
75385,1,0,3,,distance,levenshtein,0.5119462013244629,0.3103448275862069,1.0,0.47368421052631576,3,success,
26253,0,6,10,,distance,levenshtein,0.11410713195800781,0.875,1.0,0.9333333333333333,10,success,
8988,0,4,9,,distance,levenshtein,0.8775038719177246,0.875,1.0,0.9333333333333333,9,success,
15852,0,3,7,,distance,levenshtein,15.614516019821167,0.875,1.0,0.9333333333333333,7,success,
36624,0,6,7,,distance,levenshtein,0.28650593757629395,0.7777777777777778,1.0,0.875,7,success,
9471,0,6,9,,distance,levenshtein,1.1345829963684082,1.0,1.0,1.0,9,success,
26253,1,0,2,,distance,levenshtein,0.1954658031463623,0.14285714285714285,1.0,0.25,2,success,
68503,1,0,3,,distance,levenshtein,1.1311280727386475,0.28125,1.0,0.43902439024390244,3,success,
65447,1,0,9,,distance,levenshtein,3.0250000953674316,0.2571428571428571,1.0,0.4090909090909091,9,success,
51338,0,5,10,,distance,levenshtein,1.232672929763794,0.875,1.0,0.9333333333333333,10,success,
51338,0,6,2,,distance,levenshtein,0.08046197891235352,0.8571428571428571,0.8571428571428571,0.8571428571428571,2,success,
37843,1,0,4,,distance,levenshtein,3.6568620204925537,0.2903225806451613,1.0,0.45,4,success,
51338,0,6,3,,distance,levenshtein,0.09093284606933594,0.875,1.0,0.9333333333333333,3,success,
26253,1,0,3,,distance,levenshtein,0.7631521224975586,0.2647058823529412,1.0,0.4186046511627907,3,success,
98846,1,0,4,,distance,levenshtein,3.3682518005371094,0.23684210526315788,1.0,0.3829787234042553,4,success,
8988,0,4,10,,distance,levenshtein,0.9079627990722656,0.875,1.0,0.9333333333333333,10,success,
59934,0,4,10,,distance,levenshtein,1.1248359680175781,0.875,1.0,0.9333333333333333,10,success,
51134,1,0,5,,distance,levenshtein,3.528261184692383,0.2727272727272727,1.0,0.42857142857142855,5,success,
15852,0,3,8,,distance,levenshtein,1.3068671226501465,0.875,1.0,0.9333333333333333,8,success,
51338,0,6,4,,distance,levenshtein,0.4084489345550537,0.875,1.0,0.9333333333333333,4,success,
8988,0,5,2,,distance,levenshtein,0.15986204147338867,0.875,1.0,0.9333333333333333,2,success,
59934,0,5,2,,distance,levenshtein,0.15331602096557617,0.875,1.0,0.9333333333333333,2,success,
79820,0,4,7,,distance,levenshtein,14.037807941436768,1.0,1.0,1.0,7,success,
36624,0,6,8,,distance,levenshtein,1.614966869354248,0.7777777777777778,1.0,0.875,8,success,
9471,0,6,10,,distance,levenshtein,1.4604299068450928,1.0,1.0,1.0,10,success,
63198,1,0,10,,distance,levenshtein,14.576414823532104,0.24324324324324326,1.0,0.391304347826087,10,success,
9471,1,0,2,,distance,levenshtein,0.17896008491516113,0.14516129032258066,1.0,0.2535211267605634,2,success,
51338,0,6,5,,distance,levenshtein,0.42476987838745117,0.8571428571428571,0.8571428571428571,0.8571428571428571,5,success,
36624,0,6,9,,distance,levenshtein,0.13474297523498535,0.7777777777777778,1.0,0.875,9,success,
9178,1,0,10,,distance,levenshtein,4.209115028381348,0.3103448275862069,1.0,0.47368421052631576,10,success,
68503,1,0,4,,distance,levenshtein,1.642514944076538,0.28125,1.0,0.43902439024390244,4,success,
63198,1,2,2,,distance,levenshtein,0.3209249973297119,0.2571428571428571,1.0,0.4090909090909091,2,success,
59934,0,5,3,,distance,levenshtein,0.6780300140380859,0.875,1.0,0.9333333333333333,3,success,
36624,0,6,10,,distance,levenshtein,0.1357409954071045,0.7777777777777778,1.0,0.875,10,success,
79820,0,4,8,,distance,levenshtein,0.5852389335632324,1.0,1.0,1.0,8,success,
84787,1,0,8,,distance,levenshtein,32.87264895439148,0.2571428571428571,1.0,0.4090909090909091,8,success,
32584,1,0,4,,distance,levenshtein,4.19248104095459,0.225,1.0,0.3673469387755102,4,success,
36624,1,0,2,,distance,levenshtein,0.13039493560791016,0.28125,1.0,0.43902439024390244,2,success,
45,1,0,7,,distance,levenshtein,2.9301609992980957,0.23076923076923078,1.0,0.375,7,success,
87228,0,5,7,,distance,levenshtein,17.24464201927185,0.7777777777777778,1.0,0.875,7,success,
9178,1,2,2,,distance,levenshtein,0.6702630519866943,0.0,0.0,0.0,2,success,
51338,0,6,6,,distance,levenshtein,0.8338038921356201,0.8571428571428571,0.8571428571428571,0.8571428571428571,6,success,
36624,1,0,3,,distance,levenshtein,0.43889403343200684,0.2647058823529412,1.0,0.4186046511627907,3,success,
79820,0,4,9,,distance,levenshtein,0.4878370761871338,1.0,1.0,1.0,9,success,
70332,1,0,7,,distance,levenshtein,8.73074197769165,0.23684210526315788,1.0,0.3829787234042553,7,success,
11298,1,0,7,,distance,levenshtein,14.319642066955566,0.2571428571428571,1.0,0.4090909090909091,7,success,
9471,1,0,3,,distance,levenshtein,1.422821044921875,0.2571428571428571,1.0,0.4090909090909091,3,success,
87228,0,5,8,,distance,levenshtein,0.43581509590148926,0.7777777777777778,1.0,0.875,8,success,
26253,1,0,4,,distance,levenshtein,2.4268319606781006,0.2571428571428571,1.0,0.4090909090909091,4,success,
65447,1,0,10,,distance,levenshtein,3.1091389656066895,0.2571428571428571,1.0,0.4090909090909091,10,success,
8988,0,5,3,,distance,levenshtein,2.429593801498413,0.875,1.0,0.9333333333333333,3,success,
79820,0,4,10,,distance,levenshtein,0.5605380535125732,1.0,1.0,1.0,10,success,
87228,0,5,9,,distance,levenshtein,0.19887089729309082,0.7777777777777778,1.0,0.875,9,success,
59934,0,5,4,,distance,levenshtein,1.8759739398956299,0.875,1.0,0.9333333333333333,4,success,
93344,1,2,4,,distance,levenshtein,14.082183122634888,0.25,1.0,0.4,4,success,
79820,0,5,2,,distance,levenshtein,0.13461995124816895,1.0,1.0,1.0,2,success,
36624,1,0,4,,distance,levenshtein,1.1409289836883545,0.2647058823529412,1.0,0.4186046511627907,4,success,
75385,1,0,4,,distance,levenshtein,4.765995979309082,0.32142857142857145,1.0,0.4864864864864865,4,success,
65447,1,2,2,,distance,levenshtein,0.8046491146087646,0.0,0.0,0.0,2,success,
59934,0,5,5,,distance,levenshtein,0.35238194465637207,0.875,1.0,0.9333333333333333,5,success,
87228,0,5,10,,distance,levenshtein,0.6738870143890381,0.7777777777777778,1.0,0.875,10,success,
79820,0,5,3,,distance,levenshtein,0.5657038688659668,1.0,1.0,1.0,3,success,
93884,1,0,6,,distance,levenshtein,8.52209210395813,0.391304347826087,1.0,0.5625,6,success,
87228,0,6,2,,distance,levenshtein,0.07341480255126953,0.7777777777777778,1.0,0.875,2,success,
45,1,0,8,,distance,levenshtein,2.3059241771698,0.23076923076923078,1.0,0.375,8,success,
84787,1,0,9,,distance,levenshtein,2.6297647953033447,0.2571428571428571,1.0,0.4090909090909091,9,success,
87228,0,6,3,,distance,levenshtein,0.28225278854370117,0.7777777777777778,1.0,0.875,3,success,
87228,0,6,4,,distance,levenshtein,0.2975139617919922,0.7777777777777778,1.0,0.875,4,success,
37843,1,0,5,,distance,levenshtein,5.252987861633301,0.28125,1.0,0.43902439024390244,5,success,
51338,0,6,7,,distance,levenshtein,3.0630080699920654,0.875,1.0,0.9333333333333333,7,success,
9471,1,0,4,,distance,levenshtein,2.708143949508667,0.25,1.0,0.4,4,success,
79820,0,5,4,,distance,levenshtein,1.205383062362671,1.0,1.0,1.0,4,success,
87228,0,6,5,,distance,levenshtein,0.3940541744232178,0.7777777777777778,1.0,0.875,5,success,
51338,0,6,8,,distance,levenshtein,0.14731597900390625,0.875,1.0,0.9333333333333333,8,success,
36624,1,0,5,,distance,levenshtein,2.185742139816284,0.2647058823529412,1.0,0.4186046511627907,5,success,
87228,0,6,6,,distance,levenshtein,0.281588077545166,0.7777777777777778,1.0,0.875,6,success,
51338,0,6,9,,distance,levenshtein,0.21600103378295898,0.875,1.0,0.9333333333333333,9,success,
93344,1,2,5,,distance,levenshtein,2.784379005432129,0.24324324324324326,1.0,0.391304347826087,5,success,
11298,1,0,8,,distance,levenshtein,3.7210991382598877,0.2571428571428571,1.0,0.4090909090909091,8,success,
6886,1,0,7,,distance,levenshtein,11.096379041671753,0.2571428571428571,1.0,0.4090909090909091,7,success,
51338,0,6,10,,distance,levenshtein,0.20577716827392578,0.8571428571428571,0.8571428571428571,0.8571428571428571,10,success,
45,1,0,9,,distance,levenshtein,1.913681983947754,0.23076923076923078,1.0,0.375,9,success,
87228,0,6,7,,distance,levenshtein,0.6211907863616943,0.7777777777777778,1.0,0.875,7,success,
84787,1,0,10,,distance,levenshtein,2.0106940269470215,0.25,1.0,0.4,10,success,
33653,1,0,6,,distance,levenshtein,8.190574169158936,0.24324324324324326,1.0,0.391304347826087,6,success,
72994,1,2,4,,distance,levenshtein,8.90708303451538,0.24324324324324326,1.0,0.391304347826087,4,success,
98846,1,0,5,,distance,levenshtein,6.825453042984009,0.23684210526315788,1.0,0.3829787234042553,5,success,
51338,1,0,2,,distance,levenshtein,0.21901512145996094,0.225,1.0,0.3673469387755102,2,success,
51134,1,0,6,,distance,levenshtein,6.75568699836731,0.2727272727272727,1.0,0.42857142857142855,6,success,
59934,0,5,6,,distance,levenshtein,3.3268229961395264,0.875,1.0,0.9333333333333333,6,success,
12153,0,5,7,,distance,levenshtein,17.893097162246704,0.875,1.0,0.9333333333333333,7,success,
84787,1,2,2,,distance,levenshtein,0.7028439044952393,0.0,0.0,0.0,2,success,
6886,1,0,8,,distance,levenshtein,1.100247859954834,0.2571428571428571,1.0,0.4090909090909091,8,success,
87228,0,6,8,,distance,levenshtein,0.8643171787261963,0.7777777777777778,1.0,0.875,8,success,
51338,1,0,3,,distance,levenshtein,0.7804861068725586,0.225,1.0,0.3673469387755102,3,success,
97635,1,0,6,,distance,levenshtein,13.4775710105896,0.24324324324324326,1.0,0.391304347826087,6,success,
45,1,0,10,,distance,levenshtein,0.80023193359375,0.23076923076923078,1.0,0.375,10,success,
12153,0,5,8,,distance,levenshtein,0.17626714706420898,0.875,1.0,0.9333333333333333,8,success,
11517,1,0,9,,distance,levenshtein,19.05395197868347,0.21951219512195122,1.0,0.36,9,success,
59934,0,5,7,,distance,levenshtein,0.5302519798278809,0.875,1.0,0.9333333333333333,7,success,
68503,1,0,5,,distance,levenshtein,6.999978065490723,0.2727272727272727,1.0,0.42857142857142855,5,success,
69007,1,2,3,,distance,levenshtein,10.122133016586304,0.3333333333333333,1.0,0.5,3,success,
79820,0,5,5,,distance,levenshtein,3.0589427947998047,1.0,1.0,1.0,5,success,
89149,1,0,6,,distance,levenshtein,17.478718996047974,0.225,1.0,0.3673469387755102,6,success,
6886,1,0,9,,distance,levenshtein,0.647752046585083,0.2647058823529412,1.0,0.4186046511627907,9,success,
8938,1,0,9,,distance,levenshtein,10.087240934371948,0.2727272727272727,1.0,0.42857142857142855,9,success,
45,1,2,2,,distance,levenshtein,0.5167219638824463,0.0,0.0,0.0,2,success,
12153,0,5,9,,distance,levenshtein,0.5707218647003174,0.875,1.0,0.9333333333333333,9,success,
72994,1,2,5,,distance,levenshtein,1.958038091659546,0.24324324324324326,1.0,0.391304347826087,5,success,
87228,0,6,9,,distance,levenshtein,1.149507999420166,0.7777777777777778,1.0,0.875,9,success,
59934,0,5,8,,distance,levenshtein,0.831812858581543,0.875,1.0,0.9333333333333333,8,success,
79121,1,0,9,,distance,levenshtein,33.9817841053009,0.2647058823529412,1.0,0.4186046511627907,9,success,
75385,1,0,5,,distance,levenshtein,5.904170036315918,0.3103448275862069,1.0,0.47368421052631576,5,success,
32584,1,0,5,,distance,levenshtein,8.139442920684814,0.225,1.0,0.3673469387755102,5,success,
56085,1,0,7,,distance,levenshtein,22.277310132980347,0.25,1.0,0.4,7,success,
12153,0,5,10,,distance,levenshtein,0.664618968963623,0.875,1.0,0.9333333333333333,10,success,
36624,1,0,6,,distance,levenshtein,4.115744113922119,0.2647058823529412,1.0,0.4186046511627907,6,success,
12153,0,6,2,,distance,levenshtein,0.062380075454711914,0.875,1.0,0.9333333333333333,2,success,
12153,0,6,3,,distance,levenshtein,0.06414604187011719,0.875,1.0,0.9333333333333333,3,success,
6886,1,0,10,,distance,levenshtein,0.9885389804840088,0.2571428571428571,1.0,0.4090909090909091,10,success,
12153,0,6,4,,distance,levenshtein,0.09416699409484863,0.875,1.0,0.9333333333333333,4,success,
59934,0,5,9,,distance,levenshtein,0.8098580837249756,0.875,1.0,0.9333333333333333,9,success,
51338,1,0,4,,distance,levenshtein,2.440556049346924,0.225,1.0,0.3673469387755102,4,success,
79820,0,5,6,,distance,levenshtein,1.6763699054718018,1.0,0.8571428571428571,0.9230769230769231,6,success,
12153,0,6,5,,distance,levenshtein,0.06892991065979004,0.875,1.0,0.9333333333333333,5,success,
87228,0,6,10,,distance,levenshtein,1.215723991394043,0.7777777777777778,1.0,0.875,10,success,
26253,1,0,5,,distance,levenshtein,8.352209091186523,0.2571428571428571,1.0,0.4090909090909091,5,success,
33653,1,0,7,,distance,levenshtein,3.810196876525879,0.24324324324324326,1.0,0.391304347826087,7,success,
87228,1,0,2,,distance,levenshtein,0.21952605247497559,0.2903225806451613,1.0,0.45,2,success,
12153,0,6,6,,distance,levenshtein,0.36347198486328125,0.875,1.0,0.9333333333333333,6,success,
114,1,0,8,,distance,levenshtein,31.326282024383545,0.2903225806451613,1.0,0.45,8,success,
72994,1,2,6,,distance,levenshtein,2.1554019451141357,0.24324324324324326,1.0,0.391304347826087,6,success,
87228,1,0,3,,distance,levenshtein,0.3409850597381592,0.2727272727272727,1.0,0.42857142857142855,3,success,
88322,1,0,7,,distance,levenshtein,31.83734393119812,0.2647058823529412,1.0,0.4186046511627907,7,success,
6886,1,2,2,,distance,levenshtein,1.1217658519744873,0.0,0.0,0.0,2,success,
12153,0,6,7,,distance,levenshtein,0.3577151298522949,0.875,1.0,0.9333333333333333,7,success,
56085,1,0,8,,distance,levenshtein,1.9675939083099365,0.25,1.0,0.4,8,success,
79820,0,5,7,,distance,levenshtein,1.2542481422424316,1.0,1.0,1.0,7,success,
87228,1,0,4,,distance,levenshtein,0.9615581035614014,0.28125,1.0,0.43902439024390244,4,success,
8938,1,0,10,,distance,levenshtein,3.8363258838653564,0.2647058823529412,1.0,0.4186046511627907,10,success,
51338,1,0,5,,distance,levenshtein,2.174501895904541,0.225,1.0,0.3673469387755102,5,success,
8938,1,2,2,,distance,levenshtein,0.44078493118286133,0.0,0.0,0.0,2,success,
93344,1,2,6,,distance,levenshtein,7.20021390914917,0.25,1.0,0.4,6,success,
45,1,2,3,,distance,levenshtein,4.813899993896484,0.23076923076923078,1.0,0.375,3,success,
87228,1,0,5,,distance,levenshtein,1.1146039962768555,0.2647058823529412,1.0,0.4186046511627907,5,success,
12153,0,6,8,,distance,levenshtein,2.3275389671325684,0.875,1.0,0.9333333333333333,8,success,
59934,0,5,10,,distance,levenshtein,3.544914960861206,0.875,1.0,0.9333333333333333,10,success,
12153,0,6,9,,distance,levenshtein,0.1592118740081787,0.875,1.0,0.9333333333333333,9,success,
59934,0,6,2,,distance,levenshtein,0.06496405601501465,0.875,1.0,0.9333333333333333,2,success,
59934,0,6,3,,distance,levenshtein,0.07194995880126953,0.875,1.0,0.9333333333333333,3,success,
72994,1,2,7,,distance,levenshtein,2.9629430770874023,0.24324324324324326,1.0,0.391304347826087,7,success,
12153,0,6,10,,distance,levenshtein,0.17466998100280762,0.875,1.0,0.9333333333333333,10,success,
59934,0,6,4,,distance,levenshtein,0.09325599670410156,0.875,1.0,0.9333333333333333,4,success,
59934,0,6,5,,distance,levenshtein,0.046690940856933594,0.875,1.0,0.9333333333333333,5,success,
12153,1,0,2,,distance,levenshtein,0.1668109893798828,0.15254237288135594,1.0,0.2647058823529412,2,success,
114,1,0,9,,distance,levenshtein,3.735461950302124,0.2903225806451613,1.0,0.45,9,success,
31055,1,0,8,,distance,levenshtein,16.88491702079773,0.25,1.0,0.4,8,success,
59934,0,6,6,,distance,levenshtein,0.27992892265319824,0.875,1.0,0.9333333333333333,6,success,
58656,1,0,8,,distance,levenshtein,23.89426898956299,0.24324324324324326,1.0,0.391304347826087,8,success,
88322,1,0,8,,distance,levenshtein,3.6226260662078857,0.2647058823529412,1.0,0.4186046511627907,8,success,
87228,1,0,6,,distance,levenshtein,1.5212271213531494,0.2647058823529412,1.0,0.4186046511627907,6,success,
59934,0,6,7,,distance,levenshtein,0.284221887588501,0.875,1.0,0.9333333333333333,7,success,
84787,1,2,3,,distance,levenshtein,8.436187028884888,0.2571428571428571,1.0,0.4090909090909091,3,success,
114,1,0,10,,distance,levenshtein,0.7036178112030029,0.2903225806451613,1.0,0.45,10,success,
58283,1,2,4,,distance,levenshtein,27.36003088951111,0.23529411764705882,0.8888888888888888,0.37209302325581395,4,success,
56085,1,0,9,,distance,levenshtein,4.2761390209198,0.25,1.0,0.4,9,success,
12153,1,0,3,,distance,levenshtein,1.5111758708953857,0.24324324324324326,1.0,0.391304347826087,3,success,
7239,1,0,7,,distance,levenshtein,20.457855939865112,0.3,1.0,0.46153846153846156,7,success,
8938,1,2,3,,distance,levenshtein,3.624940872192383,0.2727272727272727,1.0,0.42857142857142855,3,success,
89095,1,0,7,,distance,levenshtein,48.97127604484558,0.23684210526315788,1.0,0.3829787234042553,7,success,
51338,1,0,6,,distance,levenshtein,4.365603923797607,0.225,1.0,0.3673469387755102,6,success,
31055,1,0,9,,distance,levenshtein,1.7073299884796143,0.25,1.0,0.4,9,success,
68503,1,0,6,,distance,levenshtein,9.437700986862183,0.28125,1.0,0.43902439024390244,6,success,
79820,0,5,8,,distance,levenshtein,5.261831045150757,1.0,1.0,1.0,8,success,
59934,0,6,8,,distance,levenshtein,1.6683011054992676,0.875,1.0,0.9333333333333333,8,success,
28998,1,0,7,,distance,levenshtein,36.360395193099976,0.36,1.0,0.5294117647058824,7,success,
58283,1,2,5,,distance,levenshtein,1.0582780838012695,0.23529411764705882,0.8888888888888888,0.37209302325581395,5,success,
59934,0,6,9,,distance,levenshtein,0.1144111156463623,0.875,1.0,0.9333333333333333,9,success,
114,1,2,2,,distance,levenshtein,1.4620251655578613,0.0,0.0,0.0,2,success,
59934,0,6,10,,distance,levenshtein,0.11391210556030273,0.875,1.0,0.9333333333333333,10,success,
3075,1,0,7,,distance,levenshtein,34.24299097061157,0.23684210526315788,1.0,0.3829787234042553,7,success,
9471,1,0,5,,distance,levenshtein,13.433308839797974,0.2571428571428571,1.0,0.4090909090909091,5,success,
37843,1,0,6,,distance,levenshtein,13.51779818534851,0.2903225806451613,1.0,0.45,6,success,
59934,1,0,2,,distance,levenshtein,0.15445303916931152,0.12162162162162163,1.0,0.21686746987951808,2,success,
8988,0,5,4,,distance,levenshtein,15.928124904632568,0.875,1.0,0.9333333333333333,4,success,
56085,1,0,10,,distance,levenshtein,1.8887131214141846,0.25,1.0,0.4,10,success,
79820,0,5,9,,distance,levenshtein,0.9394478797912598,1.0,1.0,1.0,9,success,
26253,1,0,6,,distance,levenshtein,8.054970979690552,0.2647058823529412,1.0,0.4186046511627907,6,success,
75385,1,0,6,,distance,levenshtein,9.552024841308594,0.3103448275862069,1.0,0.47368421052631576,6,success,
56085,1,2,2,,distance,levenshtein,0.52754807472229,0.012658227848101266,0.1111111111111111,0.022727272727272728,2,success,
59934,1,0,3,,distance,levenshtein,0.8633630275726318,0.36,1.0,0.5294117647058824,3,success,
58656,1,0,9,,distance,levenshtein,4.228492975234985,0.24324324324324326,1.0,0.391304347826087,9,success,
97635,1,0,7,,distance,levenshtein,12.10108208656311,0.24324324324324326,1.0,0.391304347826087,7,success,
8988,0,5,5,,distance,levenshtein,1.3973829746246338,0.875,1.0,0.9333333333333333,5,success,
89095,1,0,8,,distance,levenshtein,2.5577940940856934,0.23684210526315788,1.0,0.3829787234042553,8,success,
31055,1,0,10,,distance,levenshtein,2.343932867050171,0.25,1.0,0.4,10,success,
12153,1,0,4,,distance,levenshtein,3.3680479526519775,0.23684210526315788,1.0,0.3829787234042553,4,success,
28998,1,0,8,,distance,levenshtein,2.5326669216156006,0.36,1.0,0.5294117647058824,8,success,
79820,0,5,10,,distance,levenshtein,1.1691229343414307,1.0,1.0,1.0,10,success,
93344,1,2,7,,distance,levenshtein,6.759980916976929,0.25,1.0,0.4,7,success,
8988,0,5,6,,distance,levenshtein,0.1804800033569336,0.875,1.0,0.9333333333333333,6,success,
79820,0,6,2,,distance,levenshtein,0.0887758731842041,1.0,0.8571428571428571,0.9230769230769231,2,success,
79820,0,6,3,,distance,levenshtein,0.3786129951477051,1.0,1.0,1.0,3,success,
7239,1,0,8,,distance,levenshtein,4.158491134643555,0.3,1.0,0.46153846153846156,8,success,
31055,1,2,2,,distance,levenshtein,1.2416181564331055,0.012987012987012988,0.1111111111111111,0.023255813953488372,2,success,
79820,0,6,4,,distance,levenshtein,0.46498703956604004,1.0,1.0,1.0,4,success,
72994,1,2,8,,distance,levenshtein,7.095656871795654,0.24324324324324326,1.0,0.391304347826087,8,success,
88322,1,0,9,,distance,levenshtein,6.544251203536987,0.2647058823529412,1.0,0.4186046511627907,9,success,
9178,1,2,3,,distance,levenshtein,20.898586988449097,0.3103448275862069,1.0,0.47368421052631576,3,success,
79820,0,6,5,,distance,levenshtein,0.4506711959838867,1.0,1.0,1.0,5,success,
7239,1,0,9,,distance,levenshtein,0.7188200950622559,0.3103448275862069,1.0,0.47368421052631576,9,success,
85303,1,0,9,,distance,levenshtein,27.311660051345825,0.2571428571428571,1.0,0.4090909090909091,9,success,
51134,1,0,7,,distance,levenshtein,15.949764966964722,0.2647058823529412,1.0,0.4186046511627907,7,success,
55151,1,0,7,,distance,levenshtein,26.579172134399414,0.25,1.0,0.4,7,success,
79820,0,6,6,,distance,levenshtein,0.15886688232421875,1.0,0.7142857142857143,0.8333333333333334,6,success,
56085,1,2,3,,distance,levenshtein,3.208773136138916,0.25,1.0,0.4,3,success,
59934,1,0,4,,distance,levenshtein,3.284420967102051,0.36,1.0,0.5294117647058824,4,success,
89095,1,0,9,,distance,levenshtein,2.4391930103302,0.24324324324324326,1.0,0.391304347826087,9,success,
8988,0,5,7,,distance,levenshtein,2.089158058166504,0.875,1.0,0.9333333333333333,7,success,
6886,1,2,3,,distance,levenshtein,11.532119035720825,0.2571428571428571,1.0,0.4090909090909091,3,success,
39871,1,0,7,,distance,levenshtein,27.73898196220398,0.28125,1.0,0.43902439024390244,7,success,
98846,1,0,6,,distance,levenshtein,16.64370322227478,0.23684210526315788,1.0,0.3829787234042553,6,success,
79820,0,6,7,,distance,levenshtein,0.6775381565093994,1.0,1.0,1.0,7,success,
58283,1,2,6,,distance,levenshtein,5.9424519538879395,0.23529411764705882,0.8888888888888888,0.37209302325581395,6,success,
36624,1,0,7,,distance,levenshtein,14.300227880477905,0.2571428571428571,1.0,0.4090909090909091,7,success,
7239,1,0,10,,distance,levenshtein,1.4229209423065186,0.3,1.0,0.46153846153846156,10,success,
75385,1,0,7,,distance,levenshtein,5.2781078815460205,0.3103448275862069,1.0,0.47368421052631576,7,success,
85303,1,0,10,,distance,levenshtein,1.5799992084503174,0.23684210526315788,1.0,0.3829787234042553,10,success,
7239,1,2,2,,distance,levenshtein,0.41741490364074707,0.0,0.0,0.0,2,success,
79820,0,6,8,,distance,levenshtein,0.9732201099395752,1.0,1.0,1.0,8,success,
85303,1,2,2,,distance,levenshtein,0.3363361358642578,0.23529411764705882,0.8888888888888888,0.37209302325581395,2,success,
162,1,0,7,,distance,levenshtein,31.376127004623413,0.2727272727272727,1.0,0.42857142857142855,7,success,
93344,1,2,8,,distance,levenshtein,4.826985836029053,0.24324324324324326,1.0,0.391304347826087,8,success,
28998,1,0,9,,distance,levenshtein,5.16773796081543,0.375,1.0,0.5454545454545454,9,success,
12153,1,0,5,,distance,levenshtein,5.514384031295776,0.24324324324324326,1.0,0.391304347826087,5,success,
32584,1,0,6,,distance,levenshtein,17.02335000038147,0.225,1.0,0.3673469387755102,6,success,
79820,0,6,9,,distance,levenshtein,1.424401044845581,1.0,1.0,1.0,9,success,
63198,1,2,3,,distance,levenshtein,26.227610111236572,0.24324324324324326,1.0,0.391304347826087,3,success,
69007,1,2,4,,distance,levenshtein,18.97262692451477,0.3333333333333333,1.0,0.5,4,success,
89095,1,0,10,,distance,levenshtein,3.968170166015625,0.23684210526315788,1.0,0.3829787234042553,10,success,
8988,0,5,8,,distance,levenshtein,4.036885023117065,0.8571428571428571,0.8571428571428571,0.8571428571428571,8,success,
15852,0,3,9,,distance,levenshtein,27.48054814338684,0.875,1.0,0.9333333333333333,9,success,
87228,1,0,7,,distance,levenshtein,12.050010919570923,0.2647058823529412,1.0,0.4186046511627907,7,success,
59934,1,0,5,,distance,levenshtein,4.5669450759887695,0.36,1.0,0.5294117647058824,5,success,
15852,0,3,10,,distance,levenshtein,0.1812279224395752,0.875,1.0,0.9333333333333333,10,success,
89095,1,2,2,,distance,levenshtein,0.3816490173339844,0.012658227848101266,0.1111111111111111,0.022727272727272728,2,success,
28998,1,0,10,,distance,levenshtein,1.6861882209777832,0.36,1.0,0.5294117647058824,10,success,
15852,0,4,2,,distance,levenshtein,0.08520698547363281,0.875,1.0,0.9333333333333333,2,success,
85303,1,2,3,,distance,levenshtein,2.998924970626831,0.25,1.0,0.4,3,success,
79820,0,6,10,,distance,levenshtein,1.3879179954528809,1.0,1.0,1.0,10,success,
28998,1,2,2,,distance,levenshtein,0.3693101406097412,0.3333333333333333,0.7777777777777778,0.4666666666666667,2,success,
79820,1,0,2,,distance,levenshtein,0.1545429229736328,0.14516129032258066,1.0,0.2535211267605634,2,success,
8988,0,5,9,,distance,levenshtein,1.0729670524597168,0.875,1.0,0.9333333333333333,9,success,
29382,0,3,9,,distance,levenshtein,34.4523720741272,1.0,1.0,1.0,9,success,
15852,0,4,3,,distance,levenshtein,0.7851240634918213,0.875,1.0,0.9333333333333333,3,success,
93884,1,0,7,,distance,levenshtein,25.39404606819153,0.391304347826087,1.0,0.5625,7,success,
29382,0,3,10,,distance,levenshtein,0.13845396041870117,1.0,1.0,1.0,10,success,
88322,1,0,10,,distance,levenshtein,6.9561989307403564,0.2647058823529412,1.0,0.4186046511627907,10,success,
29382,0,4,2,,distance,levenshtein,0.08957409858703613,1.0,1.0,1.0,2,success,
79820,1,0,3,,distance,levenshtein,0.819084882736206,0.25,1.0,0.4,3,success,
29382,0,4,3,,distance,levenshtein,0.2740180492401123,1.0,1.0,1.0,3,success,
8988,0,5,10,,distance,levenshtein,0.8936679363250732,0.875,1.0,0.9333333333333333,10,success,
88322,1,2,2,,distance,levenshtein,0.6198079586029053,0.012658227848101266,0.1111111111111111,0.022727272727272728,2,success,
8988,0,6,2,,distance,levenshtein,0.06178593635559082,0.875,1.0,0.9333333333333333,2,success,
8988,0,6,3,,distance,levenshtein,0.07140588760375977,0.875,1.0,0.9333333333333333,3,success,
29382,0,4,4,,distance,levenshtein,0.6414470672607422,1.0,1.0,1.0,4,success,
8988,0,6,4,,distance,levenshtein,0.09904909133911133,0.875,1.0,0.9333333333333333,4,success,
8988,0,6,5,,distance,levenshtein,0.0508420467376709,0.875,1.0,0.9333333333333333,5,success,
15852,0,4,4,,distance,levenshtein,2.1157639026641846,0.875,1.0,0.9333333333333333,4,success,
8988,0,6,6,,distance,levenshtein,0.32108283042907715,0.875,1.0,0.9333333333333333,6,success,
8988,0,6,7,,distance,levenshtein,0.2863469123840332,0.875,1.0,0.9333333333333333,7,success,
15852,0,4,5,,distance,levenshtein,0.8424310684204102,0.875,1.0,0.9333333333333333,5,success,
93884,1,0,8,,distance,levenshtein,2.8605990409851074,0.391304347826087,1.0,0.5625,8,success,
29382,0,4,5,,distance,levenshtein,1.4855430126190186,1.0,1.0,1.0,5,success,
37843,1,0,7,,distance,levenshtein,14.11113691329956,0.2903225806451613,1.0,0.45,7,success,
15852,0,4,6,,distance,levenshtein,0.2853360176086426,0.875,1.0,0.9333333333333333,6,success,
15852,0,4,7,,distance,levenshtein,0.4253108501434326,0.875,1.0,0.9333333333333333,7,success,
58283,1,2,7,,distance,levenshtein,9.273252964019775,0.22857142857142856,0.8888888888888888,0.36363636363636365,7,success,
79820,1,0,4,,distance,levenshtein,3.8705899715423584,0.25,1.0,0.4,4,success,
93344,1,2,9,,distance,levenshtein,7.6517839431762695,0.24324324324324326,1.0,0.391304347826087,9,success,
8988,0,6,8,,distance,levenshtein,1.882624864578247,0.875,1.0,0.9333333333333333,8,success,
72994,1,2,9,,distance,levenshtein,11.672987937927246,0.24324324324324326,1.0,0.391304347826087,9,success,
37843,1,0,8,,distance,levenshtein,1.3135249614715576,0.28125,1.0,0.43902439024390244,8,success,
8988,0,6,9,,distance,levenshtein,0.15615606307983398,0.875,1.0,0.9333333333333333,9,success,
89095,1,2,3,,distance,levenshtein,6.378580093383789,0.21621621621621623,0.8888888888888888,0.34782608695652173,3,success,
8988,0,6,10,,distance,levenshtein,0.1306619644165039,0.875,1.0,0.9333333333333333,10,success,
9471,1,0,6,,distance,levenshtein,16.131633043289185,0.25,1.0,0.4,6,success,
8938,1,2,4,,distance,levenshtein,17.613320112228394,0.2647058823529412,1.0,0.4186046511627907,4,success,
70332,1,0,8,,distance,levenshtein,33.147566080093384,0.23076923076923078,1.0,0.375,8,success,
8988,1,0,2,,distance,levenshtein,0.14497590065002441,0.12857142857142856,1.0,0.22784810126582278,2,success,
8988,1,0,3,,distance,levenshtein,0.8267629146575928,0.3,1.0,0.46153846153846156,3,success,
72994,1,2,10,,distance,levenshtein,1.2598748207092285,0.24324324324324326,1.0,0.391304347826087,10,success,
93884,1,0,9,,distance,levenshtein,3.350865125656128,0.391304347826087,1.0,0.5625,9,success,
15852,0,4,8,,distance,levenshtein,2.572674036026001,0.875,1.0,0.9333333333333333,8,success,
72994,1,3,2,,distance,levenshtein,0.2754349708557129,0.0,0.0,0.0,2,success,
37843,1,0,9,,distance,levenshtein,2.175701141357422,0.28125,1.0,0.43902439024390244,9,success,
15852,0,4,9,,distance,levenshtein,0.6808099746704102,0.875,1.0,0.9333333333333333,9,success,
8988,1,0,4,,distance,levenshtein,1.501546859741211,0.3103448275862069,1.0,0.47368421052631576,4,success,
7239,1,2,3,,distance,levenshtein,12.586087942123413,0.3,1.0,0.46153846153846156,3,success,
79820,1,0,5,,distance,levenshtein,3.733280897140503,0.2571428571428571,1.0,0.4090909090909091,5,success,
70332,1,0,9,,distance,levenshtein,2.7335991859436035,0.23684210526315788,1.0,0.3829787234042553,9,success,
15852,0,4,10,,distance,levenshtein,0.8123209476470947,0.8571428571428571,0.8571428571428571,0.8571428571428571,10,success,
36624,1,0,8,,distance,levenshtein,14.354674100875854,0.2647058823529412,1.0,0.4186046511627907,8,success,
15852,0,5,2,,distance,levenshtein,0.09781193733215332,0.875,1.0,0.9333333333333333,2,success,
59934,1,0,6,,distance,levenshtein,10.939483880996704,0.36,1.0,0.5294117647058824,6,success,
8988,1,0,5,,distance,levenshtein,1.2694220542907715,0.3,1.0,0.46153846153846156,5,success,
15852,0,5,3,,distance,levenshtein,0.32930922508239746,0.875,1.0,0.9333333333333333,3,success,
28998,1,2,3,,distance,levenshtein,10.959850072860718,0.36,1.0,0.5294117647058824,3,success,
70332,1,0,10,,distance,levenshtein,1.7921850681304932,0.23076923076923078,1.0,0.375,10,success,
36624,1,0,9,,distance,levenshtein,1.3997230529785156,0.2647058823529412,1.0,0.4186046511627907,9,success,
79121,1,0,10,,distance,levenshtein,31.161064863204956,0.2647058823529412,1.0,0.4186046511627907,10,success,
70332,1,2,2,,distance,levenshtein,0.4081001281738281,0.2,0.7777777777777778,0.3181818181818182,2,success,
37843,1,0,10,,distance,levenshtein,3.563009023666382,0.2903225806451613,1.0,0.45,10,success,
93884,1,0,10,,distance,levenshtein,4.131211996078491,0.391304347826087,1.0,0.5625,10,success,
39161,1,0,8,,distance,levenshtein,50.200706005096436,0.28125,1.0,0.43902439024390244,8,success,
79121,1,2,2,,distance,levenshtein,0.465709924697876,0.25806451612903225,0.8888888888888888,0.4,2,success,
72994,1,3,3,,distance,levenshtein,4.438269853591919,0.24324324324324326,1.0,0.391304347826087,3,success,
26253,1,0,7,,distance,levenshtein,22.56437397003174,0.2647058823529412,1.0,0.4186046511627907,7,success,
93884,1,2,2,,distance,levenshtein,0.5160877704620361,0.0,0.0,0.0,2,success,
37843,1,2,2,,distance,levenshtein,0.7611560821533203,0.0,0.0,0.0,2,success,
15852,0,5,4,,distance,levenshtein,2.7884328365325928,0.875,1.0,0.9333333333333333,4,success,
32584,1,0,7,,distance,levenshtein,15.69319486618042,0.225,1.0,0.3673469387755102,7,success,
88322,1,2,3,,distance,levenshtein,12.351784944534302,0.24242424242424243,0.8888888888888888,0.38095238095238093,3,success,
36624,1,0,10,,distance,levenshtein,2.2353198528289795,0.2727272727272727,1.0,0.42857142857142855,10,success,
87228,1,0,8,,distance,levenshtein,15.356342077255249,0.28125,1.0,0.43902439024390244,8,success,
36624,1,2,2,,distance,levenshtein,0.3106529712677002,0.21428571428571427,0.6666666666666666,0.32432432432432434,2,success,
29382,0,4,6,,distance,levenshtein,11.460293054580688,1.0,1.0,1.0,6,success,
15852,0,5,5,,distance,levenshtein,2.087428092956543,0.875,1.0,0.9333333333333333,5,success,
32584,1,0,8,,distance,levenshtein,1.8981950283050537,0.225,1.0,0.3673469387755102,8,success,
8988,1,0,6,,distance,levenshtein,5.239590883255005,0.3,1.0,0.46153846153846156,6,success,
75385,1,0,8,,distance,levenshtein,20.05494999885559,0.3103448275862069,1.0,0.47368421052631576,8,success,
15852,0,5,6,,distance,levenshtein,0.27077698707580566,0.875,1.0,0.9333333333333333,6,success,
87228,1,0,9,,distance,levenshtein,1.9555721282958984,0.28125,1.0,0.43902439024390244,9,success,
15852,0,5,7,,distance,levenshtein,0.38576793670654297,0.875,1.0,0.9333333333333333,7,success,
26253,1,0,8,,distance,levenshtein,3.6384999752044678,0.2647058823529412,1.0,0.4186046511627907,8,success,
11517,1,0,10,,distance,levenshtein,37.812541007995605,0.225,1.0,0.3673469387755102,10,success,
39161,1,0,9,,distance,levenshtein,4.605695009231567,0.28125,1.0,0.43902439024390244,9,success,
11517,1,2,2,,distance,levenshtein,0.3308889865875244,0.0,0.0,0.0,2,success,
29382,0,4,7,,distance,levenshtein,1.932131052017212,1.0,1.0,1.0,7,success,
32584,1,0,9,,distance,levenshtein,1.4762449264526367,0.225,1.0,0.3673469387755102,9,success,
15852,0,5,8,,distance,levenshtein,0.6066319942474365,0.875,1.0,0.9333333333333333,8,success,
87228,1,0,10,,distance,levenshtein,0.7644569873809814,0.2727272727272727,1.0,0.42857142857142855,10,success,
93884,1,2,3,,distance,levenshtein,4.7515339851379395,0.391304347826087,1.0,0.5625,3,success,
79121,1,2,3,,distance,levenshtein,5.362583160400391,0.2571428571428571,1.0,0.4090909090909091,3,success,
89149,1,0,7,,distance,levenshtein,38.47718286514282,0.225,1.0,0.3673469387755102,7,success,
72994,1,3,4,,distance,levenshtein,5.6847639083862305,0.24324324324324326,1.0,0.391304347826087,4,success,
87228,1,2,2,,distance,levenshtein,0.3479340076446533,0.0,0.0,0.0,2,success,
29382,0,4,8,,distance,levenshtein,0.6578700542449951,1.0,1.0,1.0,8,success,
51338,1,0,7,,distance,levenshtein,30.08262586593628,0.21951219512195122,1.0,0.36,7,success,
15852,0,5,9,,distance,levenshtein,0.7518010139465332,0.875,1.0,0.9333333333333333,9,success,
12153,1,0,6,,distance,levenshtein,21.405560970306396,0.23684210526315788,1.0,0.3829787234042553,6,success,
39871,1,0,8,,distance,levenshtein,24.327167987823486,0.28125,1.0,0.43902439024390244,8,success,
68503,1,0,7,,distance,levenshtein,30.407356023788452,0.28125,1.0,0.43902439024390244,7,success,
26253,1,0,9,,distance,levenshtein,2.1279590129852295,0.2647058823529412,1.0,0.4186046511627907,9,success,
75385,1,0,9,,distance,levenshtein,2.9582722187042236,0.3103448275862069,1.0,0.47368421052631576,9,success,
29382,0,4,9,,distance,levenshtein,0.7804601192474365,1.0,1.0,1.0,9,success,
85303,1,2,4,,distance,levenshtein,19.761169910430908,0.23684210526315788,1.0,0.3829787234042553,4,success,
93344,1,2,10,,distance,levenshtein,14.026653051376343,0.24324324324324326,1.0,0.391304347826087,10,success,
15852,0,5,10,,distance,levenshtein,0.9382879734039307,0.875,1.0,0.9333333333333333,10,success,
89149,1,0,8,,distance,levenshtein,1.7117841243743896,0.225,1.0,0.3673469387755102,8,success,
93344,1,3,2,,distance,levenshtein,0.2138841152191162,0.11290322580645161,0.7777777777777778,0.19718309859154928,2,success,
15852,0,6,2,,distance,levenshtein,0.060623884201049805,0.875,1.0,0.9333333333333333,2,success,
85303,1,2,5,,distance,levenshtein,0.32155299186706543,0.2571428571428571,1.0,0.4090909090909091,5,success,
51338,1,0,8,,distance,levenshtein,1.2567851543426514,0.21951219512195122,1.0,0.36,8,success,
98846,1,0,7,,distance,levenshtein,25.622776985168457,0.23684210526315788,1.0,0.3829787234042553,7,success,
11517,1,2,3,,distance,levenshtein,2.848047971725464,0.21052631578947367,0.8888888888888888,0.3404255319148936,3,success,
15852,0,6,3,,distance,levenshtein,0.13970088958740234,0.875,1.0,0.9333333333333333,3,success,
37843,1,2,3,,distance,levenshtein,7.320793867111206,0.28125,1.0,0.43902439024390244,3,success,
29382,0,4,10,,distance,levenshtein,0.8663270473480225,1.0,1.0,1.0,10,success,
15852,0,6,4,,distance,levenshtein,0.23900389671325684,0.875,1.0,0.9333333333333333,4,success,
68503,1,0,8,,distance,levenshtein,1.3853480815887451,0.2727272727272727,1.0,0.42857142857142855,8,success,
29382,0,5,2,,distance,levenshtein,0.10155510902404785,1.0,1.0,1.0,2,success,
26253,1,0,10,,distance,levenshtein,1.597541093826294,0.2571428571428571,1.0,0.4090909090909091,10,success,
29382,0,5,3,,distance,levenshtein,0.24919986724853516,1.0,1.0,1.0,3,success,
93344,1,3,3,,distance,levenshtein,1.1032447814941406,0.24324324324324326,1.0,0.391304347826087,3,success,
87228,1,2,3,,distance,levenshtein,3.0143771171569824,0.2647058823529412,1.0,0.4186046511627907,3,success,
114,1,2,3,,distance,levenshtein,32.64263296127319,0.2903225806451613,1.0,0.45,3,success,
15852,0,6,5,,distance,levenshtein,0.6949739456176758,0.875,1.0,0.9333333333333333,5,success,
26253,1,2,2,,distance,levenshtein,0.5500338077545166,0.0,0.0,0.0,2,success,
33653,1,0,8,,distance,levenshtein,40.133562088012695,0.24324324324324326,1.0,0.391304347826087,8,success,
39871,1,0,9,,distance,levenshtein,2.696938991546631,0.28125,1.0,0.43902439024390244,9,success,
29382,0,5,4,,distance,levenshtein,0.6010580062866211,1.0,1.0,1.0,4,success,
15852,0,6,6,,distance,levenshtein,0.2873539924621582,0.875,1.0,0.9333333333333333,6,success,
75385,1,0,10,,distance,levenshtein,2.6086370944976807,0.3103448275862069,1.0,0.47368421052631576,10,success,
32584,1,0,10,,distance,levenshtein,4.29195499420166,0.225,1.0,0.3673469387755102,10,success,
15852,0,6,7,,distance,levenshtein,0.1355760097503662,0.875,1.0,0.9333333333333333,7,success,
68503,1,0,9,,distance,levenshtein,1.1175928115844727,0.2727272727272727,1.0,0.42857142857142855,9,success,
75385,1,2,2,,distance,levenshtein,0.577625036239624,0.0,0.0,0.0,2,success,
98846,1,0,8,,distance,levenshtein,2.4421300888061523,0.23684210526315788,1.0,0.3829787234042553,8,success,
32584,1,2,2,,distance,levenshtein,0.5871779918670654,0.0,0.0,0.0,2,success,
8988,1,0,7,,distance,levenshtein,7.122846841812134,0.3,1.0,0.46153846153846156,7,success,
15852,0,6,8,,distance,levenshtein,0.8183770179748535,0.875,1.0,0.9333333333333333,8,success,
33653,1,0,9,,distance,levenshtein,1.5511529445648193,0.24324324324324326,1.0,0.391304347826087,9,success,
29382,0,5,5,,distance,levenshtein,1.6275780200958252,1.0,1.0,1.0,5,success,
15852,0,6,9,,distance,levenshtein,0.19269299507141113,0.875,1.0,0.9333333333333333,9,success,
39161,1,0,10,,distance,levenshtein,6.354272842407227,0.28125,1.0,0.43902439024390244,10,success,
93344,1,3,4,,distance,levenshtein,2.4270339012145996,0.24324324324324326,1.0,0.391304347826087,4,success,
15852,0,6,10,,distance,levenshtein,0.21540403366088867,0.875,1.0,0.9333333333333333,10,success,
15852,1,0,2,,distance,levenshtein,0.13749313354492188,0.225,1.0,0.3673469387755102,2,success,
39161,1,2,2,,distance,levenshtein,0.7240478992462158,0.0,0.0,0.0,2,success,
33653,1,0,10,,distance,levenshtein,0.8034429550170898,0.24324324324324326,1.0,0.391304347826087,10,success,
15852,1,0,3,,distance,levenshtein,0.385418176651001,0.21951219512195122,1.0,0.36,3,success,
51338,1,0,9,,distance,levenshtein,4.6565070152282715,0.225,1.0,0.3673469387755102,9,success,
85303,1,2,6,,distance,levenshtein,4.835361957550049,0.23076923076923078,1.0,0.375,6,success,
79820,1,0,6,,distance,levenshtein,16.438477039337158,0.2571428571428571,1.0,0.4090909090909091,6,success,
89149,1,0,9,,distance,levenshtein,5.245506048202515,0.225,1.0,0.3673469387755102,9,success,
51134,1,0,8,,distance,levenshtein,32.191747188568115,0.2727272727272727,1.0,0.42857142857142855,8,success,
11298,1,0,9,,distance,levenshtein,49.168750047683716,0.2647058823529412,1.0,0.4186046511627907,9,success,
33653,1,2,2,,distance,levenshtein,0.8882949352264404,0.0,0.0,0.0,2,success,
15852,1,0,4,,distance,levenshtein,0.9712929725646973,0.21428571428571427,1.0,0.35294117647058826,4,success,
51338,1,0,10,,distance,levenshtein,0.6474637985229492,0.21951219512195122,1.0,0.36,10,success,
51338,1,2,2,,distance,levenshtein,0.26453304290771484,0.0,0.0,0.0,2,success,
26253,1,2,3,,distance,levenshtein,4.811506032943726,0.2571428571428571,1.0,0.4090909090909091,3,success,
15852,1,0,5,,distance,levenshtein,1.6450629234313965,0.21951219512195122,1.0,0.36,5,success,
98846,1,0,9,,distance,levenshtein,4.588263988494873,0.23684210526315788,1.0,0.3829787234042553,9,success,
39871,1,0,10,,distance,levenshtein,6.310876131057739,0.28125,1.0,0.43902439024390244,10,success,
68503,1,0,10,,distance,levenshtein,5.904582977294922,0.2727272727272727,1.0,0.42857142857142855,10,success,
70332,1,2,3,,distance,levenshtein,17.10020089149475,0.21621621621621623,0.8888888888888888,0.34782608695652173,3,success,
97635,1,0,8,,distance,levenshtein,38.31299805641174,0.24324324324324326,1.0,0.391304347826087,8,success,
51134,1,0,9,,distance,levenshtein,3.049849033355713,0.2647058823529412,1.0,0.4186046511627907,9,success,
68503,1,2,2,,distance,levenshtein,0.6790871620178223,0.25,0.8888888888888888,0.3902439024390244,2,success,
39871,1,2,2,,distance,levenshtein,0.7613260746002197,0.0,0.0,0.0,2,success,
9471,1,0,7,,distance,levenshtein,24.109004020690918,0.2571428571428571,1.0,0.4090909090909091,7,success,
63198,1,2,4,,distance,levenshtein,32.33021879196167,0.24324324324324326,1.0,0.391304347826087,4,success,
84787,1,2,4,,distance,levenshtein,43.90994191169739,0.2571428571428571,1.0,0.4090909090909091,4,success,
33653,1,2,3,,distance,levenshtein,4.430646896362305,0.24324324324324326,1.0,0.391304347826087,3,success,
93344,1,3,5,,distance,levenshtein,7.237367153167725,0.24324324324324326,1.0,0.391304347826087,5,success,
29382,0,5,6,,distance,levenshtein,7.727325916290283,1.0,1.0,1.0,6,success,
89149,1,0,10,,distance,levenshtein,5.8980278968811035,0.225,1.0,0.3673469387755102,10,success,
9471,1,0,8,,distance,levenshtein,1.9919049739837646,0.25,1.0,0.4,8,success,
97635,1,0,9,,distance,levenshtein,2.986694097518921,0.24324324324324326,1.0,0.391304347826087,9,success,
15852,1,0,6,,distance,levenshtein,4.823486804962158,0.21951219512195122,1.0,0.36,6,success,
97635,1,0,10,,distance,levenshtein,0.7054409980773926,0.24324324324324326,1.0,0.391304347826087,10,success,
89149,1,2,2,,distance,levenshtein,1.435817003250122,0.0,0.0,0.0,2,success,
3075,1,0,8,,distance,levenshtein,44.980100870132446,0.23684210526315788,1.0,0.3829787234042553,8,success,
97635,1,2,2,,distance,levenshtein,0.354586124420166,0.2222222222222222,0.8888888888888888,0.35555555555555557,2,success,
9471,1,0,9,,distance,levenshtein,1.5480639934539795,0.25,1.0,0.4,9,success,
75385,1,2,3,,distance,levenshtein,11.380450010299683,0.3103448275862069,1.0,0.47368421052631576,3,success,
59934,1,0,7,,distance,levenshtein,24.435882091522217,0.36,1.0,0.5294117647058824,7,success,
98846,1,0,10,,distance,levenshtein,6.4288270473480225,0.23684210526315788,1.0,0.3829787234042553,10,success,
87228,1,2,4,,distance,levenshtein,13.645783185958862,0.2727272727272727,1.0,0.42857142857142855,4,success,
3075,1,0,9,,distance,levenshtein,0.7287249565124512,0.23684210526315788,1.0,0.3829787234042553,9,success,
11517,1,2,4,,distance,levenshtein,15.105204105377197,0.225,1.0,0.3673469387755102,4,success,
98846,1,2,2,,distance,levenshtein,0.5648200511932373,0.0125,0.1111111111111111,0.02247191011235955,2,success,
51134,1,0,10,,distance,levenshtein,6.253443956375122,0.2647058823529412,1.0,0.4186046511627907,10,success,
85303,1,2,7,,distance,levenshtein,10.45135498046875,0.23684210526315788,1.0,0.3829787234042553,7,success,
58283,1,2,8,,distance,levenshtein,31.51671290397644,0.22857142857142856,0.8888888888888888,0.36363636363636365,8,success,
51134,1,2,2,,distance,levenshtein,0.5663089752197266,0.0,0.0,0.0,2,success,
12153,1,0,7,,distance,levenshtein,18.303097009658813,0.23684210526315788,1.0,0.3829787234042553,7,success,
39871,1,2,3,,distance,levenshtein,7.198605060577393,0.28125,1.0,0.43902439024390244,3,success,
59934,1,0,8,,distance,levenshtein,2.408026933670044,0.36,1.0,0.5294117647058824,8,success,
3075,1,0,10,,distance,levenshtein,1.7694978713989258,0.21621621621621623,0.8888888888888888,0.34782608695652173,10,success,
84787,1,2,5,,distance,levenshtein,6.578675985336304,0.25,1.0,0.4,5,success,
11517,1,2,5,,distance,levenshtein,2.1183841228485107,0.20512820512820512,0.8888888888888888,0.3333333333333333,5,success,
8988,1,0,8,,distance,levenshtein,14.94053602218628,0.3,1.0,0.46153846153846156,8,success,
3075,1,2,2,,distance,levenshtein,0.8846700191497803,0.0,0.0,0.0,2,success,
12153,1,0,8,,distance,levenshtein,1.4463529586791992,0.23684210526315788,1.0,0.3829787234042553,8,success,
68503,1,2,3,,distance,levenshtein,9.391823053359985,0.2727272727272727,1.0,0.42857142857142855,3,success,
15852,1,0,7,,distance,levenshtein,5.93194317817688,0.21951219512195122,1.0,0.36,7,success,
11517,1,2,6,,distance,levenshtein,1.146461009979248,0.20512820512820512,0.8888888888888888,0.3333333333333333,6,success,
9471,1,0,10,,distance,levenshtein,4.966128826141357,0.25,1.0,0.4,10,success,
28998,1,2,4,,distance,levenshtein,28.89845299720764,0.375,1.0,0.5454545454545454,4,success,
59934,1,0,9,,distance,levenshtein,2.091606855392456,0.36,1.0,0.5294117647058824,9,success,
12153,1,0,9,,distance,levenshtein,0.6585631370544434,0.23684210526315788,1.0,0.3829787234042553,9,success,
89095,1,2,4,,distance,levenshtein,35.218844175338745,0.21621621621621623,0.8888888888888888,0.34782608695652173,4,success,
9471,1,2,2,,distance,levenshtein,0.778134822845459,0.012658227848101266,0.1111111111111111,0.022727272727272728,2,success,
85303,1,2,8,,distance,levenshtein,4.623922824859619,0.25,1.0,0.4,8,success,
59934,1,0,10,,distance,levenshtein,0.8944790363311768,0.36,1.0,0.5294117647058824,10,success,
12153,1,0,10,,distance,levenshtein,1.078324794769287,0.23684210526315788,1.0,0.3829787234042553,10,success,
11517,1,2,7,,distance,levenshtein,1.676753044128418,0.21951219512195122,1.0,0.36,7,success,
59934,1,2,2,,distance,levenshtein,0.37677979469299316,0.0,0.0,0.0,2,success,
28998,1,2,5,,distance,levenshtein,1.7185587882995605,0.36,1.0,0.5294117647058824,5,success,
36624,1,2,3,,distance,levenshtein,27.26922607421875,0.2571428571428571,1.0,0.4090909090909091,3,success,
51338,1,2,3,,distance,levenshtein,15.19675898551941,0.225,1.0,0.3673469387755102,3,success,
98846,1,2,3,,distance,levenshtein,5.966297149658203,0.21621621621621623,0.8888888888888888,0.34782608695652173,3,success,
12153,1,2,2,,distance,levenshtein,0.46521902084350586,0.0,0.0,0.0,2,success,
79820,1,0,7,,distance,levenshtein,17.565624952316284,0.25,1.0,0.4,7,success,
84787,1,2,6,,distance,levenshtein,5.392216920852661,0.22857142857142856,0.8888888888888888,0.36363636363636365,6,success,
98846,1,2,4,,distance,levenshtein,1.4905059337615967,0.21621621621621623,0.8888888888888888,0.34782608695652173,4,success,
55151,1,0,8,,distance,levenshtein,50.12658500671387,0.25,1.0,0.4,8,success,
32584,1,2,3,,distance,levenshtein,21.457486152648926,0.225,1.0,0.3673469387755102,3,success,
37843,1,2,4,,distance,levenshtein,24.004929065704346,0.25806451612903225,0.8888888888888888,0.4,4,success,
51134,1,2,3,,distance,levenshtein,7.71144700050354,0.2647058823529412,1.0,0.4186046511627907,3,success,
56085,1,2,4,,distance,levenshtein,51.15537190437317,0.25,1.0,0.4,4,success,
79820,1,0,8,,distance,levenshtein,2.2794270515441895,0.25,1.0,0.4,8,success,
55151,1,0,9,,distance,levenshtein,1.5843560695648193,0.25,1.0,0.4,9,success,
39161,1,2,3,,distance,levenshtein,21.53933310508728,0.28125,1.0,0.43902439024390244,3,success,
28998,1,2,6,,distance,levenshtein,4.417291879653931,0.36,1.0,0.5294117647058824,6,success,
93344,1,3,6,,distance,levenshtein,14.972461938858032,0.21621621621621623,0.8888888888888888,0.34782608695652173,6,success,
58656,1,0,10,,distance,levenshtein,56.21875596046448,0.25,1.0,0.4,10,success,
89095,1,2,5,,distance,levenshtein,6.261863946914673,0.21621621621621623,0.8888888888888888,0.34782608695652173,5,success,
79121,1,2,4,,distance,levenshtein,29.685217142105103,0.2647058823529412,1.0,0.4186046511627907,4,success,
79820,1,0,9,,distance,levenshtein,1.507349967956543,0.2571428571428571,1.0,0.4090909090909091,9,success,
58656,1,2,2,,distance,levenshtein,0.7298049926757812,0.0,0.0,0.0,2,success,
11517,1,2,8,,distance,levenshtein,6.191138982772827,0.21951219512195122,1.0,0.36,8,success,
162,1,0,8,,distance,levenshtein,51.774052143096924,0.2727272727272727,1.0,0.42857142857142855,8,success,
37843,1,2,5,,distance,levenshtein,4.063421964645386,0.28125,1.0,0.43902439024390244,5,success,
79121,1,2,5,,distance,levenshtein,1.315943956375122,0.2647058823529412,1.0,0.4186046511627907,5,success,
12153,1,2,3,,distance,levenshtein,7.20033597946167,0.23684210526315788,1.0,0.3829787234042553,3,success,
85303,1,2,9,,distance,levenshtein,8.231091022491455,0.2571428571428571,1.0,0.4090909090909091,9,success,
162,1,0,9,,distance,levenshtein,1.3378350734710693,0.2727272727272727,1.0,0.42857142857142855,9,success,
55151,1,0,10,,distance,levenshtein,3.9121689796447754,0.25,1.0,0.4,10,success,
39161,1,2,4,,distance,levenshtein,3.5473740100860596,0.28125,1.0,0.43902439024390244,4,success,
55151,1,2,2,,distance,levenshtein,0.5956430435180664,0.0,0.0,0.0,2,success,
79820,1,0,10,,distance,levenshtein,2.919945001602173,0.25,1.0,0.4,10,success,
29382,0,5,7,,distance,levenshtein,19.32549500465393,1.0,1.0,1.0,7,success,
37843,1,2,6,,distance,levenshtein,1.8881278038024902,0.28125,1.0,0.43902439024390244,6,success,
79820,1,2,2,,distance,levenshtein,0.5652611255645752,0.0,0.0,0.0,2,success,
162,1,0,10,,distance,levenshtein,1.80765700340271,0.2727272727272727,1.0,0.42857142857142855,10,success,
162,1,2,2,,distance,levenshtein,0.3264482021331787,0.0,0.0,0.0,2,success,
89095,1,2,6,,distance,levenshtein,6.226441144943237,0.2222222222222222,0.8888888888888888,0.35555555555555557,6,success,
72994,1,3,5,,distance,levenshtein,35.98456597328186,0.24324324324324326,1.0,0.391304347826087,5,success,
162,1,2,3,,distance,levenshtein,1.7324309349060059,0.22580645161290322,0.7777777777777778,0.35,3,success,
29382,0,5,8,,distance,levenshtein,3.3256449699401855,1.0,1.0,1.0,8,success,
28998,1,2,7,,distance,levenshtein,8.04179310798645,0.36,1.0,0.5294117647058824,7,success,
56085,1,2,5,,distance,levenshtein,9.806518077850342,0.25,1.0,0.4,5,success,
29382,0,5,9,,distance,levenshtein,0.8094301223754883,1.0,1.0,1.0,9,success,
72994,1,3,6,,distance,levenshtein,1.8415508270263672,0.24324324324324326,1.0,0.391304347826087,6,success,
58283,1,2,9,,distance,levenshtein,19.38881206512451,0.22857142857142856,0.8888888888888888,0.36363636363636365,9,success,
37843,1,2,7,,distance,levenshtein,5.398781061172485,0.28125,1.0,0.43902439024390244,7,success,
79121,1,2,6,,distance,levenshtein,7.556188106536865,0.2647058823529412,1.0,0.4186046511627907,6,success,
93884,1,2,4,,distance,levenshtein,40.63274097442627,0.36363636363636365,0.8888888888888888,0.5161290322580645,4,success,
45,1,2,4,,distance,levenshtein,74.22720384597778,0.23684210526315788,1.0,0.3829787234042553,4,success,
79820,1,2,3,,distance,levenshtein,6.7438390254974365,0.25,1.0,0.4,3,success,
11517,1,2,9,,distance,levenshtein,10.340565919876099,0.225,1.0,0.3673469387755102,9,success,
29382,0,5,10,,distance,levenshtein,3.4150118827819824,1.0,1.0,1.0,10,success,
55151,1,2,3,,distance,levenshtein,8.64130711555481,0.25,1.0,0.4,3,success,
29382,0,6,2,,distance,levenshtein,0.08385181427001953,1.0,1.0,1.0,2,success,
29382,0,6,3,,distance,levenshtein,0.11135411262512207,1.0,1.0,1.0,3,success,
29382,0,6,4,,distance,levenshtein,0.4561169147491455,1.0,1.0,1.0,4,success,
29382,0,6,5,,distance,levenshtein,0.2640531063079834,1.0,1.0,1.0,5,success,
9471,1,2,3,,distance,levenshtein,20.319610118865967,0.25,1.0,0.4,3,success,
72994,1,3,7,,distance,levenshtein,4.752254009246826,0.24324324324324326,1.0,0.391304347826087,7,success,
8938,1,2,5,,distance,levenshtein,56.04897689819336,0.2647058823529412,1.0,0.4186046511627907,5,success,
28998,1,2,8,,distance,levenshtein,7.081247091293335,0.375,1.0,0.5454545454545454,8,success,
29382,0,6,6,,distance,levenshtein,1.3161611557006836,1.0,1.0,1.0,6,success,
37843,1,2,8,,distance,levenshtein,5.142348051071167,0.28125,1.0,0.43902439024390244,8,success,
51338,1,2,4,,distance,levenshtein,20.92678713798523,0.225,1.0,0.3673469387755102,4,success,
15852,1,0,8,,distance,levenshtein,23.616616010665894,0.21951219512195122,1.0,0.36,8,success,
3075,1,2,3,,distance,levenshtein,24.51441717147827,0.23684210526315788,1.0,0.3829787234042553,3,success,
85303,1,2,10,,distance,levenshtein,13.407976865768433,0.23076923076923078,1.0,0.375,10,success,
8988,1,0,9,,distance,levenshtein,25.808342933654785,0.3103448275862069,1.0,0.47368421052631576,9,success,
85303,1,3,2,,distance,levenshtein,0.294511079788208,0.140625,1.0,0.2465753424657534,2,success,
29382,0,6,7,,distance,levenshtein,2.1727981567382812,1.0,1.0,1.0,7,success,
51338,1,2,5,,distance,levenshtein,2.0969481468200684,0.21951219512195122,1.0,0.36,5,success,
29382,0,6,8,,distance,levenshtein,0.5145919322967529,1.0,1.0,1.0,8,success,
56085,1,2,6,,distance,levenshtein,10.272180080413818,0.25,1.0,0.4,6,success,
85303,1,3,3,,distance,levenshtein,1.3153839111328125,0.25,1.0,0.4,3,success,
9178,1,2,4,,distance,levenshtein,74.10602116584778,0.32142857142857145,1.0,0.4864864864864865,4,success,
79121,1,2,7,,distance,levenshtein,9.548618078231812,0.2571428571428571,1.0,0.4090909090909091,7,success,
29382,0,6,9,,distance,levenshtein,1.4740068912506104,1.0,0.8571428571428571,0.9230769230769231,9,success,
29382,0,6,10,,distance,levenshtein,0.23401594161987305,1.0,1.0,1.0,10,success,
29382,1,0,2,,distance,levenshtein,0.15545415878295898,0.25,1.0,0.4,2,success,
29382,1,0,3,,distance,levenshtein,0.603330135345459,0.23076923076923078,1.0,0.375,3,success,
98846,1,2,5,,distance,levenshtein,24.98168110847473,0.21621621621621623,0.8888888888888888,0.34782608695652173,5,success,
84787,1,2,7,,distance,levenshtein,25.591126918792725,0.25,1.0,0.4,7,success,
72994,1,3,8,,distance,levenshtein,7.539780855178833,0.25,1.0,0.4,8,success,
51338,1,2,6,,distance,levenshtein,3.808181047439575,0.21951219512195122,1.0,0.36,6,success,
51134,1,2,4,,distance,levenshtein,25.232561826705933,0.24242424242424243,0.8888888888888888,0.38095238095238093,4,success,
26253,1,2,4,,distance,levenshtein,43.26973605155945,0.2571428571428571,1.0,0.4090909090909091,4,success,
11517,1,2,10,,distance,levenshtein,11.821723937988281,0.225,1.0,0.3673469387755102,10,success,
8938,1,2,6,,distance,levenshtein,9.41539192199707,0.2647058823529412,1.0,0.4186046511627907,6,success,
11517,1,3,2,,distance,levenshtein,0.23943710327148438,0.23684210526315788,1.0,0.3829787234042553,2,success,
29382,1,0,4,,distance,levenshtein,2.740730047225952,0.23076923076923078,1.0,0.375,4,success,
85303,1,3,4,,distance,levenshtein,6.877255916595459,0.2571428571428571,1.0,0.4090909090909091,4,success,
11517,1,3,3,,distance,levenshtein,1.4820079803466797,0.225,1.0,0.3673469387755102,3,success,
70332,1,2,4,,distance,levenshtein,44.63200902938843,0.21052631578947367,0.8888888888888888,0.3404255319148936,4,success,
26253,1,2,5,,distance,levenshtein,3.347179889678955,0.2647058823529412,1.0,0.4186046511627907,5,success,
51134,1,2,5,,distance,levenshtein,3.587646961212158,0.2727272727272727,1.0,0.42857142857142855,5,success,
162,1,2,4,,distance,levenshtein,19.330409049987793,0.2727272727272727,1.0,0.42857142857142855,4,success,
51338,1,2,7,,distance,levenshtein,4.5451719760894775,0.21951219512195122,1.0,0.36,7,success,
56085,1,2,7,,distance,levenshtein,8.645277976989746,0.25,1.0,0.4,7,success,
93344,1,3,7,,distance,levenshtein,28.630157947540283,0.2222222222222222,0.8888888888888888,0.35555555555555557,7,success,
33653,1,2,4,,distance,levenshtein,45.23806095123291,0.24324324324324326,1.0,0.391304347826087,4,success,
98846,1,2,6,,distance,levenshtein,6.876611948013306,0.21621621621621623,0.8888888888888888,0.34782608695652173,6,success,
72994,1,3,9,,distance,levenshtein,6.604010820388794,0.24324324324324326,1.0,0.391304347826087,9,success,
12153,1,2,4,,distance,levenshtein,26.752733945846558,0.24324324324324326,1.0,0.391304347826087,4,success,
69007,1,2,5,,distance,levenshtein,78.91185402870178,0.3333333333333333,1.0,0.5,5,success,
8938,1,2,7,,distance,levenshtein,4.935912847518921,0.2647058823529412,1.0,0.4186046511627907,7,success,
63198,1,2,5,,distance,levenshtein,46.80764985084534,0.23684210526315788,1.0,0.3829787234042553,5,success,
51134,1,2,6,,distance,levenshtein,3.1568470001220703,0.2647058823529412,1.0,0.4186046511627907,6,success,
29382,1,0,5,,distance,levenshtein,6.086897850036621,0.23076923076923078,1.0,0.375,5,success,
51338,1,2,8,,distance,levenshtein,3.856874942779541,0.225,1.0,0.3673469387755102,8,success,
70332,1,2,5,,distance,levenshtein,5.035305023193359,0.21621621621621623,0.8888888888888888,0.34782608695652173,5,success,
79121,1,2,8,,distance,levenshtein,10.81104588508606,0.2647058823529412,1.0,0.4186046511627907,8,success,
11517,1,3,4,,distance,levenshtein,5.772891998291016,0.21951219512195122,1.0,0.36,4,success,
12153,1,2,5,,distance,levenshtein,3.530416965484619,0.23684210526315788,1.0,0.3829787234042553,5,success,
28998,1,2,9,,distance,levenshtein,17.72578191757202,0.36,1.0,0.5294117647058824,9,success,
63198,1,2,6,,distance,levenshtein,3.5246219635009766,0.23684210526315788,1.0,0.3829787234042553,6,success,
59934,1,2,3,,distance,levenshtein,39.44065499305725,0.36,1.0,0.5294117647058824,3,success,
98846,1,2,7,,distance,levenshtein,5.045093059539795,0.21621621621621623,0.8888888888888888,0.34782608695652173,7,success,
29382,1,0,6,,distance,levenshtein,4.551816940307617,0.23076923076923078,1.0,0.375,6,success,
26253,1,2,6,,distance,levenshtein,9.178019046783447,0.2571428571428571,1.0,0.4090909090909091,6,success,
11517,1,3,5,,distance,levenshtein,4.400923013687134,0.225,1.0,0.3673469387755102,5,success,
37843,1,2,9,,distance,levenshtein,22.012250900268555,0.28125,1.0,0.43902439024390244,9,success,
72994,1,3,10,,distance,levenshtein,8.721226930618286,0.24324324324324326,1.0,0.391304347826087,10,success,
51338,1,2,9,,distance,levenshtein,7.006354093551636,0.21951219512195122,1.0,0.36,9,success,
12153,1,2,6,,distance,levenshtein,5.407685995101929,0.21621621621621623,0.8888888888888888,0.34782608695652173,6,success,
89095,1,2,7,,distance,levenshtein,31.97168207168579,0.21621621621621623,0.8888888888888888,0.34782608695652173,7,success,
15852,1,0,9,,distance,levenshtein,23.079681873321533,0.21951219512195122,1.0,0.36,9,success,
72994,1,4,2,,distance,levenshtein,0.4338109493255615,0.0,0.0,0.0,2,success,
69007,1,2,6,,distance,levenshtein,9.993818044662476,0.3333333333333333,1.0,0.5,6,success,
51134,1,2,7,,distance,levenshtein,9.729548931121826,0.2647058823529412,1.0,0.4186046511627907,7,success,
63198,1,2,7,,distance,levenshtein,6.404907941818237,0.24324324324324326,1.0,0.391304347826087,7,success,
33653,1,2,5,,distance,levenshtein,11.742040872573853,0.24324324324324326,1.0,0.391304347826087,5,success,
70332,1,2,6,,distance,levenshtein,10.16846489906311,0.21621621621621623,0.8888888888888888,0.34782608695652173,6,success,
31055,1,2,3,,distance,levenshtein,97.15187287330627,0.25,1.0,0.4,3,success,
32584,1,2,4,,distance,levenshtein,45.54621911048889,0.225,1.0,0.3673469387755102,4,success,
12153,1,2,7,,distance,levenshtein,3.233854055404663,0.23684210526315788,1.0,0.3829787234042553,7,success,
29382,1,0,7,,distance,levenshtein,7.1333160400390625,0.23076923076923078,1.0,0.375,7,success,
85303,1,3,5,,distance,levenshtein,17.812583923339844,0.2571428571428571,1.0,0.4090909090909091,5,success,
15852,1,0,10,,distance,levenshtein,4.757920980453491,0.21951219512195122,1.0,0.36,10,success,
69007,1,2,7,,distance,levenshtein,4.323756217956543,0.3333333333333333,1.0,0.5,7,success,
8938,1,2,8,,distance,levenshtein,14.806276082992554,0.2727272727272727,1.0,0.42857142857142855,8,success,
15852,1,2,2,,distance,levenshtein,0.484173059463501,0.0,0.0,0.0,2,success,
72994,1,4,3,,distance,levenshtein,5.489788055419922,0.24324324324324326,1.0,0.391304347826087,3,success,
65447,1,2,3,,distance,levenshtein,119.75236105918884,0.2571428571428571,1.0,0.4090909090909091,3,success,
162,1,2,5,,distance,levenshtein,19.51405382156372,0.22580645161290322,0.7777777777777778,0.35,5,success,
89095,1,2,8,,distance,levenshtein,8.03866696357727,0.21621621621621623,0.8888888888888888,0.34782608695652173,8,success,
69007,1,2,8,,distance,levenshtein,2.410681962966919,0.3333333333333333,1.0,0.5,8,success,
98846,1,2,8,,distance,levenshtein,12.544504880905151,0.21621621621621623,0.8888888888888888,0.34782608695652173,8,success,
51134,1,2,8,,distance,levenshtein,8.372310161590576,0.2647058823529412,1.0,0.4186046511627907,8,success,
79121,1,2,9,,distance,levenshtein,17.312245845794678,0.2647058823529412,1.0,0.4186046511627907,9,success,
39871,1,2,4,,distance,levenshtein,59.904720067977905,0.28125,1.0,0.43902439024390244,4,success,
28998,1,2,10,,distance,levenshtein,15.646966934204102,0.36,1.0,0.5294117647058824,10,success,
28998,1,3,2,,distance,levenshtein,0.29245901107788086,0.09722222222222222,0.7777777777777778,0.1728395061728395,2,success,
84787,1,2,8,,distance,levenshtein,27.73005485534668,0.22857142857142856,0.8888888888888888,0.36363636363636365,8,success,
11298,1,0,10,,distance,levenshtein,71.69835209846497,0.2647058823529412,1.0,0.4186046511627907,10,success,
58283,1,2,10,,distance,levenshtein,40.67850685119629,0.23529411764705882,0.8888888888888888,0.37209302325581395,10,success,
26253,1,2,7,,distance,levenshtein,14.143683910369873,0.2571428571428571,1.0,0.4090909090909091,7,success,
162,1,2,6,,distance,levenshtein,3.6655991077423096,0.2727272727272727,1.0,0.42857142857142855,6,success,
58283,1,3,2,,distance,levenshtein,0.1942739486694336,0.11290322580645161,0.7777777777777778,0.19718309859154928,2,success,
11298,1,2,2,,distance,levenshtein,0.49639892578125,0.0,0.0,0.0,2,success,
26253,1,2,8,,distance,levenshtein,0.8936030864715576,0.2647058823529412,1.0,0.4186046511627907,8,success,
69007,1,2,9,,distance,levenshtein,3.588001012802124,0.3333333333333333,1.0,0.5,9,success,
58283,1,3,3,,distance,levenshtein,1.2994239330291748,0.25,1.0,0.4,3,success,
28998,1,3,3,,distance,levenshtein,2.287029981613159,0.36,1.0,0.5294117647058824,3,success,
63198,1,2,8,,distance,levenshtein,14.169070959091187,0.24324324324324326,1.0,0.391304347826087,8,success,
29382,1,0,8,,distance,levenshtein,12.132808923721313,0.23076923076923078,1.0,0.375,8,success,
12153,1,2,8,,distance,levenshtein,13.449759006500244,0.24324324324324326,1.0,0.391304347826087,8,success,
8938,1,2,9,,distance,levenshtein,11.238403081893921,0.2647058823529412,1.0,0.4186046511627907,9,success,
51338,1,2,10,,distance,levenshtein,17.544270038604736,0.225,1.0,0.3673469387755102,10,success,
51338,1,3,2,,distance,levenshtein,0.28505396842956543,0.0,0.0,0.0,2,success,
58283,1,3,4,,distance,levenshtein,5.280847072601318,0.2571428571428571,1.0,0.4090909090909091,4,success,
29382,1,0,9,,distance,levenshtein,3.275779962539673,0.23076923076923078,1.0,0.375,9,success,
11298,1,2,3,,distance,levenshtein,8.44028091430664,0.2571428571428571,1.0,0.4090909090909091,3,success,
51338,1,3,3,,distance,levenshtein,2.5201969146728516,0.21951219512195122,1.0,0.36,3,success,
33653,1,2,6,,distance,levenshtein,18.942277908325195,0.24324324324324326,1.0,0.391304347826087,6,success,
12153,1,2,9,,distance,levenshtein,4.0833399295806885,0.23684210526315788,1.0,0.3829787234042553,9,success,
29382,1,0,10,,distance,levenshtein,1.9105660915374756,0.225,1.0,0.3673469387755102,10,success,
37843,1,2,10,,distance,levenshtein,23.53533697128296,0.28125,1.0,0.43902439024390244,10,success,
29382,1,2,2,,distance,levenshtein,0.489138126373291,0.0,0.0,0.0,2,success,
56085,1,2,8,,distance,levenshtein,34.65097904205322,0.25,1.0,0.4,8,success,
63198,1,2,9,,distance,levenshtein,6.485461950302124,0.25,1.0,0.4,9,success,
37843,1,3,2,,distance,levenshtein,0.38323307037353516,0.0,0.0,0.0,2,success,
36624,1,2,4,,distance,levenshtein,68.66107487678528,0.2647058823529412,1.0,0.4186046511627907,4,success,
89095,1,2,9,,distance,levenshtein,14.838390111923218,0.21621621621621623,0.8888888888888888,0.34782608695652173,9,success,
98846,1,2,9,,distance,levenshtein,15.230839967727661,0.21621621621621623,0.8888888888888888,0.34782608695652173,9,success,
162,1,2,7,,distance,levenshtein,12.858459949493408,0.22580645161290322,0.7777777777777778,0.35,7,success,
8938,1,2,10,,distance,levenshtein,7.531987905502319,0.2727272727272727,1.0,0.42857142857142855,10,success,
26253,1,2,9,,distance,levenshtein,12.576977014541626,0.2647058823529412,1.0,0.4186046511627907,9,success,
8938,1,3,2,,distance,levenshtein,0.2251269817352295,0.13846153846153847,1.0,0.24324324324324326,2,success,
70332,1,2,7,,distance,levenshtein,23.248673915863037,0.2222222222222222,0.8888888888888888,0.35555555555555557,7,success,
9471,1,2,4,,distance,levenshtein,52.80406999588013,0.25,1.0,0.4,4,success,
37843,1,3,3,,distance,levenshtein,3.715790033340454,0.28125,1.0,0.43902439024390244,3,success,
29382,1,2,3,,distance,levenshtein,4.082920074462891,0.23076923076923078,1.0,0.375,3,success,
51134,1,2,9,,distance,levenshtein,16.88255500793457,0.2647058823529412,1.0,0.4186046511627907,9,success,
12153,1,2,10,,distance,levenshtein,4.7242350578308105,0.24324324324324326,1.0,0.391304347826087,10,success,
8938,1,3,3,,distance,levenshtein,1.7119300365447998,0.2727272727272727,1.0,0.42857142857142855,3,success,
69007,1,2,10,,distance,levenshtein,14.575520038604736,0.3333333333333333,1.0,0.5,10,success,
72994,1,4,4,,distance,levenshtein,22.143702030181885,0.22857142857142856,0.8888888888888888,0.36363636363636365,4,success,
12153,1,3,2,,distance,levenshtein,0.2942509651184082,0.0,0.0,0.0,2,success,
69007,1,3,2,,distance,levenshtein,0.24082112312316895,0.1267605633802817,1.0,0.225,2,success,
28998,1,3,4,,distance,levenshtein,16.35536503791809,0.375,1.0,0.5454545454545454,4,success,
11517,1,3,6,,distance,levenshtein,33.3811399936676,0.225,1.0,0.3673469387755102,6,success,
84787,1,2,9,,distance,levenshtein,19.18666100502014,0.25,1.0,0.4,9,success,
51338,1,3,4,,distance,levenshtein,9.722381114959717,0.21951219512195122,1.0,0.36,4,success,
69007,1,3,3,,distance,levenshtein,2.729598045349121,0.3076923076923077,0.8888888888888888,0.45714285714285713,3,success,
8938,1,3,4,,distance,levenshtein,3.2775168418884277,0.2727272727272727,1.0,0.42857142857142855,4,success,
36624,1,2,5,,distance,levenshtein,8.331171989440918,0.2571428571428571,1.0,0.4090909090909091,5,success,
9471,1,2,5,,distance,levenshtein,4.723253965377808,0.25,1.0,0.4,5,success,
12153,1,3,3,,distance,levenshtein,4.231901168823242,0.24324324324324326,1.0,0.391304347826087,3,success,
162,1,2,8,,distance,levenshtein,7.673099994659424,0.2727272727272727,1.0,0.42857142857142855,8,success,
11517,1,3,7,,distance,levenshtein,2.1976869106292725,0.23076923076923078,1.0,0.375,7,success,
51134,1,2,10,,distance,levenshtein,5.0675060749053955,0.2647058823529412,1.0,0.4186046511627907,10,success,
51134,1,3,2,,distance,levenshtein,0.24337100982666016,0.1111111111111111,0.7777777777777778,0.19444444444444445,2,success,
51134,1,3,3,,distance,levenshtein,1.0451219081878662,0.2647058823529412,1.0,0.4186046511627907,3,success,
33653,1,2,7,,distance,levenshtein,13.763684034347534,0.24324324324324326,1.0,0.391304347826087,7,success,
9471,1,2,6,,distance,levenshtein,3.9281251430511475,0.25,1.0,0.4,6,success,
69007,1,3,4,,distance,levenshtein,5.382070064544678,0.3333333333333333,1.0,0.5,4,success,
11517,1,3,8,,distance,levenshtein,3.651381015777588,0.225,1.0,0.3673469387755102,8,success,
58283,1,3,5,,distance,levenshtein,18.69315195083618,0.2571428571428571,1.0,0.4090909090909091,5,success,
36624,1,2,6,,distance,levenshtein,5.575562953948975,0.2647058823529412,1.0,0.4186046511627907,6,success,
26253,1,2,10,,distance,levenshtein,12.825627088546753,0.2571428571428571,1.0,0.4090909090909091,10,success,
98846,1,2,10,,distance,levenshtein,14.066460132598877,0.21621621621621623,0.8888888888888888,0.34782608695652173,10,success,
11517,1,3,9,,distance,levenshtein,1.825977087020874,0.23076923076923078,1.0,0.375,9,success,
87228,1,2,5,,distance,levenshtein,91.48727798461914,0.2727272727272727,1.0,0.42857142857142855,5,success,
98846,1,3,2,,distance,levenshtein,0.2480919361114502,0.08928571428571429,0.5555555555555556,0.15384615384615385,2,success,
26253,1,3,2,,distance,levenshtein,0.4390699863433838,0.11290322580645161,0.7777777777777778,0.19718309859154928,2,success,
63198,1,2,10,,distance,levenshtein,15.945279121398926,0.23684210526315788,1.0,0.3829787234042553,10,success,
6886,1,2,4,,distance,levenshtein,133.79676508903503,0.2571428571428571,1.0,0.4090909090909091,4,success,
29382,1,2,4,,distance,levenshtein,12.776872158050537,0.225,1.0,0.3673469387755102,4,success,
63198,1,3,2,,distance,levenshtein,0.3617081642150879,0.14516129032258066,1.0,0.2535211267605634,2,success,
36624,1,2,7,,distance,levenshtein,2.3044300079345703,0.23529411764705882,0.8888888888888888,0.37209302325581395,7,success,
37843,1,3,4,,distance,levenshtein,13.759174108505249,0.28125,1.0,0.43902439024390244,4,success,
98846,1,3,3,,distance,levenshtein,1.539595127105713,0.23684210526315788,1.0,0.3829787234042553,3,success,
51134,1,3,4,,distance,levenshtein,6.253269910812378,0.2727272727272727,1.0,0.42857142857142855,4,success,
93344,1,3,8,,distance,levenshtein,53.582890033721924,0.24324324324324326,1.0,0.391304347826087,8,success,
26253,1,3,3,,distance,levenshtein,2.806180000305176,0.2571428571428571,1.0,0.4090909090909091,3,success,
15852,1,2,3,,distance,levenshtein,37.280056953430176,0.21951219512195122,1.0,0.36,3,success,
12153,1,3,4,,distance,levenshtein,10.062003135681152,0.23684210526315788,1.0,0.3829787234042553,4,success,
75385,1,2,4,,distance,levenshtein,95.7093780040741,0.3103448275862069,1.0,0.47368421052631576,4,success,
58656,1,2,3,,distance,levenshtein,82.15415000915527,0.24324324324324326,1.0,0.391304347826087,3,success,
11517,1,3,10,,distance,levenshtein,3.0302999019622803,0.225,1.0,0.3673469387755102,10,success,
87228,1,2,6,,distance,levenshtein,3.2805299758911133,0.2647058823529412,1.0,0.4186046511627907,6,success,
11517,1,4,2,,distance,levenshtein,0.21970391273498535,0.0,0.0,0.0,2,success,
63198,1,3,3,,distance,levenshtein,3.2481720447540283,0.23684210526315788,1.0,0.3829787234042553,3,success,
93344,1,3,9,,distance,levenshtein,1.6325769424438477,0.23684210526315788,1.0,0.3829787234042553,9,success,
65447,1,2,4,,distance,levenshtein,37.46025109291077,0.2571428571428571,1.0,0.4090909090909091,4,success,
98846,1,3,4,,distance,levenshtein,2.921926975250244,0.23684210526315788,1.0,0.3829787234042553,4,success,
11517,1,4,3,,distance,levenshtein,1.6535000801086426,0.21951219512195122,1.0,0.36,3,success,
9471,1,2,7,,distance,levenshtein,8.02349591255188,0.25,1.0,0.4,7,success,
93344,1,3,10,,distance,levenshtein,0.7512598037719727,0.2222222222222222,0.8888888888888888,0.35555555555555557,10,success,
162,1,2,9,,distance,levenshtein,12.661507844924927,0.28125,1.0,0.43902439024390244,9,success,
93344,1,4,2,,distance,levenshtein,0.39986705780029297,0.0,0.0,0.0,2,success,
79121,1,2,10,,distance,levenshtein,35.965795040130615,0.2647058823529412,1.0,0.4186046511627907,10,success,
84787,1,2,10,,distance,levenshtein,15.667246103286743,0.25,1.0,0.4,10,success,
79121,1,3,2,,distance,levenshtein,0.3014841079711914,0.109375,0.7777777777777778,0.1917808219178082,2,success,
6886,1,2,5,,distance,levenshtein,6.7691240310668945,0.2571428571428571,1.0,0.4090909090909091,5,success,
84787,1,3,2,,distance,levenshtein,0.22820782661437988,0.1935483870967742,0.6666666666666666,0.3,2,success,
70332,1,2,8,,distance,levenshtein,20.81857705116272,0.21621621621621623,0.8888888888888888,0.34782608695652173,8,success,
63198,1,3,4,,distance,levenshtein,3.955491065979004,0.23684210526315788,1.0,0.3829787234042553,4,success,
33653,1,2,8,,distance,levenshtein,12.774370908737183,0.24324324324324326,1.0,0.391304347826087,8,success,
79121,1,3,3,,distance,levenshtein,2.2626230716705322,0.2571428571428571,1.0,0.4090909090909091,3,success,
11517,1,4,4,,distance,levenshtein,4.353961944580078,0.225,1.0,0.3673469387755102,4,success,
84787,1,3,3,,distance,levenshtein,2.3173539638519287,0.25,1.0,0.4,3,success,
8988,1,0,10,,distance,levenshtein,72.96697306632996,0.3,1.0,0.46153846153846156,10,success,
93344,1,4,3,,distance,levenshtein,3.85375714302063,0.24324324324324326,1.0,0.391304347826087,3,success,
8988,1,2,2,,distance,levenshtein,0.6146240234375,0.28,0.7777777777777778,0.4117647058823529,2,success,
87228,1,2,7,,distance,levenshtein,8.025103092193604,0.2647058823529412,1.0,0.4186046511627907,7,success,
69007,1,3,5,,distance,levenshtein,15.51798415184021,0.3076923076923077,0.8888888888888888,0.45714285714285713,5,success,
39161,1,2,5,,distance,levenshtein,90.26273703575134,0.28125,1.0,0.43902439024390244,5,success,
98846,1,3,5,,distance,levenshtein,10.657772064208984,0.23684210526315788,1.0,0.3829787234042553,5,success,
56085,1,2,9,,distance,levenshtein,32.0471670627594,0.20588235294117646,0.7777777777777778,0.32558139534883723,9,success,
8938,1,3,5,,distance,levenshtein,25.290297031402588,0.2727272727272727,1.0,0.42857142857142855,5,success,
79121,1,3,4,,distance,levenshtein,7.462234020233154,0.2571428571428571,1.0,0.4090909090909091,4,success,
8938,1,3,6,,distance,levenshtein,0.8137619495391846,0.2727272727272727,1.0,0.42857142857142855,6,success,
162,1,2,10,,distance,levenshtein,11.803246021270752,0.28125,1.0,0.43902439024390244,10,success,
84787,1,3,4,,distance,levenshtein,7.978305101394653,0.2571428571428571,1.0,0.4090909090909091,4,success,
162,1,3,2,,distance,levenshtein,0.2798950672149658,0.0,0.0,0.0,2,success,
75385,1,2,5,,distance,levenshtein,15.315067052841187,0.3103448275862069,1.0,0.47368421052631576,5,success,
97635,1,2,3,,distance,levenshtein,112.28934788703918,0.24324324324324326,1.0,0.391304347826087,3,success,
85303,1,3,6,,distance,levenshtein,55.262101888656616,0.25,1.0,0.4,6,success,
39161,1,2,6,,distance,levenshtein,5.5869951248168945,0.28125,1.0,0.43902439024390244,6,success,
26253,1,3,4,,distance,levenshtein,17.028784036636353,0.2571428571428571,1.0,0.4090909090909091,4,success,
28998,1,3,5,,distance,levenshtein,30.199586868286133,0.375,1.0,0.5454545454545454,5,success,
9178,1,2,5,,distance,levenshtein,79.94340205192566,0.3103448275862069,1.0,0.47368421052631576,5,success,
93344,1,4,4,,distance,levenshtein,9.937887907028198,0.23684210526315788,1.0,0.3829787234042553,4,success,
162,1,3,3,,distance,levenshtein,1.8895490169525146,0.2727272727272727,1.0,0.42857142857142855,3,success,
12153,1,3,5,,distance,levenshtein,18.157346963882446,0.24324324324324326,1.0,0.391304347826087,5,success,
8938,1,3,7,,distance,levenshtein,4.053628921508789,0.2647058823529412,1.0,0.4186046511627907,7,success,
28998,1,3,6,,distance,levenshtein,2.3823299407958984,0.36,1.0,0.5294117647058824,6,success,
51134,1,3,5,,distance,levenshtein,21.23800492286682,0.2647058823529412,1.0,0.4186046511627907,5,success,
85303,1,3,7,,distance,levenshtein,3.994457960128784,0.23076923076923078,1.0,0.375,7,success,
89095,1,2,10,,distance,levenshtein,40.201712131500244,0.21621621621621623,0.8888888888888888,0.34782608695652173,10,success,
39161,1,2,7,,distance,levenshtein,4.4893410205841064,0.28125,1.0,0.43902439024390244,7,success,
63198,1,3,5,,distance,levenshtein,16.17626404762268,0.24324324324324326,1.0,0.391304347826087,5,success,
89095,1,3,2,,distance,levenshtein,0.28179192543029785,0.0,0.0,0.0,2,success,
12153,1,3,6,,distance,levenshtein,3.422023057937622,0.24324324324324326,1.0,0.391304347826087,6,success,
28998,1,3,7,,distance,levenshtein,1.7745161056518555,0.36,1.0,0.5294117647058824,7,success,
9178,1,2,6,,distance,levenshtein,4.4547059535980225,0.32142857142857145,1.0,0.4864864864864865,6,success,
162,1,3,4,,distance,levenshtein,4.605488061904907,0.2727272727272727,1.0,0.42857142857142855,4,success,
11517,1,4,5,,distance,levenshtein,16.815371990203857,0.21951219512195122,1.0,0.36,5,success,
69007,1,3,6,,distance,levenshtein,14.800089120864868,0.3333333333333333,1.0,0.5,6,success,
37843,1,3,5,,distance,levenshtein,26.566330909729004,0.25806451612903225,0.8888888888888888,0.4,5,success,
8938,1,3,8,,distance,levenshtein,5.944850921630859,0.2647058823529412,1.0,0.4186046511627907,8,success,
85303,1,3,8,,distance,levenshtein,4.321009159088135,0.23076923076923078,1.0,0.375,8,success,
89095,1,3,3,,distance,levenshtein,3.9233081340789795,0.23684210526315788,1.0,0.3829787234042553,3,success,
11298,1,2,4,,distance,levenshtein,50.03788089752197,0.2571428571428571,1.0,0.4090909090909091,4,success,
39161,1,2,8,,distance,levenshtein,5.459640026092529,0.28125,1.0,0.43902439024390244,8,success,
32584,1,2,5,,distance,levenshtein,67.51445484161377,0.225,1.0,0.3673469387755102,5,success,
37843,1,3,6,,distance,levenshtein,2.783432960510254,0.28125,1.0,0.43902439024390244,6,success,
6886,1,2,6,,distance,levenshtein,23.385560989379883,0.2647058823529412,1.0,0.4186046511627907,6,success,
28998,1,3,8,,distance,levenshtein,5.8345818519592285,0.375,1.0,0.5454545454545454,8,success,
12153,1,3,7,,distance,levenshtein,6.208304166793823,0.23684210526315788,1.0,0.3829787234042553,7,success,
8938,1,3,9,,distance,levenshtein,2.753465175628662,0.2647058823529412,1.0,0.4186046511627907,9,success,
69007,1,3,7,,distance,levenshtein,4.290635108947754,0.3333333333333333,1.0,0.5,7,success,
85303,1,3,9,,distance,levenshtein,3.32761287689209,0.23684210526315788,1.0,0.3829787234042553,9,success,
87228,1,2,8,,distance,levenshtein,20.872216939926147,0.2647058823529412,1.0,0.4186046511627907,8,success,
75385,1,2,6,,distance,levenshtein,15.229782819747925,0.3103448275862069,1.0,0.47368421052631576,6,success,
58283,1,3,6,,distance,levenshtein,37.50229096412659,0.22857142857142856,0.8888888888888888,0.36363636363636365,6,success,
37843,1,3,7,,distance,levenshtein,3.4858901500701904,0.28125,1.0,0.43902439024390244,7,success,
12153,1,3,8,,distance,levenshtein,3.0512208938598633,0.23684210526315788,1.0,0.3829787234042553,8,success,
70332,1,2,9,,distance,levenshtein,27.154337167739868,0.21621621621621623,0.8888888888888888,0.34782608695652173,9,success,
85303,1,3,10,,distance,levenshtein,2.4401321411132812,0.25,1.0,0.4,10,success,
162,1,3,5,,distance,levenshtein,9.960762023925781,0.2727272727272727,1.0,0.42857142857142855,5,success,
28998,1,3,9,,distance,levenshtein,3.874591827392578,0.375,1.0,0.5454545454545454,9,success,
72994,1,4,5,,distance,levenshtein,48.119147062301636,0.24324324324324326,1.0,0.391304347826087,5,success,
39161,1,2,9,,distance,levenshtein,5.470207929611206,0.28125,1.0,0.43902439024390244,9,success,
85303,1,4,2,,distance,levenshtein,0.55352783203125,0.0,0.0,0.0,2,success,
72994,1,4,6,,distance,levenshtein,0.544672966003418,0.25,1.0,0.4,6,success,
32584,1,2,6,,distance,levenshtein,5.850427865982056,0.225,1.0,0.3673469387755102,6,success,
11298,1,2,5,,distance,levenshtein,6.671967029571533,0.2647058823529412,1.0,0.4186046511627907,5,success,
9471,1,2,8,,distance,levenshtein,31.622139930725098,0.25,1.0,0.4,8,success,
84787,1,3,5,,distance,levenshtein,18.977407932281494,0.25,1.0,0.4,5,success,
69007,1,3,8,,distance,levenshtein,5.456985950469971,0.3076923076923077,0.8888888888888888,0.45714285714285713,8,success,
6886,1,2,7,,distance,levenshtein,6.686484098434448,0.2571428571428571,1.0,0.4090909090909091,7,success,
84787,1,3,6,,distance,levenshtein,0.6599760055541992,0.25,1.0,0.4,6,success,
26253,1,3,5,,distance,levenshtein,19.193235158920288,0.2571428571428571,1.0,0.4090909090909091,5,success,
51338,1,3,5,,distance,levenshtein,48.604418992996216,0.21951219512195122,1.0,0.36,5,success,
58283,1,3,7,,distance,levenshtein,5.299314975738525,0.25,1.0,0.4,7,success,
11298,1,2,6,,distance,levenshtein,2.848493814468384,0.2647058823529412,1.0,0.4186046511627907,6,success,
8988,1,2,3,,distance,levenshtein,29.814608097076416,0.3,1.0,0.46153846153846156,3,success,
69007,1,3,9,,distance,levenshtein,2.457211971282959,0.3333333333333333,1.0,0.5,9,success,
84787,1,3,7,,distance,levenshtein,2.5796170234680176,0.25,1.0,0.4,7,success,
75385,1,2,7,,distance,levenshtein,6.778664827346802,0.3103448275862069,1.0,0.47368421052631576,7,success,
9178,1,2,7,,distance,levenshtein,16.196369886398315,0.3103448275862069,1.0,0.47368421052631576,7,success,
85303,1,4,3,,distance,levenshtein,5.4591710567474365,0.25,1.0,0.4,3,success,
26253,1,3,6,,distance,levenshtein,3.365312099456787,0.2571428571428571,1.0,0.4090909090909091,6,success,
51134,1,3,6,,distance,levenshtein,20.16948890686035,0.2727272727272727,1.0,0.42857142857142855,6,success,
12153,1,3,9,,distance,levenshtein,7.436927080154419,0.24324324324324326,1.0,0.391304347826087,9,success,
7239,1,2,4,,distance,levenshtein,162.36559295654297,0.3,1.0,0.46153846153846156,4,success,
72994,1,4,7,,distance,levenshtein,7.4223010540008545,0.24324324324324326,1.0,0.391304347826087,7,success,
28998,1,3,10,,distance,levenshtein,8.167759895324707,0.375,1.0,0.5454545454545454,10,success,
51338,1,3,6,,distance,levenshtein,5.162961959838867,0.21951219512195122,1.0,0.36,6,success,
11298,1,2,7,,distance,levenshtein,4.271013975143433,0.2727272727272727,1.0,0.42857142857142855,7,success,
87228,1,2,9,,distance,levenshtein,11.776741027832031,0.2727272727272727,1.0,0.42857142857142855,9,success,
28998,1,4,2,,distance,levenshtein,0.5561840534210205,0.0,0.0,0.0,2,success,
79820,1,2,4,,distance,levenshtein,113.98201107978821,0.25,1.0,0.4,4,success,
37843,1,3,8,,distance,levenshtein,9.971516132354736,0.2903225806451613,1.0,0.45,8,success,
97635,1,2,4,,distance,levenshtein,26.67360520362854,0.2222222222222222,0.8888888888888888,0.35555555555555557,4,success,
58283,1,3,8,,distance,levenshtein,5.093848943710327,0.2571428571428571,1.0,0.4090909090909091,8,success,
8938,1,3,10,,distance,levenshtein,13.822564125061035,0.2647058823529412,1.0,0.4186046511627907,10,success,
84787,1,3,8,,distance,levenshtein,5.078537940979004,0.2571428571428571,1.0,0.4090909090909091,8,success,
8938,1,4,2,,distance,levenshtein,0.4235720634460449,0.0,0.0,0.0,2,success,
39161,1,2,10,,distance,levenshtein,10.96477198600769,0.28125,1.0,0.43902439024390244,10,success,
39161,1,3,2,,distance,levenshtein,0.2352161407470703,0.12121212121212122,0.8888888888888888,0.21333333333333335,2,success,
51134,1,3,7,,distance,levenshtein,5.1111578941345215,0.2647058823529412,1.0,0.4186046511627907,7,success,
97635,1,2,5,,distance,levenshtein,2.9723939895629883,0.24324324324324326,1.0,0.391304347826087,5,success,
28998,1,4,3,,distance,levenshtein,3.465847969055176,0.375,1.0,0.5454545454545454,3,success,
84787,1,3,9,,distance,levenshtein,2.2172670364379883,0.25,1.0,0.4,9,success,
39161,1,3,3,,distance,levenshtein,1.1199991703033447,0.28125,1.0,0.43902439024390244,3,success,
6886,1,2,8,,distance,levenshtein,11.122673988342285,0.2571428571428571,1.0,0.4090909090909091,8,success,
36624,1,2,8,,distance,levenshtein,49.1570188999176,0.2571428571428571,1.0,0.4090909090909091,8,success,
26253,1,3,7,,distance,levenshtein,7.15182089805603,0.2571428571428571,1.0,0.4090909090909091,7,success,
8938,1,4,3,,distance,levenshtein,3.0620310306549072,0.2727272727272727,1.0,0.42857142857142855,3,success,
69007,1,3,10,,distance,levenshtein,8.81196117401123,0.3076923076923077,0.8888888888888888,0.45714285714285713,10,success,
51134,1,3,8,,distance,levenshtein,2.184976100921631,0.25,0.8888888888888888,0.3902439024390244,8,success,
69007,1,4,2,,distance,levenshtein,0.39676809310913086,0.0,0.0,0.0,2,success,
7239,1,2,5,,distance,levenshtein,7.795223951339722,0.3103448275862069,1.0,0.47368421052631576,5,success,
79820,1,2,5,,distance,levenshtein,5.9636759757995605,0.2571428571428571,1.0,0.4090909090909091,5,success,
12153,1,3,10,,distance,levenshtein,7.939215183258057,0.23684210526315788,1.0,0.3829787234042553,10,success,
12153,1,4,2,,distance,levenshtein,0.2189769744873047,0.0,0.0,0.0,2,success,
72994,1,4,8,,distance,levenshtein,7.387346982955933,0.25,1.0,0.4,8,success,
51338,1,3,7,,distance,levenshtein,7.6621270179748535,0.21951219512195122,1.0,0.36,7,success,
12153,1,4,3,,distance,levenshtein,0.9695608615875244,0.23684210526315788,1.0,0.3829787234042553,3,success,
39161,1,3,4,,distance,levenshtein,3.7395198345184326,0.28125,1.0,0.43902439024390244,4,success,
58283,1,3,9,,distance,levenshtein,7.430372953414917,0.25,1.0,0.4,9,success,
89095,1,3,4,,distance,levenshtein,25.31292700767517,0.21621621621621623,0.8888888888888888,0.34782608695652173,4,success,
84787,1,3,10,,distance,levenshtein,5.215586185455322,0.25,1.0,0.4,10,success,
93344,1,4,5,,distance,levenshtein,34.92512392997742,0.23684210526315788,1.0,0.3829787234042553,5,success,
84787,1,4,2,,distance,levenshtein,0.33184814453125,0.0,0.0,0.0,2,success,
51134,1,3,9,,distance,levenshtein,4.45146918296814,0.2647058823529412,1.0,0.4186046511627907,9,success,
97635,1,2,6,,distance,levenshtein,6.920162916183472,0.24324324324324326,1.0,0.391304347826087,6,success,
26253,1,3,8,,distance,levenshtein,5.780606985092163,0.2571428571428571,1.0,0.4090909090909091,8,success,
59934,1,2,4,,distance,levenshtein,102.91273498535156,0.36,1.0,0.5294117647058824,4,success,
33653,1,2,9,,distance,levenshtein,48.17507195472717,0.24324324324324326,1.0,0.391304347826087,9,success,
84787,1,4,3,,distance,levenshtein,1.0634920597076416,0.25,1.0,0.4,3,success,
12153,1,4,4,,distance,levenshtein,3.894200086593628,0.24324324324324326,1.0,0.391304347826087,4,success,
58283,1,3,10,,distance,levenshtein,2.882499933242798,0.25,1.0,0.4,10,success,
93344,1,4,6,,distance,levenshtein,1.7182331085205078,0.23684210526315788,1.0,0.3829787234042553,6,success,
98846,1,3,6,,distance,levenshtein,42.13398098945618,0.23684210526315788,1.0,0.3829787234042553,6,success,
58283,1,4,2,,distance,levenshtein,0.33277106285095215,0.0,0.0,0.0,2,success,
69007,1,4,3,,distance,levenshtein,6.797152996063232,0.3333333333333333,1.0,0.5,3,success,
29382,1,2,5,,distance,levenshtein,58.00111413002014,0.225,1.0,0.3673469387755102,5,success,
87228,1,2,10,,distance,levenshtein,13.353241920471191,0.2647058823529412,1.0,0.4186046511627907,10,success,
98846,1,3,7,,distance,levenshtein,1.3193650245666504,0.23684210526315788,1.0,0.3829787234042553,7,success,
87228,1,3,2,,distance,levenshtein,0.24569010734558105,0.12121212121212122,0.8888888888888888,0.21333333333333335,2,success,
51338,1,3,8,,distance,levenshtein,7.3075690269470215,0.21951219512195122,1.0,0.36,8,success,
87228,1,3,3,,distance,levenshtein,1.129936933517456,0.2727272727272727,1.0,0.42857142857142855,3,success,
37843,1,3,9,,distance,levenshtein,15.2655508518219,0.28125,1.0,0.43902439024390244,9,success,
70332,1,2,10,,distance,levenshtein,25.610468864440918,0.21621621621621623,0.8888888888888888,0.34782608695652173,10,success,
9178,1,2,8,,distance,levenshtein,19.309319019317627,0.3103448275862069,1.0,0.47368421052631576,8,success,
70332,1,3,2,,distance,levenshtein,0.229827880859375,0.10714285714285714,0.6666666666666666,0.18461538461538463,2,success,
12153,1,4,5,,distance,levenshtein,4.763560056686401,0.23684210526315788,1.0,0.3829787234042553,5,success,
58283,1,4,3,,distance,levenshtein,4.136908054351807,0.25,1.0,0.4,3,success,
63198,1,3,6,,distance,levenshtein,37.54338097572327,0.23684210526315788,1.0,0.3829787234042553,6,success,
51134,1,3,10,,distance,levenshtein,6.299967050552368,0.2647058823529412,1.0,0.4186046511627907,10,success,
37843,1,3,10,,distance,levenshtein,1.2886161804199219,0.28125,1.0,0.43902439024390244,10,success,
26253,1,3,9,,distance,levenshtein,6.077749013900757,0.2647058823529412,1.0,0.4186046511627907,9,success,
70332,1,3,3,,distance,levenshtein,1.1244621276855469,0.23684210526315788,1.0,0.3829787234042553,3,success,
37843,1,4,2,,distance,levenshtein,0.31174302101135254,0.0,0.0,0.0,2,success,
51134,1,4,2,,distance,levenshtein,0.4406280517578125,0.0,0.0,0.0,2,success,
87228,1,3,4,,distance,levenshtein,2.9286739826202393,0.2727272727272727,1.0,0.42857142857142855,4,success,
33653,1,2,10,,distance,levenshtein,6.216794013977051,0.24324324324324326,1.0,0.391304347826087,10,success,
63198,1,3,7,,distance,levenshtein,1.368391990661621,0.23684210526315788,1.0,0.3829787234042553,7,success,
32584,1,2,7,,distance,levenshtein,27.360815048217773,0.225,1.0,0.3673469387755102,7,success,
33653,1,3,2,,distance,levenshtein,0.2054309844970703,0.12903225806451613,0.8888888888888888,0.22535211267605634,2,success,
72994,1,4,9,,distance,levenshtein,11.678552150726318,0.24324324324324326,1.0,0.391304347826087,9,success,
39161,1,3,5,,distance,levenshtein,11.193331956863403,0.28125,1.0,0.43902439024390244,5,success,
97635,1,2,7,,distance,levenshtein,8.281883955001831,0.2222222222222222,0.8888888888888888,0.35555555555555557,7,success,
79121,1,3,5,,distance,levenshtein,48.03893208503723,0.2647058823529412,1.0,0.4186046511627907,5,success,
37843,1,4,3,,distance,levenshtein,1.7935469150543213,0.2903225806451613,1.0,0.45,3,success,
98846,1,3,8,,distance,levenshtein,5.877449035644531,0.23684210526315788,1.0,0.3829787234042553,8,success,
33653,1,3,3,,distance,levenshtein,1.2409389019012451,0.24324324324324326,1.0,0.391304347826087,3,success,
8938,1,4,4,,distance,levenshtein,16.126039028167725,0.2647058823529412,1.0,0.4186046511627907,4,success,
29382,1,2,6,,distance,levenshtein,8.166301012039185,0.225,1.0,0.3673469387755102,6,success,
51134,1,4,3,,distance,levenshtein,2.8364949226379395,0.2647058823529412,1.0,0.4186046511627907,3,success,
59934,1,2,5,,distance,levenshtein,9.917060852050781,0.36,1.0,0.5294117647058824,5,success,
93344,1,4,7,,distance,levenshtein,9.780986070632935,0.24324324324324326,1.0,0.391304347826087,7,success,
79121,1,3,6,,distance,levenshtein,1.9872260093688965,0.2647058823529412,1.0,0.4186046511627907,6,success,
70332,1,3,4,,distance,levenshtein,4.925896883010864,0.23076923076923078,1.0,0.375,4,success,
84787,1,4,4,,distance,levenshtein,11.007546186447144,0.20588235294117646,0.7777777777777778,0.32558139534883723,4,success,
9178,1,2,9,,distance,levenshtein,6.617884874343872,0.3103448275862069,1.0,0.47368421052631576,9,success,
79820,1,2,6,,distance,levenshtein,17.183044910430908,0.25,1.0,0.4,6,success,
37843,1,4,4,,distance,levenshtein,3.594011068344116,0.2903225806451613,1.0,0.45,4,success,
45,1,2,5,,distance,levenshtein,138.61736583709717,0.23076923076923078,1.0,0.375,5,success,
162,1,3,6,,distance,levenshtein,34.30040693283081,0.2727272727272727,1.0,0.42857142857142855,6,success,
63198,1,3,8,,distance,levenshtein,6.026627063751221,0.23684210526315788,1.0,0.3829787234042553,8,success,
33653,1,3,4,,distance,levenshtein,4.719146013259888,0.24324324324324326,1.0,0.391304347826087,4,success,
29382,1,2,7,,distance,levenshtein,3.4131059646606445,0.225,1.0,0.3673469387755102,7,success,
32584,1,2,8,,distance,levenshtein,5.904058933258057,0.225,1.0,0.3673469387755102,8,success,
98846,1,3,9,,distance,levenshtein,5.160315036773682,0.23684210526315788,1.0,0.3829787234042553,9,success,
28998,1,4,4,,distance,levenshtein,23.09240698814392,0.36,1.0,0.5294117647058824,4,success,
58283,1,4,4,,distance,levenshtein,10.216150045394897,0.25,1.0,0.4,4,success,
33653,1,3,5,,distance,levenshtein,2.1835808753967285,0.24324324324324326,1.0,0.391304347826087,5,success,
79121,1,3,7,,distance,levenshtein,5.131557941436768,0.2647058823529412,1.0,0.4186046511627907,7,success,
6886,1,2,9,,distance,levenshtein,23.099752187728882,0.2571428571428571,1.0,0.4090909090909091,9,success,
15852,1,2,4,,distance,levenshtein,71.50688695907593,0.1951219512195122,0.8888888888888888,0.32,4,success,
36624,1,2,9,,distance,levenshtein,23.339805126190186,0.2571428571428571,1.0,0.4090909090909091,9,success,
8988,1,2,4,,distance,levenshtein,34.069839000701904,0.3,1.0,0.46153846153846156,4,success,
93884,1,2,5,,distance,levenshtein,144.1139850616455,0.391304347826087,1.0,0.5625,5,success,
97635,1,2,8,,distance,levenshtein,9.678246974945068,0.24324324324324326,1.0,0.391304347826087,8,success,
28998,1,4,5,,distance,levenshtein,3.0020830631256104,0.36,1.0,0.5294117647058824,5,success,
51338,1,3,9,,distance,levenshtein,14.282850980758667,0.21951219512195122,1.0,0.36,9,success,
75385,1,2,8,,distance,levenshtein,33.66785407066345,0.3103448275862069,1.0,0.47368421052631576,8,success,
7239,1,2,6,,distance,levenshtein,23.951558113098145,0.3,1.0,0.46153846153846156,6,success,
29382,1,2,8,,distance,levenshtein,4.709383964538574,0.225,1.0,0.3673469387755102,8,success,
26253,1,3,10,,distance,levenshtein,12.388432025909424,0.2571428571428571,1.0,0.4090909090909091,10,success,
98846,1,3,10,,distance,levenshtein,4.35725998878479,0.23684210526315788,1.0,0.3829787234042553,10,success,
98846,1,4,2,,distance,levenshtein,0.4308359622955322,0.0,0.0,0.0,2,success,
26253,1,4,2,,distance,levenshtein,0.5699710845947266,0.0,0.0,0.0,2,success,
72994,1,4,10,,distance,levenshtein,12.323655843734741,0.24324324324324326,1.0,0.391304347826087,10,success,
45,1,2,6,,distance,levenshtein,7.639392852783203,0.23076923076923078,1.0,0.375,6,success,
72994,1,5,2,,distance,levenshtein,0.2805821895599365,0.0,0.0,0.0,2,success,
79820,1,2,7,,distance,levenshtein,8.550817966461182,0.2571428571428571,1.0,0.4090909090909091,7,success,
93884,1,2,6,,distance,levenshtein,3.1857450008392334,0.391304347826087,1.0,0.5625,6,success,
87228,1,3,5,,distance,levenshtein,14.477750062942505,0.28125,1.0,0.43902439024390244,5,success,
93344,1,4,8,,distance,levenshtein,10.937203168869019,0.25,1.0,0.4,8,success,
85303,1,4,4,,distance,levenshtein,37.21067810058594,0.2571428571428571,1.0,0.4090909090909091,4,success,
72994,1,5,3,,distance,levenshtein,1.3612539768218994,0.24324324324324326,1.0,0.391304347826087,3,success,
51338,1,3,10,,distance,levenshtein,2.990177869796753,0.225,1.0,0.3673469387755102,10,success,
63198,1,3,9,,distance,levenshtein,8.865937948226929,0.24324324324324326,1.0,0.391304347826087,9,success,
51338,1,4,2,,distance,levenshtein,0.35485100746154785,0.0,0.0,0.0,2,success,
70332,1,3,5,,distance,levenshtein,11.725881099700928,0.23076923076923078,1.0,0.375,5,success,
97635,1,2,9,,distance,levenshtein,5.029720067977905,0.24324324324324326,1.0,0.391304347826087,9,success,
39871,1,2,5,,distance,levenshtein,110.97402310371399,0.28125,1.0,0.43902439024390244,5,success,
98846,1,4,3,,distance,levenshtein,5.2414939403533936,0.23684210526315788,1.0,0.3829787234042553,3,success,
28998,1,4,6,,distance,levenshtein,6.7381110191345215,0.375,1.0,0.5454545454545454,6,success,
79121,1,3,8,,distance,levenshtein,8.90215015411377,0.2647058823529412,1.0,0.4186046511627907,8,success,
51134,1,4,4,,distance,levenshtein,16.155785083770752,0.2647058823529412,1.0,0.4186046511627907,4,success,
51338,1,4,3,,distance,levenshtein,3.071805953979492,0.21951219512195122,1.0,0.36,3,success,
11298,1,2,8,,distance,levenshtein,38.320451974868774,0.2571428571428571,1.0,0.4090909090909091,8,success,
32584,1,2,9,,distance,levenshtein,12.77539610862732,0.20512820512820512,0.8888888888888888,0.3333333333333333,9,success,
9471,1,2,9,,distance,levenshtein,46.65123915672302,0.25,1.0,0.4,9,success,
63198,1,3,10,,distance,levenshtein,3.861293077468872,0.24324324324324326,1.0,0.391304347826087,10,success,
7239,1,2,7,,distance,levenshtein,7.85892391204834,0.3,1.0,0.46153846153846156,7,success,
11517,1,4,6,,distance,levenshtein,57.50994610786438,0.21951219512195122,1.0,0.36,6,success,
26253,1,4,3,,distance,levenshtein,7.607196807861328,0.2571428571428571,1.0,0.4090909090909091,3,success,
39161,1,3,6,,distance,levenshtein,19.49371314048767,0.28125,1.0,0.43902439024390244,6,success,
63198,1,4,2,,distance,levenshtein,0.30229902267456055,0.0,0.0,0.0,2,success,
45,1,2,7,,distance,levenshtein,6.887886047363281,0.23076923076923078,1.0,0.375,7,success,
15852,1,2,5,,distance,levenshtein,10.76528286933899,0.21428571428571427,1.0,0.35294117647058826,5,success,
63198,1,4,3,,distance,levenshtein,1.852159023284912,0.24324324324324326,1.0,0.391304347826087,3,success,
93884,1,2,7,,distance,levenshtein,8.483785152435303,0.391304347826087,1.0,0.5625,7,success,
29382,1,2,9,,distance,levenshtein,11.100100994110107,0.20512820512820512,0.8888888888888888,0.3333333333333333,9,success,
59934,1,2,6,,distance,levenshtein,20.0773708820343,0.36,1.0,0.5294117647058824,6,success,
11517,1,4,7,,distance,levenshtein,3.0763778686523438,0.21951219512195122,1.0,0.36,7,success,
28998,1,4,7,,distance,levenshtein,4.985882043838501,0.34782608695652173,0.8888888888888888,0.5,7,success,
39161,1,3,7,,distance,levenshtein,3.237009048461914,0.28125,1.0,0.43902439024390244,7,success,
93344,1,4,9,,distance,levenshtein,9.3471839427948,0.25,1.0,0.4,9,success,
39871,1,2,6,,distance,levenshtein,8.001932144165039,0.28125,1.0,0.43902439024390244,6,success,
84787,1,4,5,,distance,levenshtein,21.002094984054565,0.25,1.0,0.4,5,success,
56085,1,2,10,,distance,levenshtein,74.69689011573792,0.25,1.0,0.4,10,success,
32584,1,2,10,,distance,levenshtein,5.93484091758728,0.225,1.0,0.3673469387755102,10,success,
56085,1,3,2,,distance,levenshtein,0.3650939464569092,0.0,0.0,0.0,2,success,
72994,1,5,4,,distance,levenshtein,11.458072900772095,0.24324324324324326,1.0,0.391304347826087,4,success,
32584,1,3,2,,distance,levenshtein,0.266477108001709,0.0,0.0,0.0,2,success,
39161,1,3,8,,distance,levenshtein,2.7491610050201416,0.28125,1.0,0.43902439024390244,8,success,
63198,1,4,4,,distance,levenshtein,5.283255100250244,0.24324324324324326,1.0,0.391304347826087,4,success,
6886,1,2,10,,distance,levenshtein,17.855592966079712,0.2571428571428571,1.0,0.4090909090909091,10,success,
84787,1,4,6,,distance,levenshtein,3.1032400131225586,0.2571428571428571,1.0,0.4090909090909091,6,success,
6886,1,3,2,,distance,levenshtein,0.20483708381652832,0.11475409836065574,0.7777777777777778,0.2,2,success,
79121,1,3,9,,distance,levenshtein,10.296504020690918,0.2571428571428571,1.0,0.4090909090909091,9,success,
51338,1,4,4,,distance,levenshtein,10.41071891784668,0.225,1.0,0.3673469387755102,4,success,
11517,1,4,8,,distance,levenshtein,5.90489387512207,0.225,1.0,0.3673469387755102,8,success,
32584,1,3,3,,distance,levenshtein,2.939389944076538,0.225,1.0,0.3673469387755102,3,success,
56085,1,3,3,,distance,levenshtein,3.075604200363159,0.25,1.0,0.4,3,success,
6886,1,3,3,,distance,levenshtein,1.1155800819396973,0.2647058823529412,1.0,0.4186046511627907,3,success,
11298,1,2,9,,distance,levenshtein,10.333007097244263,0.2647058823529412,1.0,0.4186046511627907,9,success,
28998,1,4,8,,distance,levenshtein,6.506784915924072,0.36,1.0,0.5294117647058824,8,success,
98846,1,4,4,,distance,levenshtein,13.001890897750854,0.23684210526315788,1.0,0.3829787234042553,4,success,
9178,1,2,10,,distance,levenshtein,26.547460079193115,0.3103448275862069,1.0,0.47368421052631576,10,success,
97635,1,2,10,,distance,levenshtein,14.636783123016357,0.2222222222222222,0.8888888888888888,0.35555555555555557,10,success,
39161,1,3,9,,distance,levenshtein,4.1253039836883545,0.28125,1.0,0.43902439024390244,9,success,
9178,1,3,2,,distance,levenshtein,0.21536993980407715,0.1044776119402985,0.7777777777777778,0.18421052631578946,2,success,
37843,1,4,5,,distance,levenshtein,26.872895002365112,0.28125,1.0,0.43902439024390244,5,success,
15852,1,2,6,,distance,levenshtein,10.776227951049805,0.21951219512195122,1.0,0.36,6,success,
84787,1,4,7,,distance,levenshtein,3.2653579711914062,0.25,1.0,0.4,7,success,
97635,1,3,2,,distance,levenshtein,0.4539628028869629,0.11864406779661017,0.7777777777777778,0.20588235294117646,2,success,
79820,1,2,8,,distance,levenshtein,18.702337980270386,0.25,1.0,0.4,8,success,
7239,1,2,8,,distance,levenshtein,13.279042959213257,0.3,1.0,0.46153846153846156,8,success,
9178,1,3,3,,distance,levenshtein,1.9785270690917969,0.32142857142857145,1.0,0.4864864864864865,3,success,
32584,1,3,4,,distance,levenshtein,3.9376909732818604,0.225,1.0,0.3673469387755102,4,success,
11517,1,4,9,,distance,levenshtein,4.272486925125122,0.21951219512195122,1.0,0.36,9,success,
9471,1,2,10,,distance,levenshtein,15.617777109146118,0.22857142857142856,0.8888888888888888,0.36363636363636365,10,success,
39871,1,2,7,,distance,levenshtein,10.579674005508423,0.28125,1.0,0.43902439024390244,7,success,
70332,1,3,6,,distance,levenshtein,19.906086921691895,0.23076923076923078,1.0,0.375,6,success,
12153,1,4,6,,distance,levenshtein,38.01196002960205,0.23684210526315788,1.0,0.3829787234042553,6,success,
39161,1,3,10,,distance,levenshtein,4.010202884674072,0.28125,1.0,0.43902439024390244,10,success,
9471,1,3,2,,distance,levenshtein,0.2311420440673828,0.0847457627118644,0.5555555555555556,0.14705882352941177,2,success,
39161,1,4,2,,distance,levenshtein,0.2936890125274658,0.0,0.0,0.0,2,success,
26253,1,4,4,,distance,levenshtein,16.28588604927063,0.2571428571428571,1.0,0.4090909090909091,4,success,
33653,1,3,6,,distance,levenshtein,27.86928415298462,0.24324324324324326,1.0,0.391304347826087,6,success,
84787,1,4,8,,distance,levenshtein,4.698678970336914,0.25,1.0,0.4,8,success,
97635,1,3,3,,distance,levenshtein,4.825448989868164,0.24324324324324326,1.0,0.391304347826087,3,success,
70332,1,3,7,,distance,levenshtein,1.3897109031677246,0.23076923076923078,1.0,0.375,7,success,
9471,1,3,3,,distance,levenshtein,1.7593321800231934,0.25,1.0,0.4,3,success,
79820,1,2,9,,distance,levenshtein,4.620775938034058,0.25,1.0,0.4,9,success,
39161,1,4,3,,distance,levenshtein,1.552258014678955,0.28125,1.0,0.43902439024390244,3,success,
84787,1,4,9,,distance,levenshtein,0.9123189449310303,0.25,1.0,0.4,9,success,
28998,1,4,9,,distance,levenshtein,7.678508996963501,0.36,1.0,0.5294117647058824,9,success,
59934,1,2,7,,distance,levenshtein,15.860396146774292,0.36,1.0,0.5294117647058824,7,success,
33653,1,3,7,,distance,levenshtein,2.853611946105957,0.24324324324324326,1.0,0.391304347826087,7,success,
70332,1,3,8,,distance,levenshtein,2.9428038597106934,0.23684210526315788,1.0,0.3829787234042553,8,success,
11517,1,4,10,,distance,levenshtein,6.065694808959961,0.21951219512195122,1.0,0.36,10,success,
6886,1,3,4,,distance,levenshtein,10.889822006225586,0.2571428571428571,1.0,0.4090909090909091,4,success,
75385,1,2,9,,distance,levenshtein,29.38386607170105,0.3103448275862069,1.0,0.47368421052631576,9,success,
11517,1,5,2,,distance,levenshtein,0.31201887130737305,0.0,0.0,0.0,2,success,
56085,1,3,4,,distance,levenshtein,11.888087034225464,0.25,1.0,0.4,4,success,
93344,1,4,10,,distance,levenshtein,16.94494104385376,0.24324324324324326,1.0,0.391304347826087,10,success,
9178,1,3,4,,distance,levenshtein,7.849583864212036,0.3103448275862069,1.0,0.47368421052631576,4,success,
9471,1,3,4,,distance,levenshtein,3.8930869102478027,0.25,1.0,0.4,4,success,
93884,1,2,8,,distance,levenshtein,18.873148918151855,0.391304347826087,1.0,0.5625,8,success,
93344,1,5,2,,distance,levenshtein,0.41881585121154785,0.0,0.0,0.0,2,success,
29382,1,2,10,,distance,levenshtein,19.047260999679565,0.23076923076923078,1.0,0.375,10,success,
29382,1,3,2,,distance,levenshtein,0.24281883239746094,0.18181818181818182,0.6666666666666666,0.2857142857142857,2,success,
68503,1,2,4,,distance,levenshtein,196.43968510627747,0.2727272727272727,1.0,0.42857142857142855,4,success,
11517,1,5,3,,distance,levenshtein,1.8456549644470215,0.21951219512195122,1.0,0.36,3,success,
70332,1,3,9,,distance,levenshtein,2.4417409896850586,0.23076923076923078,1.0,0.375,9,success,
15852,1,2,7,,distance,levenshtein,11.228717803955078,0.21428571428571427,1.0,0.35294117647058826,7,success,
79121,1,3,10,,distance,levenshtein,14.194890975952148,0.2647058823529412,1.0,0.4186046511627907,10,success,
79121,1,4,2,,distance,levenshtein,0.38507080078125,0.0,0.0,0.0,2,success,
33653,1,3,8,,distance,levenshtein,3.8638250827789307,0.24324324324324326,1.0,0.391304347826087,8,success,
29382,1,3,3,,distance,levenshtein,1.3925740718841553,0.225,1.0,0.3673469387755102,3,success,
70332,1,3,10,,distance,levenshtein,0.802699089050293,0.23076923076923078,1.0,0.375,10,success,
70332,1,4,2,,distance,levenshtein,0.19823718070983887,0.0,0.0,0.0,2,success,
79820,1,2,10,,distance,levenshtein,6.275173902511597,0.25,1.0,0.4,10,success,
97635,1,3,4,,distance,levenshtein,7.90923810005188,0.24324324324324326,1.0,0.391304347826087,4,success,
79820,1,3,2,,distance,levenshtein,0.3220939636230469,0.0,0.0,0.0,2,success,
93344,1,5,3,,distance,levenshtein,3.4029250144958496,0.24324324324324326,1.0,0.391304347826087,3,success,
70332,1,4,3,,distance,levenshtein,1.3617208003997803,0.23684210526315788,1.0,0.3829787234042553,3,success,
79121,1,4,3,,distance,levenshtein,3.588095188140869,0.2647058823529412,1.0,0.4186046511627907,3,success,
69007,1,4,4,,distance,levenshtein,54.905943870544434,0.3333333333333333,1.0,0.5,4,success,
84787,1,4,10,,distance,levenshtein,10.008096933364868,0.25,1.0,0.4,10,success,
51338,1,4,5,,distance,levenshtein,19.519155025482178,0.225,1.0,0.3673469387755102,5,success,
70332,1,4,4,,distance,levenshtein,2.3765389919281006,0.23684210526315788,1.0,0.3829787234042553,4,success,
79820,1,3,3,,distance,levenshtein,3.4200079441070557,0.25,1.0,0.4,3,success,
84787,1,5,2,,distance,levenshtein,0.6855778694152832,0.0,0.0,0.0,2,success,
36624,1,2,10,,distance,levenshtein,39.99439215660095,0.2571428571428571,1.0,0.4090909090909091,10,success,
36624,1,3,2,,distance,levenshtein,0.21792387962341309,0.140625,1.0,0.2465753424657534,2,success,
11298,1,2,10,,distance,levenshtein,20.255048990249634,0.2647058823529412,1.0,0.4186046511627907,10,success,
39161,1,4,4,,distance,levenshtein,12.555306911468506,0.23333333333333334,0.7777777777777778,0.358974358974359,4,success,
33653,1,3,9,,distance,levenshtein,6.093508958816528,0.24324324324324326,1.0,0.391304347826087,9,success,
11298,1,3,2,,distance,levenshtein,0.19017696380615234,0.0,0.0,0.0,2,success,
36624,1,3,3,,distance,levenshtein,1.0861899852752686,0.2571428571428571,1.0,0.4090909090909091,3,success,
93884,1,2,9,,distance,levenshtein,9.009260892868042,0.391304347826087,1.0,0.5625,9,success,
58283,1,4,5,,distance,levenshtein,43.30652594566345,0.22857142857142856,0.8888888888888888,0.36363636363636365,5,success,
7239,1,2,9,,distance,levenshtein,17.563511848449707,0.3,1.0,0.46153846153846156,9,success,
11298,1,3,3,,distance,levenshtein,0.5671298503875732,0.2647058823529412,1.0,0.4186046511627907,3,success,
29382,1,3,4,,distance,levenshtein,7.340662002563477,0.225,1.0,0.3673469387755102,4,success,
63198,1,4,5,,distance,levenshtein,24.776185035705566,0.24324324324324326,1.0,0.391304347826087,5,success,
84787,1,5,3,,distance,levenshtein,2.7089710235595703,0.2571428571428571,1.0,0.4090909090909091,3,success,
11298,1,3,4,,distance,levenshtein,1.553976058959961,0.2647058823529412,1.0,0.4186046511627907,4,success,
58283,1,4,6,,distance,levenshtein,2.714337110519409,0.2571428571428571,1.0,0.4090909090909091,6,success,
88322,1,2,4,,distance,levenshtein,234.1207251548767,0.24242424242424243,0.8888888888888888,0.38095238095238093,4,success,
33653,1,3,10,,distance,levenshtein,3.7134439945220947,0.24324324324324326,1.0,0.391304347826087,10,success,
33653,1,4,2,,distance,levenshtein,0.32437896728515625,0.0,0.0,0.0,2,success,
70332,1,4,5,,distance,levenshtein,6.925027132034302,0.23076923076923078,1.0,0.375,5,success,
36624,1,3,4,,distance,levenshtein,4.8826048374176025,0.2647058823529412,1.0,0.4186046511627907,4,success,
89095,1,3,5,,distance,levenshtein,67.4632511138916,0.21621621621621623,0.8888888888888888,0.34782608695652173,5,success,
72994,1,5,5,,distance,levenshtein,31.23536205291748,0.24324324324324326,1.0,0.391304347826087,5,success,
33653,1,4,3,,distance,levenshtein,2.504725933074951,0.24324324324324326,1.0,0.391304347826087,3,success,
79121,1,4,4,,distance,levenshtein,10.13332200050354,0.23529411764705882,0.8888888888888888,0.37209302325581395,4,success,
6886,1,3,5,,distance,levenshtein,17.890127897262573,0.24242424242424243,0.8888888888888888,0.38095238095238093,5,success,
68503,1,2,5,,distance,levenshtein,16.33036994934082,0.2727272727272727,1.0,0.42857142857142855,5,success,
11517,1,5,4,,distance,levenshtein,16.3422691822052,0.225,1.0,0.3673469387755102,4,success,
58283,1,4,7,,distance,levenshtein,6.016294956207275,0.23529411764705882,0.8888888888888888,0.37209302325581395,7,success,
33653,1,4,4,,distance,levenshtein,2.9782309532165527,0.24324324324324326,1.0,0.391304347826087,4,success,
11298,1,3,5,,distance,levenshtein,8.189347982406616,0.2647058823529412,1.0,0.4186046511627907,5,success,
39871,1,2,8,,distance,levenshtein,25.95052194595337,0.28125,1.0,0.43902439024390244,8,success,
15852,1,2,8,,distance,levenshtein,18.199939012527466,0.21428571428571427,1.0,0.35294117647058826,8,success,
79820,1,3,4,,distance,levenshtein,12.92587399482727,0.25,1.0,0.4,4,success,
28998,1,4,10,,distance,levenshtein,23.73794388771057,0.36,1.0,0.5294117647058824,10,success,
89095,1,3,6,,distance,levenshtein,6.056080102920532,0.2222222222222222,0.8888888888888888,0.35555555555555557,6,success,
9178,1,3,5,,distance,levenshtein,21.49663805961609,0.32142857142857145,1.0,0.4864864864864865,5,success,
28998,1,5,2,,distance,levenshtein,0.3291759490966797,0.0,0.0,0.0,2,success,
32584,1,3,5,,distance,levenshtein,30.221018075942993,0.225,1.0,0.3673469387755102,5,success,
93344,1,5,4,,distance,levenshtein,18.46101689338684,0.24324324324324326,1.0,0.391304347826087,4,success,
59934,1,2,8,,distance,levenshtein,25.57846999168396,0.30434782608695654,0.7777777777777778,0.4375,8,success,
36624,1,3,5,,distance,levenshtein,9.336512088775635,0.2571428571428571,1.0,0.4090909090909091,5,success,
89095,1,3,7,,distance,levenshtein,3.9407501220703125,0.2222222222222222,0.8888888888888888,0.35555555555555557,7,success,
162,1,3,7,,distance,levenshtein,63.1764440536499,0.2727272727272727,1.0,0.42857142857142855,7,success,
89095,1,3,8,,distance,levenshtein,0.9851651191711426,0.21621621621621623,0.8888888888888888,0.34782608695652173,8,success,
93884,1,2,10,,distance,levenshtein,17.036963939666748,0.391304347826087,1.0,0.5625,10,success,
28998,1,5,3,,distance,levenshtein,5.795417070388794,0.36,1.0,0.5294117647058824,3,success,
93884,1,3,2,,distance,levenshtein,0.21732807159423828,0.1095890410958904,0.8888888888888888,0.1951219512195122,2,success,
70332,1,4,6,,distance,levenshtein,13.722076177597046,0.23076923076923078,1.0,0.375,6,success,
7239,1,2,10,,distance,levenshtein,17.870445013046265,0.3,1.0,0.46153846153846156,10,success,
7239,1,3,2,,distance,levenshtein,0.1759049892425537,0.07575757575757576,0.5555555555555556,0.13333333333333333,2,success,
37843,1,4,6,,distance,levenshtein,39.0897421836853,0.28125,1.0,0.43902439024390244,6,success,
93884,1,3,3,,distance,levenshtein,1.0262389183044434,0.391304347826087,1.0,0.5625,3,success,
11517,1,5,5,,distance,levenshtein,10.984573125839233,0.225,1.0,0.3673469387755102,5,success,
8938,1,4,5,,distance,levenshtein,69.65193915367126,0.2727272727272727,1.0,0.42857142857142855,5,success,
7239,1,3,3,,distance,levenshtein,0.9317090511322021,0.3,1.0,0.46153846153846156,3,success,
58283,1,4,8,,distance,levenshtein,10.499473094940186,0.23529411764705882,0.8888888888888888,0.37209302325581395,8,success,
29382,1,3,5,,distance,levenshtein,20.351351976394653,0.225,1.0,0.3673469387755102,5,success,
89095,1,3,9,,distance,levenshtein,2.6514148712158203,0.23684210526315788,1.0,0.3829787234042553,9,success,
11517,1,5,6,,distance,levenshtein,1.1485540866851807,0.23076923076923078,1.0,0.375,6,success,
9471,1,3,5,,distance,levenshtein,30.96050715446472,0.25,1.0,0.4,5,success,
97635,1,3,5,,distance,levenshtein,28.253078937530518,0.24324324324324326,1.0,0.391304347826087,5,success,
162,1,3,8,,distance,levenshtein,4.988258123397827,0.2727272727272727,1.0,0.42857142857142855,8,success,
11298,1,3,6,,distance,levenshtein,11.844663858413696,0.24242424242424243,0.8888888888888888,0.38095238095238093,6,success,
93884,1,3,4,,distance,levenshtein,3.9923858642578125,0.391304347826087,1.0,0.5625,4,success,
7239,1,3,4,,distance,levenshtein,3.253774881362915,0.3,1.0,0.46153846153846156,4,success,
11517,1,5,7,,distance,levenshtein,3.1926989555358887,0.21951219512195122,1.0,0.36,7,success,
9471,1,3,6,,distance,levenshtein,2.739819049835205,0.2571428571428571,1.0,0.4090909090909091,6,success,
68503,1,2,6,,distance,levenshtein,16.472135066986084,0.2727272727272727,1.0,0.42857142857142855,6,success,
97635,1,3,6,,distance,levenshtein,2.477144956588745,0.24324324324324326,1.0,0.391304347826087,6,success,
8938,1,4,6,,distance,levenshtein,4.652395963668823,0.2647058823529412,1.0,0.4186046511627907,6,success,
37843,1,4,7,,distance,levenshtein,5.6048009395599365,0.2903225806451613,1.0,0.45,7,success,
58283,1,4,9,,distance,levenshtein,4.603657007217407,0.25,1.0,0.4,9,success,
39871,1,2,9,,distance,levenshtein,15.543766021728516,0.28125,1.0,0.43902439024390244,9,success,
9471,1,3,7,,distance,levenshtein,1.6228129863739014,0.2571428571428571,1.0,0.4090909090909091,7,success,
58283,1,4,10,,distance,levenshtein,1.313783884048462,0.25,1.0,0.4,10,success,
58283,1,5,2,,distance,levenshtein,0.3525819778442383,0.0,0.0,0.0,2,success,
79820,1,3,5,,distance,levenshtein,17.288986921310425,0.25,1.0,0.4,5,success,
26253,1,4,5,,distance,levenshtein,43.80728220939636,0.2647058823529412,1.0,0.4186046511627907,5,success,
98846,1,4,5,,distance,levenshtein,49.574737787246704,0.23684210526315788,1.0,0.3829787234042553,5,success,
97635,1,3,7,,distance,levenshtein,3.7196731567382812,0.24324324324324326,1.0,0.391304347826087,7,success,
8938,1,4,7,,distance,levenshtein,3.893070936203003,0.2647058823529412,1.0,0.4186046511627907,7,success,
162,1,3,9,,distance,levenshtein,6.775767087936401,0.2727272727272727,1.0,0.42857142857142855,9,success,
9471,1,3,8,,distance,levenshtein,3.5471761226654053,0.25,1.0,0.4,8,success,
37843,1,4,8,,distance,levenshtein,5.041649103164673,0.25806451612903225,0.8888888888888888,0.4,8,success,
84787,1,5,4,,distance,levenshtein,31.505970001220703,0.2571428571428571,1.0,0.4090909090909091,4,success,
87228,1,3,6,,distance,levenshtein,71.04768300056458,0.2727272727272727,1.0,0.42857142857142855,6,success,
58283,1,5,3,,distance,levenshtein,5.238002061843872,0.2571428571428571,1.0,0.4090909090909091,3,success,
89095,1,3,10,,distance,levenshtein,12.463479042053223,0.24324324324324326,1.0,0.391304347826087,10,success,
162,1,3,10,,distance,levenshtein,3.6312999725341797,0.2727272727272727,1.0,0.42857142857142855,10,success,
89095,1,4,2,,distance,levenshtein,0.29865384101867676,0.0,0.0,0.0,2,success,
162,1,4,2,,distance,levenshtein,0.5204989910125732,0.0,0.0,0.0,2,success,
11517,1,5,8,,distance,levenshtein,9.706678867340088,0.2,0.8888888888888888,0.32653061224489793,8,success,
75385,1,2,10,,distance,levenshtein,45.01005005836487,0.3103448275862069,1.0,0.47368421052631576,10,success,
97635,1,3,8,,distance,levenshtein,6.034375905990601,0.24324324324324326,1.0,0.391304347826087,8,success,
75385,1,3,2,,distance,levenshtein,0.30452513694763184,0.25,0.6666666666666666,0.36363636363636365,2,success,
15852,1,2,9,,distance,levenshtein,24.59658408164978,0.21428571428571427,1.0,0.35294117647058826,9,success,
89095,1,4,3,,distance,levenshtein,1.5864911079406738,0.23684210526315788,1.0,0.3829787234042553,3,success,
87228,1,3,7,,distance,levenshtein,2.6568150520324707,0.2647058823529412,1.0,0.4186046511627907,7,success,
84787,1,5,5,,distance,levenshtein,3.8436739444732666,0.25,1.0,0.4,5,success,
51134,1,4,5,,distance,levenshtein,70.12340688705444,0.2647058823529412,1.0,0.4186046511627907,5,success,
79121,1,4,5,,distance,levenshtein,30.01194190979004,0.2571428571428571,1.0,0.4090909090909091,5,success,
39161,1,4,5,,distance,levenshtein,38.25370001792908,0.28125,1.0,0.43902439024390244,5,success,
7239,1,3,5,,distance,levenshtein,13.520533084869385,0.3,1.0,0.46153846153846156,5,success,
162,1,4,3,,distance,levenshtein,2.69330096244812,0.28125,1.0,0.43902439024390244,3,success,
9471,1,3,9,,distance,levenshtein,6.539941072463989,0.2571428571428571,1.0,0.4090909090909091,9,success,
75385,1,3,3,,distance,levenshtein,1.8607258796691895,0.3103448275862069,1.0,0.47368421052631576,3,success,
33653,1,4,5,,distance,levenshtein,27.82842206954956,0.24324324324324326,1.0,0.391304347826087,5,success,
11298,1,3,7,,distance,levenshtein,16.156980991363525,0.2571428571428571,1.0,0.4090909090909091,7,success,
79121,1,4,6,,distance,levenshtein,2.4132180213928223,0.2647058823529412,1.0,0.4186046511627907,6,success,
87228,1,3,8,,distance,levenshtein,2.999095916748047,0.2727272727272727,1.0,0.42857142857142855,8,success,
9471,1,3,10,,distance,levenshtein,1.2990541458129883,0.25,1.0,0.4,10,success,
26253,1,4,6,,distance,levenshtein,11.399353981018066,0.2571428571428571,1.0,0.4090909090909091,6,success,
9471,1,4,2,,distance,levenshtein,0.45648813247680664,0.0,0.0,0.0,2,success,
39161,1,4,6,,distance,levenshtein,3.1388120651245117,0.28125,1.0,0.43902439024390244,6,success,
39871,1,2,10,,distance,levenshtein,14.370056867599487,0.28125,1.0,0.43902439024390244,10,success,
37843,1,4,9,,distance,levenshtein,10.664233207702637,0.28125,1.0,0.43902439024390244,9,success,
39871,1,3,2,,distance,levenshtein,0.2381610870361328,0.0,0.0,0.0,2,success,
89095,1,4,4,,distance,levenshtein,5.842159032821655,0.23684210526315788,1.0,0.3829787234042553,4,success,
8938,1,4,8,,distance,levenshtein,12.781797885894775,0.2727272727272727,1.0,0.42857142857142855,8,success,
6886,1,3,6,,distance,levenshtein,34.85022592544556,0.24242424242424243,0.8888888888888888,0.38095238095238093,6,success,
51134,1,4,6,,distance,levenshtein,5.139595031738281,0.2647058823529412,1.0,0.4186046511627907,6,success,
79121,1,4,7,,distance,levenshtein,2.531291961669922,0.2647058823529412,1.0,0.4186046511627907,7,success,
36624,1,3,6,,distance,levenshtein,28.35152292251587,0.2727272727272727,1.0,0.42857142857142855,6,success,
56085,1,3,5,,distance,levenshtein,53.36392903327942,0.25,1.0,0.4,5,success,
12153,1,4,7,,distance,levenshtein,59.56867599487305,0.23684210526315788,1.0,0.3829787234042553,7,success,
84787,1,5,6,,distance,levenshtein,6.411513090133667,0.2571428571428571,1.0,0.4090909090909091,6,success,
75385,1,3,4,,distance,levenshtein,6.236660003662109,0.3103448275862069,1.0,0.47368421052631576,4,success,
39871,1,3,3,,distance,levenshtein,2.092311143875122,0.28125,1.0,0.43902439024390244,3,success,
9471,1,4,3,,distance,levenshtein,3.8272030353546143,0.25,1.0,0.4,3,success,
39161,1,4,7,,distance,levenshtein,3.961686134338379,0.28125,1.0,0.43902439024390244,7,success,
36624,1,3,7,,distance,levenshtein,2.7480762004852295,0.2571428571428571,1.0,0.4090909090909091,7,success,
97635,1,3,9,,distance,levenshtein,9.794305801391602,0.24324324324324326,1.0,0.391304347826087,9,success,
72994,1,5,6,,distance,levenshtein,39.815943002700806,0.24324324324324326,1.0,0.391304347826087,6,success,
87228,1,3,9,,distance,levenshtein,5.80645489692688,0.28125,1.0,0.43902439024390244,9,success,
56085,1,3,6,,distance,levenshtein,2.9406659603118896,0.25,1.0,0.4,6,success,
45,1,2,8,,distance,levenshtein,78.09277820587158,0.23076923076923078,1.0,0.375,8,success,
9178,1,3,6,,distance,levenshtein,34.742652893066406,0.3103448275862069,1.0,0.47368421052631576,6,success,
26253,1,4,7,,distance,levenshtein,6.0629448890686035,0.2647058823529412,1.0,0.4186046511627907,7,success,
70332,1,4,7,,distance,levenshtein,27.981682062149048,0.23076923076923078,1.0,0.375,7,success,
11517,1,5,9,,distance,levenshtein,11.928848028182983,0.225,1.0,0.3673469387755102,9,success,
32584,1,3,6,,distance,levenshtein,34.632123947143555,0.225,1.0,0.3673469387755102,6,success,
6886,1,3,7,,distance,levenshtein,4.522716999053955,0.2647058823529412,1.0,0.4186046511627907,7,success,
12153,1,4,8,,distance,levenshtein,3.688014030456543,0.24324324324324326,1.0,0.391304347826087,8,success,
87228,1,3,10,,distance,levenshtein,0.9919700622558594,0.28125,1.0,0.43902439024390244,10,success,
36624,1,3,8,,distance,levenshtein,1.7823970317840576,0.2647058823529412,1.0,0.4186046511627907,8,success,
93884,1,3,5,,distance,levenshtein,24.491918802261353,0.391304347826087,1.0,0.5625,5,success,
87228,1,4,2,,distance,levenshtein,0.3536698818206787,0.0,0.0,0.0,2,success,
11517,1,5,10,,distance,levenshtein,1.139599084854126,0.21951219512195122,1.0,0.36,10,success,
11517,1,6,2,,distance,levenshtein,0.17647099494934082,0.23684210526315788,1.0,0.3829787234042553,2,success,
51134,1,4,7,,distance,levenshtein,6.345254898071289,0.2727272727272727,1.0,0.42857142857142855,7,success,
37843,1,4,10,,distance,levenshtein,7.091153144836426,0.25806451612903225,0.8888888888888888,0.4,10,success,
70332,1,4,8,,distance,levenshtein,2.231654167175293,0.23684210526315788,1.0,0.3829787234042553,8,success,
11517,1,6,3,,distance,levenshtein,0.3874509334564209,0.225,1.0,0.3673469387755102,3,success,
162,1,4,4,,distance,levenshtein,11.975455045700073,0.2727272727272727,1.0,0.42857142857142855,4,success,
79121,1,4,8,,distance,levenshtein,6.932147979736328,0.2647058823529412,1.0,0.4186046511627907,8,success,
87228,1,4,3,,distance,levenshtein,1.9327549934387207,0.2727272727272727,1.0,0.42857142857142855,3,success,
32584,1,3,7,,distance,levenshtein,2.787278175354004,0.225,1.0,0.3673469387755102,7,success,
72994,1,5,7,,distance,levenshtein,4.015510082244873,0.24324324324324326,1.0,0.391304347826087,7,success,
37843,1,5,2,,distance,levenshtein,0.9065990447998047,0.0,0.0,0.0,2,success,
8938,1,4,9,,distance,levenshtein,8.007426023483276,0.2647058823529412,1.0,0.4186046511627907,9,success,
11517,1,6,4,,distance,levenshtein,1.0470561981201172,0.21951219512195122,1.0,0.36,4,success,
39161,1,4,8,,distance,levenshtein,4.904071092605591,0.28125,1.0,0.43902439024390244,8,success,
68503,1,2,7,,distance,levenshtein,25.8818941116333,0.2727272727272727,1.0,0.42857142857142855,7,success,
84787,1,5,7,,distance,levenshtein,6.991945028305054,0.2571428571428571,1.0,0.4090909090909091,7,success,
6886,1,3,8,,distance,levenshtein,3.225429058074951,0.2571428571428571,1.0,0.4090909090909091,8,success,
9471,1,4,4,,distance,levenshtein,6.561115026473999,0.22857142857142856,0.8888888888888888,0.36363636363636365,4,success,
39871,1,3,4,,distance,levenshtein,7.297047853469849,0.28125,1.0,0.43902439024390244,4,success,
9178,1,3,7,,distance,levenshtein,4.706737041473389,0.3103448275862069,1.0,0.47368421052631576,7,success,
59934,1,2,9,,distance,levenshtein,38.06011509895325,0.36,1.0,0.5294117647058824,9,success,
31055,1,2,4,,distance,levenshtein,206.9788179397583,0.25,1.0,0.4,4,success,
70332,1,4,9,,distance,levenshtein,1.9656620025634766,0.23684210526315788,1.0,0.3829787234042553,9,success,
56085,1,3,7,,distance,levenshtein,5.798050880432129,0.25,1.0,0.4,7,success,
58283,1,5,4,,distance,levenshtein,19.055213928222656,0.2571428571428571,1.0,0.4090909090909091,4,success,
11517,1,6,5,,distance,levenshtein,1.9067919254302979,0.21951219512195122,1.0,0.36,5,success,
51338,1,4,6,,distance,levenshtein,55.885587215423584,0.21951219512195122,1.0,0.36,6,success,
12153,1,4,9,,distance,levenshtein,5.436856985092163,0.23684210526315788,1.0,0.3829787234042553,9,success,
63198,1,4,6,,distance,levenshtein,53.01319217681885,0.24324324324324326,1.0,0.391304347826087,6,success,
36624,1,3,9,,distance,levenshtein,5.541002988815308,0.2571428571428571,1.0,0.4090909090909091,9,success,
32584,1,3,8,,distance,levenshtein,3.9609599113464355,0.225,1.0,0.3673469387755102,8,success,
26253,1,4,8,,distance,levenshtein,7.856168985366821,0.2571428571428571,1.0,0.4090909090909091,8,success,
29382,1,3,6,,distance,levenshtein,34.10655188560486,0.23076923076923078,1.0,0.375,6,success,
70332,1,4,10,,distance,levenshtein,2.8950161933898926,0.23076923076923078,1.0,0.375,10,success,
9178,1,3,8,,distance,levenshtein,3.653636932373047,0.3103448275862069,1.0,0.47368421052631576,8,success,
97635,1,3,10,,distance,levenshtein,9.327573776245117,0.24324324324324326,1.0,0.391304347826087,10,success,
70332,1,5,2,,distance,levenshtein,0.3166320323944092,0.0,0.0,0.0,2,success,
97635,1,4,2,,distance,levenshtein,0.3888988494873047,0.0,0.0,0.0,2,success,
11517,1,6,6,,distance,levenshtein,3.2524940967559814,0.225,1.0,0.3673469387755102,6,success,
39161,1,4,9,,distance,levenshtein,5.4027440547943115,0.28125,1.0,0.43902439024390244,9,success,
28998,1,5,4,,distance,levenshtein,39.21371388435364,0.36,1.0,0.5294117647058824,4,success,
37843,1,5,3,,distance,levenshtein,6.8823699951171875,0.28125,1.0,0.43902439024390244,3,success,
72994,1,5,8,,distance,levenshtein,6.9295971393585205,0.24324324324324326,1.0,0.391304347826087,8,success,
6886,1,3,9,,distance,levenshtein,6.050502061843872,0.2571428571428571,1.0,0.4090909090909091,9,success,
51134,1,4,8,,distance,levenshtein,8.81178593635559,0.2647058823529412,1.0,0.4186046511627907,8,success,
29382,1,3,7,,distance,levenshtein,3.6685850620269775,0.225,1.0,0.3673469387755102,7,success,
97635,1,4,3,,distance,levenshtein,2.5840959548950195,0.24324324324324326,1.0,0.391304347826087,3,success,
32584,1,3,9,,distance,levenshtein,4.1844470500946045,0.225,1.0,0.3673469387755102,9,success,
79121,1,4,9,,distance,levenshtein,9.329814910888672,0.2647058823529412,1.0,0.4186046511627907,9,success,
51338,1,4,7,,distance,levenshtein,6.6707539558410645,0.21951219512195122,1.0,0.36,7,success,
45,1,2,9,,distance,levenshtein,13.31319785118103,0.23076923076923078,1.0,0.375,9,success,
70332,1,5,3,,distance,levenshtein,4.5550620555877686,0.23684210526315788,1.0,0.3829787234042553,3,success,
31055,1,2,5,,distance,levenshtein,8.316182851791382,0.25,1.0,0.4,5,success,
33653,1,4,6,,distance,levenshtein,22.536324977874756,0.24324324324324326,1.0,0.391304347826087,6,success,
75385,1,3,5,,distance,levenshtein,16.29568600654602,0.3103448275862069,1.0,0.47368421052631576,5,success,
29382,1,3,8,,distance,levenshtein,1.5454940795898438,0.225,1.0,0.3673469387755102,8,success,
69007,1,4,5,,distance,levenshtein,64.45009207725525,0.3333333333333333,1.0,0.5,5,success,
9178,1,3,9,,distance,levenshtein,6.181813955307007,0.3103448275862069,1.0,0.47368421052631576,9,success,
8938,1,4,10,,distance,levenshtein,11.094632863998413,0.28125,1.0,0.43902439024390244,10,success,
93884,1,3,6,,distance,levenshtein,14.383201122283936,0.391304347826087,1.0,0.5625,6,success,
8938,1,5,2,,distance,levenshtein,0.5215740203857422,0.0,0.0,0.0,2,success,
36624,1,3,10,,distance,levenshtein,9.221688985824585,0.2571428571428571,1.0,0.4090909090909091,10,success,
56085,1,3,8,,distance,levenshtein,10.23058795928955,0.25,1.0,0.4,8,success,
26253,1,4,9,,distance,levenshtein,8.510003089904785,0.2571428571428571,1.0,0.4090909090909091,9,success,
39871,1,3,5,,distance,levenshtein,12.118029117584229,0.28125,1.0,0.43902439024390244,5,success,
12153,1,4,10,,distance,levenshtein,10.207963943481445,0.23684210526315788,1.0,0.3829787234042553,10,success,
36624,1,4,2,,distance,levenshtein,0.3154768943786621,0.0,0.0,0.0,2,success,
72994,1,5,9,,distance,levenshtein,6.384613990783691,0.24324324324324326,1.0,0.391304347826087,9,success,
84787,1,5,8,,distance,levenshtein,13.195089101791382,0.25,1.0,0.4,8,success,
12153,1,5,2,,distance,levenshtein,0.341717004776001,0.0,0.0,0.0,2,success,
69007,1,4,6,,distance,levenshtein,3.8273589611053467,0.3333333333333333,1.0,0.5,6,success,
33653,1,4,7,,distance,levenshtein,4.214205026626587,0.24324324324324326,1.0,0.391304347826087,7,success,
51338,1,4,8,,distance,levenshtein,4.899042844772339,0.21951219512195122,1.0,0.36,8,success,
79121,1,4,10,,distance,levenshtein,5.821076154708862,0.2647058823529412,1.0,0.4186046511627907,10,success,
11298,1,3,8,,distance,levenshtein,27.345391035079956,0.2647058823529412,1.0,0.4186046511627907,8,success,
79820,1,3,6,,distance,levenshtein,38.02495098114014,0.2571428571428571,1.0,0.4090909090909091,6,success,
79121,1,5,2,,distance,levenshtein,0.3833439350128174,0.0,0.0,0.0,2,success,
6886,1,3,10,,distance,levenshtein,8.44337797164917,0.2571428571428571,1.0,0.4090909090909091,10,success,
36624,1,4,3,,distance,levenshtein,3.145879030227661,0.2,0.6666666666666666,0.3076923076923077,3,success,
32584,1,3,10,,distance,levenshtein,7.688755989074707,0.225,1.0,0.3673469387755102,10,success,
6886,1,4,2,,distance,levenshtein,0.5683701038360596,0.0,0.0,0.0,2,success,
8938,1,5,3,,distance,levenshtein,4.1664698123931885,0.2727272727272727,1.0,0.42857142857142855,3,success,
12153,1,5,3,,distance,levenshtein,3.19451904296875,0.23684210526315788,1.0,0.3829787234042553,3,success,
32584,1,4,2,,distance,levenshtein,0.28455400466918945,0.0,0.0,0.0,2,success,
29382,1,3,9,,distance,levenshtein,7.381849050521851,0.225,1.0,0.3673469387755102,9,success,
79820,1,3,7,,distance,levenshtein,3.0061659812927246,0.2571428571428571,1.0,0.4090909090909091,7,success,
69007,1,4,7,,distance,levenshtein,4.929059028625488,0.3333333333333333,1.0,0.5,7,success,
93344,1,5,5,,distance,levenshtein,58.1432421207428,0.24324324324324326,1.0,0.391304347826087,5,success,
31055,1,2,6,,distance,levenshtein,10.182207822799683,0.25,1.0,0.4,6,success,
70332,1,5,4,,distance,levenshtein,10.58743691444397,0.23684210526315788,1.0,0.3829787234042553,4,success,
79121,1,5,3,,distance,levenshtein,5.286110877990723,0.2647058823529412,1.0,0.4186046511627907,3,success,
97635,1,4,4,,distance,levenshtein,13.09027099609375,0.24324324324324326,1.0,0.391304347826087,4,success,
33653,1,4,8,,distance,levenshtein,6.862673044204712,0.24324324324324326,1.0,0.391304347826087,8,success,
9471,1,4,5,,distance,levenshtein,21.670209884643555,0.25,1.0,0.4,5,success,
29382,1,3,10,,distance,levenshtein,4.426088094711304,0.225,1.0,0.3673469387755102,10,success,
9178,1,3,10,,distance,levenshtein,10.947537899017334,0.3103448275862069,1.0,0.47368421052631576,10,success,
51338,1,4,9,,distance,levenshtein,8.058730125427246,0.21951219512195122,1.0,0.36,9,success,
12153,1,5,4,,distance,levenshtein,5.689794063568115,0.23684210526315788,1.0,0.3829787234042553,4,success,
9178,1,4,2,,distance,levenshtein,0.2371540069580078,0.0,0.0,0.0,2,success,
93344,1,5,6,,distance,levenshtein,2.873410940170288,0.24324324324324326,1.0,0.391304347826087,6,success,
72994,1,5,10,,distance,levenshtein,9.552216053009033,0.24324324324324326,1.0,0.391304347826087,10,success,
29382,1,4,2,,distance,levenshtein,0.6533029079437256,0.0,0.0,0.0,2,success,
68503,1,2,8,,distance,levenshtein,23.23923897743225,0.2727272727272727,1.0,0.42857142857142855,8,success,
72994,1,6,2,,distance,levenshtein,0.22198009490966797,0.0,0.0,0.0,2,success,
39161,1,4,10,,distance,levenshtein,17.97746706008911,0.28125,1.0,0.43902439024390244,10,success,
51134,1,4,9,,distance,levenshtein,16.216373920440674,0.2647058823529412,1.0,0.4186046511627907,9,success,
79820,1,3,8,,distance,levenshtein,5.191358804702759,0.25,1.0,0.4,8,success,
9178,1,4,3,,distance,levenshtein,1.1002869606018066,0.3103448275862069,1.0,0.47368421052631576,3,success,
72994,1,6,3,,distance,levenshtein,0.7584359645843506,0.24324324324324326,1.0,0.391304347826087,3,success,
36624,1,4,4,,distance,levenshtein,8.272941827774048,0.1875,0.6666666666666666,0.2926829268292683,4,success,
39161,1,5,2,,distance,levenshtein,0.6874420642852783,0.0,0.0,0.0,2,success,
45,1,2,10,,distance,levenshtein,15.274058103561401,0.23076923076923078,1.0,0.375,10,success,
45,1,3,2,,distance,levenshtein,0.2707958221435547,0.0,0.0,0.0,2,success,
6886,1,4,3,,distance,levenshtein,9.050637006759644,0.2571428571428571,1.0,0.4090909090909091,3,success,
3075,1,2,4,,distance,levenshtein,258.5804810523987,0.23684210526315788,1.0,0.3829787234042553,4,success,
58656,1,2,4,,distance,levenshtein,191.7573070526123,0.25,1.0,0.4,4,success,
72994,1,6,4,,distance,levenshtein,1.2799718379974365,0.25,1.0,0.4,4,success,
56085,1,3,9,,distance,levenshtein,13.201116800308228,0.25,1.0,0.4,9,success,
11517,1,6,7,,distance,levenshtein,21.03947687149048,0.21951219512195122,1.0,0.36,7,success,
93344,1,5,7,,distance,levenshtein,2.756361961364746,0.23684210526315788,1.0,0.3829787234042553,7,success,
9471,1,4,6,,distance,levenshtein,4.3190248012542725,0.2571428571428571,1.0,0.4090909090909091,6,success,
51338,1,4,10,,distance,levenshtein,3.4308648109436035,0.21951219512195122,1.0,0.36,10,success,
26253,1,4,10,,distance,levenshtein,13.777451992034912,0.2647058823529412,1.0,0.4186046511627907,10,success,
51338,1,5,2,,distance,levenshtein,0.2557649612426758,0.0,0.0,0.0,2,success,
45,1,3,3,,distance,levenshtein,1.5351510047912598,0.23076923076923078,1.0,0.375,3,success,
162,1,4,5,,distance,levenshtein,28.747802019119263,0.2727272727272727,1.0,0.42857142857142855,5,success,
89095,1,4,5,,distance,levenshtein,36.69393301010132,0.23684210526315788,1.0,0.3829787234042553,5,success,
32584,1,4,3,,distance,levenshtein,10.592468976974487,0.225,1.0,0.3673469387755102,3,success,
26253,1,5,2,,distance,levenshtein,0.6884081363677979,0.0,0.0,0.0,2,success,
9471,1,4,7,,distance,levenshtein,1.5495169162750244,0.2571428571428571,1.0,0.4090909090909091,7,success,
33653,1,4,9,,distance,levenshtein,6.845612049102783,0.24324324324324326,1.0,0.391304347826087,9,success,
89095,1,4,6,,distance,levenshtein,1.212156057357788,0.23684210526315788,1.0,0.3829787234042553,6,success,
45,1,3,4,,distance,levenshtein,1.7188401222229004,0.23684210526315788,1.0,0.3829787234042553,4,success,
84787,1,5,9,,distance,levenshtein,15.703202962875366,0.2571428571428571,1.0,0.4090909090909091,9,success,
29382,1,4,3,,distance,levenshtein,5.964011192321777,0.23076923076923078,1.0,0.375,3,success,
51338,1,5,3,,distance,levenshtein,2.7314109802246094,0.21951219512195122,1.0,0.36,3,success,
69007,1,4,8,,distance,levenshtein,10.8300039768219,0.3333333333333333,1.0,0.5,8,success,
15852,1,2,10,,distance,levenshtein,46.21035814285278,0.21428571428571427,1.0,0.35294117647058826,10,success,
15852,1,3,2,,distance,levenshtein,0.24350404739379883,0.13559322033898305,0.8888888888888888,0.23529411764705882,2,success,
26253,1,5,3,,distance,levenshtein,3.9039790630340576,0.2571428571428571,1.0,0.4090909090909091,3,success,
33653,1,4,10,,distance,levenshtein,2.979992151260376,0.24324324324324326,1.0,0.391304347826087,10,success,
9178,1,4,4,,distance,levenshtein,7.6854329109191895,0.3103448275862069,1.0,0.47368421052631576,4,success,
87228,1,4,4,,distance,levenshtein,33.53027892112732,0.2727272727272727,1.0,0.42857142857142855,4,success,
58656,1,2,5,,distance,levenshtein,6.667441129684448,0.24324324324324326,1.0,0.391304347826087,5,success,
89095,1,4,7,,distance,levenshtein,3.7496771812438965,0.23684210526315788,1.0,0.3829787234042553,7,success,
33653,1,5,2,,distance,levenshtein,0.6295039653778076,0.0,0.0,0.0,2,success,
98846,1,4,6,,distance,levenshtein,56.441916942596436,0.23684210526315788,1.0,0.3829787234042553,6,success,
15852,1,3,3,,distance,levenshtein,1.623594045639038,0.21951219512195122,1.0,0.36,3,success,
72994,1,6,5,,distance,levenshtein,8.85560917854309,0.24324324324324326,1.0,0.391304347826087,5,success,
56085,1,3,10,,distance,levenshtein,8.414290189743042,0.25,1.0,0.4,10,success,
7239,1,3,6,,distance,levenshtein,49.472103118896484,0.3,1.0,0.46153846153846156,6,success,
56085,1,4,2,,distance,levenshtein,0.36905789375305176,0.0,0.0,0.0,2,success,
9471,1,4,8,,distance,levenshtein,7.2995829582214355,0.25,1.0,0.4,8,success,
39161,1,5,3,,distance,levenshtein,11.332859992980957,0.28125,1.0,0.43902439024390244,3,success,
51134,1,4,10,,distance,levenshtein,12.07113790512085,0.2647058823529412,1.0,0.4186046511627907,10,success,
69007,1,4,9,,distance,levenshtein,5.717483997344971,0.3333333333333333,1.0,0.5,9,success,
79121,1,5,4,,distance,levenshtein,16.316656827926636,0.2647058823529412,1.0,0.4186046511627907,4,success,
51134,1,5,2,,distance,levenshtein,0.36559486389160156,0.0,0.0,0.0,2,success,
33653,1,5,3,,distance,levenshtein,4.523331880569458,0.24324324324324326,1.0,0.391304347826087,3,success,
7239,1,3,7,,distance,levenshtein,1.9882800579071045,0.3,1.0,0.46153846153846156,7,success,
93344,1,5,8,,distance,levenshtein,11.626631021499634,0.24324324324324326,1.0,0.391304347826087,8,success,
79820,1,3,9,,distance,levenshtein,13.664484024047852,0.2571428571428571,1.0,0.4090909090909091,9,success,
58656,1,2,6,,distance,levenshtein,5.548555135726929,0.24324324324324326,1.0,0.391304347826087,6,success,
84787,1,5,10,,distance,levenshtein,8.672807931900024,0.25,1.0,0.4,10,success,
89095,1,4,8,,distance,levenshtein,5.5398712158203125,0.23684210526315788,1.0,0.3829787234042553,8,success,
84787,1,6,2,,distance,levenshtein,0.19321990013122559,0.2647058823529412,1.0,0.4186046511627907,2,success,
29382,1,4,4,,distance,levenshtein,9.362876176834106,0.225,1.0,0.3673469387755102,4,success,
36624,1,4,5,,distance,levenshtein,14.836865186691284,0.1935483870967742,0.6666666666666666,0.3,5,success,
79121,1,5,5,,distance,levenshtein,2.066103935241699,0.2571428571428571,1.0,0.4090909090909091,5,success,
84787,1,6,3,,distance,levenshtein,0.559492826461792,0.2571428571428571,1.0,0.4090909090909091,3,success,
98846,1,4,7,,distance,levenshtein,6.509973049163818,0.23684210526315788,1.0,0.3829787234042553,7,success,
51134,1,5,3,,distance,levenshtein,3.106705904006958,0.2647058823529412,1.0,0.4186046511627907,3,success,
84787,1,6,4,,distance,levenshtein,1.0990898609161377,0.2571428571428571,1.0,0.4090909090909091,4,success,
45,1,3,5,,distance,levenshtein,12.108595848083496,0.23076923076923078,1.0,0.375,5,success,
15852,1,3,4,,distance,levenshtein,7.695203065872192,0.21951219512195122,1.0,0.36,4,success,
7239,1,3,8,,distance,levenshtein,4.280089855194092,0.3,1.0,0.46153846153846156,8,success,
36624,1,4,6,,distance,levenshtein,2.6584551334381104,0.2571428571428571,1.0,0.4090909090909091,6,success,
97635,1,4,5,,distance,levenshtein,21.496264934539795,0.24324324324324326,1.0,0.391304347826087,5,success,
56085,1,4,3,,distance,levenshtein,7.798309087753296,0.25,1.0,0.4,3,success,
31055,1,2,7,,distance,levenshtein,23.73340106010437,0.25,1.0,0.4,7,success,
89095,1,4,9,,distance,levenshtein,5.561913013458252,0.23684210526315788,1.0,0.3829787234042553,9,success,
51338,1,5,4,,distance,levenshtein,15.281585931777954,0.21951219512195122,1.0,0.36,4,success,
79121,1,5,6,,distance,levenshtein,5.957945108413696,0.2647058823529412,1.0,0.4186046511627907,6,success,
93884,1,3,7,,distance,levenshtein,34.53481388092041,0.391304347826087,1.0,0.5625,7,success,
84787,1,6,5,,distance,levenshtein,4.97747802734375,0.25,1.0,0.4,5,success,
9471,1,4,9,,distance,levenshtein,9.826758861541748,0.25,1.0,0.4,9,success,
36624,1,4,7,,distance,levenshtein,3.9860548973083496,0.1875,0.6666666666666666,0.2926829268292683,7,success,
79820,1,3,10,,distance,levenshtein,8.360606908798218,0.25,1.0,0.4,10,success,
7239,1,3,9,,distance,levenshtein,4.651271820068359,0.3,1.0,0.46153846153846156,9,success,
98846,1,4,8,,distance,levenshtein,6.841187000274658,0.23684210526315788,1.0,0.3829787234042553,8,success,
79820,1,4,2,,distance,levenshtein,0.3872058391571045,0.0,0.0,0.0,2,success,
93344,1,5,9,,distance,levenshtein,9.813854932785034,0.23684210526315788,1.0,0.3829787234042553,9,success,
12153,1,5,5,,distance,levenshtein,25.713291883468628,0.23684210526315788,1.0,0.3829787234042553,5,success,
93884,1,3,8,,distance,levenshtein,2.274883985519409,0.391304347826087,1.0,0.5625,8,success,
72994,1,6,6,,distance,levenshtein,13.730299949645996,0.24324324324324326,1.0,0.391304347826087,6,success,
70332,1,5,5,,distance,levenshtein,29.091655015945435,0.23684210526315788,1.0,0.3829787234042553,5,success,
3075,1,2,5,,distance,levenshtein,23.661527156829834,0.23684210526315788,1.0,0.3829787234042553,5,success,
72994,1,6,7,,distance,levenshtein,0.5222630500793457,0.24324324324324326,1.0,0.391304347826087,7,success,
75385,1,3,6,,distance,levenshtein,40.67509484291077,0.3103448275862069,1.0,0.47368421052631576,6,success,
36624,1,4,8,,distance,levenshtein,2.8371529579162598,0.1875,0.6666666666666666,0.2926829268292683,8,success,
79820,1,4,3,,distance,levenshtein,2.17449688911438,0.25,1.0,0.4,3,success,
7239,1,3,10,,distance,levenshtein,2.5305898189544678,0.3,1.0,0.46153846153846156,10,success,
7239,1,4,2,,distance,levenshtein,0.334165096282959,0.0,0.0,0.0,2,success,
36624,1,4,9,,distance,levenshtein,0.7003278732299805,0.2647058823529412,1.0,0.4186046511627907,9,success,
32584,1,4,4,,distance,levenshtein,24.212728023529053,0.225,1.0,0.3673469387755102,4,success,
72994,1,6,8,,distance,levenshtein,1.7081899642944336,0.24324324324324326,1.0,0.391304347826087,8,success,
93884,1,3,9,,distance,levenshtein,3.568164825439453,0.391304347826087,1.0,0.5625,9,success,
84787,1,6,6,,distance,levenshtein,6.38201379776001,0.25,1.0,0.4,6,success,
98846,1,4,9,,distance,levenshtein,4.839385986328125,0.23684210526315788,1.0,0.3829787234042553,9,success,
72994,1,6,9,,distance,levenshtein,0.9854941368103027,0.24324324324324326,1.0,0.391304347826087,9,success,
59934,1,2,10,,distance,levenshtein,53.19393610954285,0.3333333333333333,0.8888888888888888,0.48484848484848486,10,success,
59934,1,3,2,,distance,levenshtein,0.19942498207092285,0.12162162162162163,1.0,0.21686746987951808,2,success,
75385,1,3,7,,distance,levenshtein,3.95084285736084,0.3103448275862069,1.0,0.47368421052631576,7,success,
51134,1,5,4,,distance,levenshtein,13.799882888793945,0.2647058823529412,1.0,0.4186046511627907,4,success,
70332,1,5,6,,distance,levenshtein,5.035157918930054,0.23684210526315788,1.0,0.3829787234042553,6,success,
9471,1,4,10,,distance,levenshtein,8.226684808731079,0.22857142857142856,0.8888888888888888,0.36363636363636365,10,success,
9471,1,5,2,,distance,levenshtein,0.2606699466705322,0.0,0.0,0.0,2,success,
89095,1,4,10,,distance,levenshtein,10.045344114303589,0.24324324324324326,1.0,0.391304347826087,10,success,
79820,1,4,4,,distance,levenshtein,4.924921989440918,0.25,1.0,0.4,4,success,
59934,1,3,3,,distance,levenshtein,1.3576009273529053,0.36,1.0,0.5294117647058824,3,success,
93344,1,5,10,,distance,levenshtein,7.094860076904297,0.24324324324324326,1.0,0.391304347826087,10,success,
93344,1,6,2,,distance,levenshtein,0.1337418556213379,0.2647058823529412,1.0,0.4186046511627907,2,success,
68503,1,2,9,,distance,levenshtein,32.73869299888611,0.2727272727272727,1.0,0.42857142857142855,9,success,
89095,1,5,2,,distance,levenshtein,0.7063069343566895,0.0,0.0,0.0,2,success,
93344,1,6,3,,distance,levenshtein,0.2513129711151123,0.24324324324324326,1.0,0.391304347826087,3,success,
72994,1,6,10,,distance,levenshtein,2.772017002105713,0.24324324324324326,1.0,0.391304347826087,10,success,
75385,1,3,8,,distance,levenshtein,2.0840961933135986,0.3103448275862069,1.0,0.47368421052631576,8,success,
93344,1,6,4,,distance,levenshtein,0.21006298065185547,0.23684210526315788,1.0,0.3829787234042553,4,success,
79121,1,5,7,,distance,levenshtein,11.409121990203857,0.2647058823529412,1.0,0.4186046511627907,7,success,
93344,1,6,5,,distance,levenshtein,0.5526869297027588,0.21621621621621623,0.8888888888888888,0.34782608695652173,5,success,
8938,1,5,4,,distance,levenshtein,41.6757550239563,0.2727272727272727,1.0,0.42857142857142855,4,success,
72994,2,0,2,,distance,levenshtein,1.7423689365386963,0.11538461538461539,1.0,0.20689655172413793,2,success,
45,1,3,6,,distance,levenshtein,17.3329439163208,0.23076923076923078,1.0,0.375,6,success,
93344,1,6,6,,distance,levenshtein,0.8297162055969238,0.24324324324324326,1.0,0.391304347826087,6,success,
9471,1,5,3,,distance,levenshtein,3.4651381969451904,0.25,1.0,0.4,3,success,
93884,1,3,10,,distance,levenshtein,6.378733158111572,0.391304347826087,1.0,0.5625,10,success,
70332,1,5,7,,distance,levenshtein,4.924416780471802,0.23684210526315788,1.0,0.3829787234042553,7,success,
93884,1,4,2,,distance,levenshtein,0.4771301746368408,0.0,0.0,0.0,2,success,
65447,1,2,5,,distance,levenshtein,225.60326099395752,0.2571428571428571,1.0,0.4090909090909091,5,success,
59934,1,3,4,,distance,levenshtein,4.762911081314087,0.36,1.0,0.5294117647058824,4,success,
39871,1,3,6,,distance,levenshtein,48.28492999076843,0.28125,1.0,0.43902439024390244,6,success,
7239,1,4,3,,distance,levenshtein,9.266690015792847,0.3103448275862069,1.0,0.47368421052631576,3,success,
36624,1,4,10,,distance,levenshtein,9.036350965499878,0.2571428571428571,1.0,0.4090909090909091,10,success,
75385,1,3,9,,distance,levenshtein,3.697180986404419,0.3103448275862069,1.0,0.47368421052631576,9,success,
36624,1,5,2,,distance,levenshtein,0.24399495124816895,0.0,0.0,0.0,2,success,
8938,1,5,5,,distance,levenshtein,3.403182029724121,0.2727272727272727,1.0,0.42857142857142855,5,success,
98846,1,4,10,,distance,levenshtein,8.008888959884644,0.23684210526315788,1.0,0.3829787234042553,10,success,
45,1,3,7,,distance,levenshtein,2.707444906234741,0.23076923076923078,1.0,0.375,7,success,
69007,1,4,10,,distance,levenshtein,24.69280695915222,0.3333333333333333,1.0,0.5,10,success,
98846,1,5,2,,distance,levenshtein,0.41389894485473633,0.0,0.0,0.0,2,success,
69007,1,5,2,,distance,levenshtein,0.4020209312438965,0.0,0.0,0.0,2,success,
6886,1,4,4,,distance,levenshtein,37.214926958084106,0.2571428571428571,1.0,0.4090909090909091,4,success,
70332,1,5,8,,distance,levenshtein,2.4628310203552246,0.23076923076923078,1.0,0.375,8,success,
15852,1,3,5,,distance,levenshtein,21.721122980117798,0.21428571428571427,1.0,0.35294117647058826,5,success,
45,1,3,8,,distance,levenshtein,1.3740029335021973,0.21621621621621623,0.8888888888888888,0.34782608695652173,8,success,
89095,1,5,3,,distance,levenshtein,6.901181936264038,0.23684210526315788,1.0,0.3829787234042553,3,success,
93884,1,4,3,,distance,levenshtein,3.2584099769592285,0.391304347826087,1.0,0.5625,3,success,
36624,1,5,3,,distance,levenshtein,2.32155704498291,0.2647058823529412,1.0,0.4186046511627907,3,success,
93344,1,6,7,,distance,levenshtein,5.743664979934692,0.24324324324324326,1.0,0.391304347826087,7,success,
3075,1,2,6,,distance,levenshtein,15.749130964279175,0.23684210526315788,1.0,0.3829787234042553,6,success,
45,1,3,9,,distance,levenshtein,2.3501369953155518,0.21621621621621623,0.8888888888888888,0.34782608695652173,9,success,
31055,1,2,8,,distance,levenshtein,21.98950695991516,0.25,1.0,0.4,8,success,
69007,1,5,3,,distance,levenshtein,3.6692371368408203,0.3333333333333333,1.0,0.5,3,success,
6886,1,4,5,,distance,levenshtein,3.5446560382843018,0.2647058823529412,1.0,0.4186046511627907,5,success,
56085,1,4,4,,distance,levenshtein,23.32314920425415,0.25,1.0,0.4,4,success,
39871,1,3,7,,distance,levenshtein,6.060462951660156,0.28125,1.0,0.43902439024390244,7,success,
9471,1,5,4,,distance,levenshtein,9.611011028289795,0.25,1.0,0.4,4,success,
6886,1,4,6,,distance,levenshtein,2.3756680488586426,0.2571428571428571,1.0,0.4090909090909091,6,success,
36624,1,5,4,,distance,levenshtein,5.782009840011597,0.2647058823529412,1.0,0.4186046511627907,4,success,
39871,1,3,8,,distance,levenshtein,2.9776041507720947,0.28125,1.0,0.43902439024390244,8,success,
98846,1,5,3,,distance,levenshtein,8.058475017547607,0.23684210526315788,1.0,0.3829787234042553,3,success,
8938,1,5,6,,distance,levenshtein,9.048037052154541,0.2727272727272727,1.0,0.42857142857142855,6,success,
93344,1,6,8,,distance,levenshtein,5.836452007293701,0.20588235294117646,0.7777777777777778,0.32558139534883723,8,success,
75385,1,3,10,,distance,levenshtein,9.927361965179443,0.32142857142857145,1.0,0.4864864864864865,10,success,
75385,1,4,2,,distance,levenshtein,0.2411198616027832,0.0,0.0,0.0,2,success,
70332,1,5,9,,distance,levenshtein,8.148697853088379,0.23684210526315788,1.0,0.3829787234042553,9,success,
9178,1,4,5,,distance,levenshtein,39.87010097503662,0.3103448275862069,1.0,0.47368421052631576,5,success,
84787,1,6,7,,distance,levenshtein,19.499668836593628,0.25,1.0,0.4,7,success,
45,1,3,10,,distance,levenshtein,6.12207293510437,0.23076923076923078,1.0,0.375,10,success,
162,1,4,6,,distance,levenshtein,46.08990693092346,0.2727272727272727,1.0,0.42857142857142855,6,success,
75385,1,4,3,,distance,levenshtein,1.249154806137085,0.3103448275862069,1.0,0.47368421052631576,3,success,
45,1,4,2,,distance,levenshtein,0.3009979724884033,0.0,0.0,0.0,2,success,
93884,1,4,4,,distance,levenshtein,9.421022891998291,0.391304347826087,1.0,0.5625,4,success,
3075,1,2,7,,distance,levenshtein,7.668693780899048,0.23684210526315788,1.0,0.3829787234042553,7,success,
84787,1,6,8,,distance,levenshtein,1.2086780071258545,0.25,1.0,0.4,8,success,
79121,1,5,8,,distance,levenshtein,16.491636037826538,0.2647058823529412,1.0,0.4186046511627907,8,success,
75385,1,4,4,,distance,levenshtein,1.8751468658447266,0.3103448275862069,1.0,0.47368421052631576,4,success,
85303,1,4,5,,distance,levenshtein,164.9408278465271,0.23684210526315788,1.0,0.3829787234042553,5,success,
84787,1,6,9,,distance,levenshtein,0.6642000675201416,0.25,1.0,0.4,9,success,
63198,1,4,7,,distance,levenshtein,73.58047008514404,0.23684210526315788,1.0,0.3829787234042553,7,success,
58656,1,2,7,,distance,levenshtein,37.715620040893555,0.24324324324324326,1.0,0.391304347826087,7,success,
7239,1,4,4,,distance,levenshtein,15.660492897033691,0.27586206896551724,0.8888888888888888,0.42105263157894735,4,success,
59934,1,3,5,,distance,levenshtein,16.273427963256836,0.36,1.0,0.5294117647058824,5,success,
39871,1,3,9,,distance,levenshtein,6.236860036849976,0.28125,1.0,0.43902439024390244,9,success,
63198,1,4,8,,distance,levenshtein,1.3880741596221924,0.24324324324324326,1.0,0.391304347826087,8,success,
162,1,4,7,,distance,levenshtein,4.169388055801392,0.2727272727272727,1.0,0.42857142857142855,7,success,
97635,1,4,6,,distance,levenshtein,35.11632704734802,0.24324324324324326,1.0,0.391304347826087,6,success,
79820,1,4,5,,distance,levenshtein,22.937366008758545,0.25,1.0,0.4,5,success,
51338,1,5,5,,distance,levenshtein,33.56515192985535,0.21951219512195122,1.0,0.36,5,success,
63198,1,4,9,,distance,levenshtein,1.56038498878479,0.24324324324324326,1.0,0.391304347826087,9,success,
84787,1,6,10,,distance,levenshtein,3.9087071418762207,0.25,1.0,0.4,10,success,
31055,1,2,9,,distance,levenshtein,13.304063081741333,0.25,1.0,0.4,9,success,
85303,1,4,6,,distance,levenshtein,4.766386032104492,0.23076923076923078,1.0,0.375,6,success,
93884,1,4,5,,distance,levenshtein,7.178026914596558,0.391304347826087,1.0,0.5625,5,success,
97635,1,4,7,,distance,levenshtein,2.889575958251953,0.24324324324324326,1.0,0.391304347826087,7,success,
84787,2,0,2,,distance,levenshtein,1.1018319129943848,0.2903225806451613,1.0,0.45,2,success,
51338,1,5,6,,distance,levenshtein,2.072577953338623,0.21951219512195122,1.0,0.36,6,success,
6886,1,4,7,,distance,levenshtein,11.49259901046753,0.2571428571428571,1.0,0.4090909090909091,7,success,
45,1,4,3,,distance,levenshtein,8.089852094650269,0.23076923076923078,1.0,0.375,3,success,
39871,1,3,10,,distance,levenshtein,4.24566912651062,0.28125,1.0,0.43902439024390244,10,success,
39871,1,4,2,,distance,levenshtein,0.3867509365081787,0.0,0.0,0.0,2,success,
162,1,4,8,,distance,levenshtein,5.060518026351929,0.2727272727272727,1.0,0.42857142857142855,8,success,
93884,1,4,6,,distance,levenshtein,1.6975998878479004,0.391304347826087,1.0,0.5625,6,success,
93344,1,6,9,,distance,levenshtein,11.83718490600586,0.24324324324324326,1.0,0.391304347826087,9,success,
11517,1,6,8,,distance,levenshtein,59.06322908401489,0.23076923076923078,1.0,0.375,8,success,
51338,1,5,7,,distance,levenshtein,3.4751369953155518,0.225,1.0,0.3673469387755102,7,success,
11517,1,6,9,,distance,levenshtein,0.596451997756958,0.225,1.0,0.3673469387755102,9,success,
87228,1,4,5,,distance,levenshtein,54.12716197967529,0.28125,1.0,0.43902439024390244,5,success,
63198,1,4,10,,distance,levenshtein,6.618873834609985,0.24324324324324326,1.0,0.391304347826087,10,success,
88322,1,2,5,,distance,levenshtein,135.5826051235199,0.24242424242424243,0.8888888888888888,0.38095238095238093,5,success,
63198,1,5,2,,distance,levenshtein,0.2637779712677002,0.0,0.0,0.0,2,success,
39871,1,4,3,,distance,levenshtein,4.217995882034302,0.28125,1.0,0.43902439024390244,3,success,
75385,1,4,5,,distance,levenshtein,12.138203144073486,0.3103448275862069,1.0,0.47368421052631576,5,success,
97635,1,4,8,,distance,levenshtein,6.193557024002075,0.24324324324324326,1.0,0.391304347826087,8,success,
63198,1,5,3,,distance,levenshtein,1.0274858474731445,0.23684210526315788,1.0,0.3829787234042553,3,success,
87228,1,4,6,,distance,levenshtein,1.8086090087890625,0.2647058823529412,1.0,0.4186046511627907,6,success,
11517,1,6,10,,distance,levenshtein,2.346820116043091,0.23076923076923078,1.0,0.375,10,success,
162,1,4,9,,distance,levenshtein,5.3231730461120605,0.2727272727272727,1.0,0.42857142857142855,9,success,
69007,1,5,4,,distance,levenshtein,22.839273929595947,0.3333333333333333,1.0,0.5,4,success,
58656,1,2,8,,distance,levenshtein,12.96958589553833,0.24324324324324326,1.0,0.391304347826087,8,success,
11517,2,0,2,,distance,levenshtein,1.96868896484375,0.24324324324324326,1.0,0.391304347826087,2,success,
33653,1,5,4,,distance,levenshtein,53.51223301887512,0.24324324324324326,1.0,0.391304347826087,4,success,
63198,1,5,4,,distance,levenshtein,2.7686800956726074,0.18181818181818182,0.6666666666666666,0.2857142857142857,4,success,
70332,1,5,10,,distance,levenshtein,18.95186996459961,0.23076923076923078,1.0,0.375,10,success,
87228,1,4,7,,distance,levenshtein,3.0763909816741943,0.2647058823529412,1.0,0.4186046511627907,7,success,
70332,1,6,2,,distance,levenshtein,0.3407011032104492,0.0,0.0,0.0,2,success,
36624,1,5,5,,distance,levenshtein,22.24096703529358,0.2647058823529412,1.0,0.4186046511627907,5,success,
37843,1,5,4,,distance,levenshtein,86.44715189933777,0.28125,1.0,0.43902439024390244,4,success,
85303,1,4,7,,distance,levenshtein,11.501676082611084,0.23684210526315788,1.0,0.3829787234042553,7,success,
51338,1,5,8,,distance,levenshtein,8.069859027862549,0.21951219512195122,1.0,0.36,8,success,
36624,1,5,6,,distance,levenshtein,2.1063690185546875,0.2647058823529412,1.0,0.4186046511627907,6,success,
97635,1,4,9,,distance,levenshtein,6.148223876953125,0.24324324324324326,1.0,0.391304347826087,9,success,
162,1,4,10,,distance,levenshtein,5.4979469776153564,0.28125,1.0,0.43902439024390244,10,success,
162,1,5,2,,distance,levenshtein,0.33225584030151367,0.0,0.0,0.0,2,success,
45,1,4,4,,distance,levenshtein,13.664418935775757,0.23076923076923078,1.0,0.375,4,success,
89095,1,5,4,,distance,levenshtein,31.967889070510864,0.24324324324324326,1.0,0.391304347826087,4,success,
6886,1,4,8,,distance,levenshtein,14.256237030029297,0.2571428571428571,1.0,0.4090909090909091,8,success,
70332,1,6,3,,distance,levenshtein,4.112811803817749,0.23684210526315788,1.0,0.3829787234042553,3,success,
87228,1,4,8,,distance,levenshtein,4.512026071548462,0.2727272727272727,1.0,0.42857142857142855,8,success,
79121,1,5,9,,distance,levenshtein,21.880717039108276,0.2647058823529412,1.0,0.4186046511627907,9,success,
89095,1,5,5,,distance,levenshtein,1.1022098064422607,0.23684210526315788,1.0,0.3829787234042553,5,success,
36624,1,5,7,,distance,levenshtein,2.1602001190185547,0.2647058823529412,1.0,0.4186046511627907,7,success,
59934,1,3,6,,distance,levenshtein,19.959432125091553,0.36,1.0,0.5294117647058824,6,success,
58283,1,5,5,,distance,levenshtein,96.59920501708984,0.2571428571428571,1.0,0.4090909090909091,5,success,
93344,1,6,10,,distance,levenshtein,13.894160032272339,0.24324324324324326,1.0,0.391304347826087,10,success,
162,1,5,3,,distance,levenshtein,2.50838303565979,0.28125,1.0,0.43902439024390244,3,success,
29382,1,4,5,,distance,levenshtein,59.607396841049194,0.225,1.0,0.3673469387755102,5,success,
93344,2,0,2,,distance,levenshtein,1.0811810493469238,0.28125,1.0,0.43902439024390244,2,success,
26253,1,5,4,,distance,levenshtein,67.49116086959839,0.2571428571428571,1.0,0.4090909090909091,4,success,
93884,1,4,7,,distance,levenshtein,15.750343084335327,0.391304347826087,1.0,0.5625,7,success,
37843,1,5,5,,distance,levenshtein,7.792552947998047,0.28125,1.0,0.43902439024390244,5,success,
88322,1,2,6,,distance,levenshtein,13.136008977890015,0.21875,0.7777777777777778,0.34146341463414637,6,success,
51338,1,5,9,,distance,levenshtein,6.09139084815979,0.225,1.0,0.3673469387755102,9,success,
70332,1,6,4,,distance,levenshtein,4.520853042602539,0.23076923076923078,1.0,0.375,4,success,
36624,1,5,8,,distance,levenshtein,4.36821985244751,0.2647058823529412,1.0,0.4186046511627907,8,success,
15852,1,3,6,,distance,levenshtein,39.003085136413574,0.21428571428571427,1.0,0.35294117647058826,6,success,
59934,1,3,7,,distance,levenshtein,4.9076361656188965,0.36,1.0,0.5294117647058824,7,success,
85303,1,4,8,,distance,levenshtein,9.791505813598633,0.23076923076923078,1.0,0.375,8,success,
29382,1,4,6,,distance,levenshtein,4.028048038482666,0.225,1.0,0.3673469387755102,6,success,
39871,1,4,4,,distance,levenshtein,15.99567198753357,0.28125,1.0,0.43902439024390244,4,success,
8938,1,5,7,,distance,levenshtein,32.15164399147034,0.2647058823529412,1.0,0.4186046511627907,7,success,
75385,1,4,6,,distance,levenshtein,15.988663911819458,0.32142857142857145,1.0,0.4864864864864865,6,success,
32584,1,4,5,,distance,levenshtein,52.5988290309906,0.225,1.0,0.3673469387755102,5,success,
58283,1,5,6,,distance,levenshtein,6.687698841094971,0.2571428571428571,1.0,0.4090909090909091,6,success,
70332,1,6,5,,distance,levenshtein,3.5281598567962646,0.23684210526315788,1.0,0.3829787234042553,5,success,
89095,1,5,6,,distance,levenshtein,7.214012145996094,0.23684210526315788,1.0,0.3829787234042553,6,success,
11298,1,3,9,,distance,levenshtein,90.39629483222961,0.2571428571428571,1.0,0.4090909090909091,9,success,
97635,1,4,10,,distance,levenshtein,10.113157987594604,0.24324324324324326,1.0,0.391304347826087,10,success,
97635,1,5,2,,distance,levenshtein,0.4272289276123047,0.0,0.0,0.0,2,success,
87228,1,4,9,,distance,levenshtein,8.956512212753296,0.2727272727272727,1.0,0.42857142857142855,9,success,
26253,1,5,5,,distance,levenshtein,6.952581882476807,0.2571428571428571,1.0,0.4090909090909091,5,success,
70332,1,6,6,,distance,levenshtein,1.960557222366333,0.23684210526315788,1.0,0.3829787234042553,6,success,
15852,1,3,7,,distance,levenshtein,4.324396848678589,0.21428571428571427,1.0,0.35294117647058826,7,success,
36624,1,5,9,,distance,levenshtein,5.830648183822632,0.2571428571428571,1.0,0.4090909090909091,9,success,
59934,1,3,8,,distance,levenshtein,5.621371030807495,0.36,1.0,0.5294117647058824,8,success,
29382,1,4,7,,distance,levenshtein,5.985183000564575,0.225,1.0,0.3673469387755102,7,success,
63198,1,5,5,,distance,levenshtein,17.876631021499634,0.23684210526315788,1.0,0.3829787234042553,5,success,
58283,1,5,7,,distance,levenshtein,4.755712985992432,0.25,1.0,0.4,7,success,
97635,1,5,3,,distance,levenshtein,3.4897689819335938,0.24324324324324326,1.0,0.391304347826087,3,success,
37843,1,5,6,,distance,levenshtein,9.254945039749146,0.2903225806451613,1.0,0.45,6,success,
70332,1,6,7,,distance,levenshtein,2.9730379581451416,0.23684210526315788,1.0,0.3829787234042553,7,success,
28998,1,5,5,,distance,levenshtein,105.48684000968933,0.36,1.0,0.5294117647058824,5,success,
59934,1,3,9,,distance,levenshtein,1.5303418636322021,0.36,1.0,0.5294117647058824,9,success,
39161,1,5,4,,distance,levenshtein,75.08594512939453,0.28125,1.0,0.43902439024390244,4,success,
88322,1,2,7,,distance,levenshtein,9.8521249294281,0.21875,0.7777777777777778,0.34146341463414637,7,success,
70332,1,6,8,,distance,levenshtein,0.6964020729064941,0.23076923076923078,1.0,0.375,8,success,
70332,1,6,9,,distance,levenshtein,0.8954901695251465,0.23076923076923078,1.0,0.375,9,success,
89095,1,5,7,,distance,levenshtein,7.860867023468018,0.23684210526315788,1.0,0.3829787234042553,7,success,
37843,1,5,7,,distance,levenshtein,2.880147933959961,0.28125,1.0,0.43902439024390244,7,success,
56085,1,4,5,,distance,levenshtein,46.419227838516235,0.25,1.0,0.4,5,success,
85303,1,4,9,,distance,levenshtein,10.550452947616577,0.23076923076923078,1.0,0.375,9,success,
51338,1,5,10,,distance,levenshtein,12.787974119186401,0.21951219512195122,1.0,0.36,10,success,
51338,1,6,2,,distance,levenshtein,0.27992796897888184,0.0,0.0,0.0,2,success,
15852,1,3,8,,distance,levenshtein,7.093186140060425,0.21951219512195122,1.0,0.36,8,success,
70332,1,6,10,,distance,levenshtein,1.521500825881958,0.23076923076923078,1.0,0.375,10,success,
59934,1,3,10,,distance,levenshtein,4.021082878112793,0.36,1.0,0.5294117647058824,10,success,
93884,1,4,8,,distance,levenshtein,15.271547079086304,0.391304347826087,1.0,0.5625,8,success,
7239,1,4,5,,distance,levenshtein,38.58712291717529,0.3103448275862069,1.0,0.47368421052631576,5,success,
79820,1,4,6,,distance,levenshtein,36.645715951919556,0.25,1.0,0.4,6,success,
26253,1,5,6,,distance,levenshtein,8.68981385231018,0.2647058823529412,1.0,0.4186046511627907,6,success,
59934,1,4,2,,distance,levenshtein,0.4054689407348633,0.0,0.0,0.0,2,success,
51338,1,6,3,,distance,levenshtein,1.4072208404541016,0.21951219512195122,1.0,0.36,3,success,
89095,1,5,8,,distance,levenshtein,2.586392879486084,0.23684210526315788,1.0,0.3829787234042553,8,success,
70332,2,0,2,,distance,levenshtein,1.1475589275360107,0.28125,1.0,0.43902439024390244,2,success,
32584,1,4,6,,distance,levenshtein,11.708012104034424,0.225,1.0,0.3673469387755102,6,success,
58283,1,5,8,,distance,levenshtein,6.371618986129761,0.25,1.0,0.4,8,success,
39161,1,5,5,,distance,levenshtein,5.451084136962891,0.28125,1.0,0.43902439024390244,5,success,
28998,1,5,6,,distance,levenshtein,6.7855188846588135,0.3333333333333333,0.8888888888888888,0.48484848484848486,6,success,
8938,1,5,8,,distance,levenshtein,14.21763300895691,0.2647058823529412,1.0,0.4186046511627907,8,success,
36624,1,5,10,,distance,levenshtein,9.89983081817627,0.2647058823529412,1.0,0.4186046511627907,10,success,
98846,1,5,4,,distance,levenshtein,48.21315002441406,0.23684210526315788,1.0,0.3829787234042553,4,success,
79820,1,4,7,,distance,levenshtein,3.0635671615600586,0.25,1.0,0.4,7,success,
36624,1,6,2,,distance,levenshtein,0.2636570930480957,0.2727272727272727,1.0,0.42857142857142855,2,success,
36624,1,6,3,,distance,levenshtein,0.6383810043334961,0.2727272727272727,1.0,0.42857142857142855,3,success,
87228,1,4,10,,distance,levenshtein,13.32119107246399,0.2647058823529412,1.0,0.4186046511627907,10,success,
26253,1,5,7,,distance,levenshtein,4.416393995285034,0.2647058823529412,1.0,0.4186046511627907,7,success,
87228,1,5,2,,distance,levenshtein,0.28724002838134766,0.0,0.0,0.0,2,success,
56085,1,4,6,,distance,levenshtein,7.278687953948975,0.25,1.0,0.4,6,success,
89095,1,5,9,,distance,levenshtein,4.647970914840698,0.23684210526315788,1.0,0.3829787234042553,9,success,
59934,1,4,3,,distance,levenshtein,5.7424468994140625,0.36,1.0,0.5294117647058824,3,success,
36624,1,6,4,,distance,levenshtein,1.909848928451538,0.2571428571428571,1.0,0.4090909090909091,4,success,
15852,1,3,9,,distance,levenshtein,7.118322849273682,0.21428571428571427,1.0,0.35294117647058826,9,success,
28998,1,5,7,,distance,levenshtein,4.723794937133789,0.36,1.0,0.5294117647058824,7,success,
9471,1,5,5,,distance,levenshtein,54.06532597541809,0.25,1.0,0.4,5,success,
87228,1,5,3,,distance,levenshtein,2.2082979679107666,0.2727272727272727,1.0,0.42857142857142855,3,success,
51338,1,6,4,,distance,levenshtein,7.52251410484314,0.225,1.0,0.3673469387755102,4,success,
39161,1,5,6,,distance,levenshtein,6.6927289962768555,0.28125,1.0,0.43902439024390244,6,success,
58283,1,5,9,,distance,levenshtein,6.9546918869018555,0.25,1.0,0.4,9,success,
79121,1,5,10,,distance,levenshtein,27.150208950042725,0.2647058823529412,1.0,0.4186046511627907,10,success,
79121,1,6,2,,distance,levenshtein,0.2523648738861084,0.2647058823529412,1.0,0.4186046511627907,2,success,
32584,1,4,7,,distance,levenshtein,8.250268936157227,0.225,1.0,0.3673469387755102,7,success,
36624,1,6,5,,distance,levenshtein,3.009093999862671,0.2571428571428571,1.0,0.4090909090909091,5,success,
79121,1,6,3,,distance,levenshtein,0.3024020195007324,0.2647058823529412,1.0,0.4186046511627907,3,success,
58283,1,5,10,,distance,levenshtein,1.234226942062378,0.25,1.0,0.4,10,success,
7239,1,4,6,,distance,levenshtein,10.075583219528198,0.3103448275862069,1.0,0.47368421052631576,6,success,
9471,1,5,6,,distance,levenshtein,2.7213618755340576,0.25,1.0,0.4,6,success,
58283,1,6,2,,distance,levenshtein,0.3121631145477295,0.0,0.0,0.0,2,success,
79121,1,6,4,,distance,levenshtein,0.8328220844268799,0.2647058823529412,1.0,0.4186046511627907,4,success,
36624,1,6,6,,distance,levenshtein,1.9730429649353027,0.2647058823529412,1.0,0.4186046511627907,6,success,
56085,1,4,7,,distance,levenshtein,5.978264093399048,0.25,1.0,0.4,7,success,
93884,1,4,9,,distance,levenshtein,11.822480916976929,0.391304347826087,1.0,0.5625,9,success,
97635,1,5,4,,distance,levenshtein,17.869364023208618,0.24324324324324326,1.0,0.391304347826087,4,success,
162,1,5,4,,distance,levenshtein,30.27547812461853,0.28125,1.0,0.43902439024390244,4,success,
79121,1,6,5,,distance,levenshtein,1.7871580123901367,0.2647058823529412,1.0,0.4186046511627907,5,success,
65447,1,2,6,,distance,levenshtein,68.31268692016602,0.2647058823529412,1.0,0.4186046511627907,6,success,
28998,1,5,8,,distance,levenshtein,6.331725835800171,0.36,1.0,0.5294117647058824,8,success,
87228,1,5,4,,distance,levenshtein,6.842235803604126,0.2727272727272727,1.0,0.42857142857142855,4,success,
85303,1,4,10,,distance,levenshtein,15.648423910140991,0.23684210526315788,1.0,0.3829787234042553,10,success,
6886,1,4,9,,distance,levenshtein,34.35722899436951,0.2647058823529412,1.0,0.4186046511627907,9,success,
85303,1,5,2,,distance,levenshtein,0.5495069026947021,0.0,0.0,0.0,2,success,
15852,1,3,10,,distance,levenshtein,8.35428500175476,0.21428571428571427,1.0,0.35294117647058826,10,success,
58283,1,6,3,,distance,levenshtein,5.035131931304932,0.25,1.0,0.4,3,success,
15852,1,4,2,,distance,levenshtein,0.3557591438293457,0.0,0.0,0.0,2,success,
79121,1,6,6,,distance,levenshtein,3.2929041385650635,0.2647058823529412,1.0,0.4186046511627907,6,success,
8938,1,5,9,,distance,levenshtein,13.331706047058105,0.2727272727272727,1.0,0.42857142857142855,9,success,
7239,1,4,7,,distance,levenshtein,5.914993047714233,0.27586206896551724,0.8888888888888888,0.42105263157894735,7,success,
9471,1,5,7,,distance,levenshtein,5.994300127029419,0.25,1.0,0.4,7,success,
79820,1,4,8,,distance,levenshtein,13.358134984970093,0.25,1.0,0.4,8,success,
51338,1,6,5,,distance,levenshtein,9.86694598197937,0.21951219512195122,1.0,0.36,5,success,
15852,1,4,3,,distance,levenshtein,2.002729892730713,0.21428571428571427,1.0,0.35294117647058826,3,success,
69007,1,5,5,,distance,levenshtein,45.30420899391174,0.3333333333333333,1.0,0.5,5,success,
85303,1,5,3,,distance,levenshtein,3.7805490493774414,0.25,1.0,0.4,3,success,
37843,1,5,8,,distance,levenshtein,21.248584032058716,0.28125,1.0,0.43902439024390244,8,success,
65447,1,2,7,,distance,levenshtein,5.814621925354004,0.2571428571428571,1.0,0.4090909090909091,7,success,
29382,1,4,8,,distance,levenshtein,25.721848011016846,0.23076923076923078,1.0,0.375,8,success,
59934,1,4,4,,distance,levenshtein,14.274011850357056,0.36,1.0,0.5294117647058824,4,success,
56085,1,4,8,,distance,levenshtein,8.151432037353516,0.25,1.0,0.4,8,success,
51338,1,6,6,,distance,levenshtein,3.006458044052124,0.21951219512195122,1.0,0.36,6,success,
11298,1,3,10,,distance,levenshtein,32.237178802490234,0.24242424242424243,0.8888888888888888,0.38095238095238093,10,success,
11298,1,4,2,,distance,levenshtein,0.21525096893310547,0.0,0.0,0.0,2,success,
79820,1,4,9,,distance,levenshtein,4.885251998901367,0.2571428571428571,1.0,0.4090909090909091,9,success,
9471,1,5,8,,distance,levenshtein,5.353060960769653,0.25,1.0,0.4,8,success,
51338,1,6,7,,distance,levenshtein,1.1188621520996094,0.21951219512195122,1.0,0.36,7,success,
39161,1,5,7,,distance,levenshtein,14.618569135665894,0.28125,1.0,0.43902439024390244,7,success,
11298,1,4,3,,distance,levenshtein,1.391496181488037,0.2727272727272727,1.0,0.42857142857142855,3,success,
26253,1,5,8,,distance,levenshtein,19.008484840393066,0.2571428571428571,1.0,0.4090909090909091,8,success,
79121,1,6,7,,distance,levenshtein,7.898521184921265,0.2647058823529412,1.0,0.4186046511627907,7,success,
79820,1,4,10,,distance,levenshtein,1.4098279476165771,0.25,1.0,0.4,10,success,
11298,1,4,4,,distance,levenshtein,0.9381451606750488,0.2571428571428571,1.0,0.4090909090909091,4,success,
69007,1,5,6,,distance,levenshtein,5.700010061264038,0.3333333333333333,1.0,0.5,6,success,
51338,1,6,8,,distance,levenshtein,2.1713309288024902,0.2,0.8888888888888888,0.32653061224489793,8,success,
79820,1,5,2,,distance,levenshtein,0.41145896911621094,0.0,0.0,0.0,2,success,
93884,1,4,10,,distance,levenshtein,13.399285078048706,0.391304347826087,1.0,0.5625,10,success,
32584,1,4,8,,distance,levenshtein,16.49265694618225,0.225,1.0,0.3673469387755102,8,success,
93884,1,5,2,,distance,levenshtein,0.2694661617279053,0.0,0.0,0.0,2,success,
3075,1,2,8,,distance,levenshtein,68.72208595275879,0.23684210526315788,1.0,0.3829787234042553,8,success,
7239,1,4,8,,distance,levenshtein,9.961470127105713,0.3,1.0,0.46153846153846156,8,success,
93884,1,5,3,,distance,levenshtein,1.7699859142303467,0.391304347826087,1.0,0.5625,3,success,
15852,1,4,4,,distance,levenshtein,10.395003080368042,0.21951219512195122,1.0,0.36,4,success,
58283,1,6,4,,distance,levenshtein,13.072859048843384,0.25,1.0,0.4,4,success,
51338,1,6,9,,distance,levenshtein,2.2563209533691406,0.21951219512195122,1.0,0.36,9,success,
114,1,2,4,,distance,levenshtein,420.34335803985596,0.2903225806451613,1.0,0.45,4,success,
26253,1,5,9,,distance,levenshtein,4.732113838195801,0.2571428571428571,1.0,0.4090909090909091,9,success,
29382,1,4,9,,distance,levenshtein,9.947070837020874,0.23076923076923078,1.0,0.375,9,success,
28998,1,5,9,,distance,levenshtein,15.272172927856445,0.36,1.0,0.5294117647058824,9,success,
6886,1,4,10,,distance,levenshtein,14.459140062332153,0.2571428571428571,1.0,0.4090909090909091,10,success,
79820,1,5,3,,distance,levenshtein,2.3931920528411865,0.25,1.0,0.4,3,success,
63198,1,5,6,,distance,levenshtein,36.78566217422485,0.24324324324324326,1.0,0.391304347826087,6,success,
6886,1,5,2,,distance,levenshtein,0.38333892822265625,0.0,0.0,0.0,2,success,
37843,1,5,9,,distance,levenshtein,11.040646076202393,0.28125,1.0,0.43902439024390244,9,success,
51338,1,6,10,,distance,levenshtein,1.2286391258239746,0.21951219512195122,1.0,0.36,10,success,
58283,1,6,5,,distance,levenshtein,1.8822658061981201,0.2571428571428571,1.0,0.4090909090909091,5,success,
68503,1,2,10,,distance,levenshtein,90.47837591171265,0.2727272727272727,1.0,0.42857142857142855,10,success,
56085,1,4,9,,distance,levenshtein,10.28504490852356,0.25,1.0,0.4,9,success,
68503,1,3,2,,distance,levenshtein,0.26245999336242676,0.0,0.0,0.0,2,success,
79121,1,6,8,,distance,levenshtein,7.575681209564209,0.2647058823529412,1.0,0.4186046511627907,8,success,
58283,1,6,6,,distance,levenshtein,1.9686229228973389,0.25,1.0,0.4,6,success,
51338,2,0,2,,distance,levenshtein,2.208716869354248,0.1232876712328767,1.0,0.21951219512195122,2,success,
85303,1,5,4,,distance,levenshtein,14.292256832122803,0.23684210526315788,1.0,0.3829787234042553,4,success,
88322,1,2,8,,distance,levenshtein,38.115204095840454,0.24242424242424243,0.8888888888888888,0.38095238095238093,8,success,
93884,1,5,4,,distance,levenshtein,5.410927057266235,0.391304347826087,1.0,0.5625,4,success,
6886,1,5,3,,distance,levenshtein,3.2367959022521973,0.2571428571428571,1.0,0.4090909090909091,3,success,
36624,1,6,7,,distance,levenshtein,22.405235052108765,0.2647058823529412,1.0,0.4186046511627907,7,success,
65447,1,2,8,,distance,levenshtein,14.903018951416016,0.2571428571428571,1.0,0.4090909090909091,8,success,
36624,1,6,8,,distance,levenshtein,0.4722878932952881,0.2571428571428571,1.0,0.4090909090909091,8,success,
68503,1,3,3,,distance,levenshtein,3.3023810386657715,0.2727272727272727,1.0,0.42857142857142855,3,success,
36624,1,6,9,,distance,levenshtein,0.5584390163421631,0.2571428571428571,1.0,0.4090909090909091,9,success,
9471,1,5,9,,distance,levenshtein,13.329344034194946,0.2571428571428571,1.0,0.4090909090909091,9,success,
58283,1,6,7,,distance,levenshtein,2.7803800106048584,0.25,1.0,0.4,7,success,
87228,1,5,5,,distance,levenshtein,22.403057098388672,0.2647058823529412,1.0,0.4186046511627907,5,success,
75385,1,4,7,,distance,levenshtein,48.96681880950928,0.3103448275862069,1.0,0.47368421052631576,7,success,
55151,1,2,4,,distance,levenshtein,390.4221510887146,0.25,1.0,0.4,4,success,
36624,1,6,10,,distance,levenshtein,0.6839981079101562,0.2727272727272727,1.0,0.42857142857142855,10,success,
79121,1,6,9,,distance,levenshtein,4.223392963409424,0.2647058823529412,1.0,0.4186046511627907,9,success,
69007,1,5,7,,distance,levenshtein,11.820828914642334,0.3333333333333333,1.0,0.5,7,success,
98846,1,5,5,,distance,levenshtein,35.09808897972107,0.23684210526315788,1.0,0.3829787234042553,5,success,
87228,1,5,6,,distance,levenshtein,1.2390189170837402,0.2727272727272727,1.0,0.42857142857142855,6,success,
39161,1,5,8,,distance,levenshtein,14.889904022216797,0.28125,1.0,0.43902439024390244,8,success,
68503,1,3,4,,distance,levenshtein,3.102710008621216,0.2727272727272727,1.0,0.42857142857142855,4,success,
32584,1,4,9,,distance,levenshtein,12.003906965255737,0.225,1.0,0.3673469387755102,9,success,
36624,2,0,2,,distance,levenshtein,1.556704044342041,0.2903225806451613,1.0,0.45,2,success,
7239,1,4,9,,distance,levenshtein,11.924721956253052,0.3103448275862069,1.0,0.47368421052631576,9,success,
88322,1,2,9,,distance,levenshtein,5.3288798332214355,0.24242424242424243,0.8888888888888888,0.38095238095238093,9,success,
75385,1,4,8,,distance,levenshtein,2.8936610221862793,0.32142857142857145,1.0,0.4864864864864865,8,success,
114,1,2,5,,distance,levenshtein,12.284233093261719,0.2903225806451613,1.0,0.45,5,success,
69007,1,5,8,,distance,levenshtein,4.621869802474976,0.3333333333333333,1.0,0.5,8,success,
6886,1,5,4,,distance,levenshtein,8.716126203536987,0.2571428571428571,1.0,0.4090909090909091,4,success,
87228,1,5,7,,distance,levenshtein,4.4247589111328125,0.28125,1.0,0.43902439024390244,7,success,
9471,1,5,10,,distance,levenshtein,6.261415004730225,0.25,1.0,0.4,10,success,
9471,1,6,2,,distance,levenshtein,0.23221898078918457,0.2571428571428571,1.0,0.4090909090909091,2,success,
98846,1,5,6,,distance,levenshtein,5.687089920043945,0.23684210526315788,1.0,0.3829787234042553,6,success,
45,1,4,5,,distance,levenshtein,65.51740097999573,0.23684210526315788,1.0,0.3829787234042553,5,success,
55151,1,2,5,,distance,levenshtein,8.505497217178345,0.25,1.0,0.4,5,success,
9471,1,6,3,,distance,levenshtein,1.802643060684204,0.2571428571428571,1.0,0.4090909090909091,3,success,
58283,1,6,8,,distance,levenshtein,9.324466943740845,0.25,1.0,0.4,8,success,
8938,1,5,10,,distance,levenshtein,29.49423313140869,0.2647058823529412,1.0,0.4186046511627907,10,success,
8938,1,6,2,,distance,levenshtein,0.28887414932250977,0.2727272727272727,1.0,0.42857142857142855,2,success,
93884,1,5,5,,distance,levenshtein,12.779465198516846,0.391304347826087,1.0,0.5625,5,success,
56085,1,4,10,,distance,levenshtein,15.774234056472778,0.25,1.0,0.4,10,success,
45,1,4,6,,distance,levenshtein,2.3972439765930176,0.23076923076923078,1.0,0.375,6,success,
75385,1,4,9,,distance,levenshtein,7.379647970199585,0.3103448275862069,1.0,0.47368421052631576,9,success,
87228,1,5,8,,distance,levenshtein,4.468793869018555,0.2647058823529412,1.0,0.4186046511627907,8,success,
56085,1,5,2,,distance,levenshtein,0.369218111038208,0.0,0.0,0.0,2,success,
79820,1,5,4,,distance,levenshtein,18.482357025146484,0.22857142857142856,0.8888888888888888,0.36363636363636365,4,success,
37843,1,5,10,,distance,levenshtein,17.437232971191406,0.28125,1.0,0.43902439024390244,10,success,
37843,1,6,2,,distance,levenshtein,0.2658698558807373,0.3,1.0,0.46153846153846156,2,success,
56085,1,5,3,,distance,levenshtein,1.0987660884857178,0.25,1.0,0.4,3,success,
29382,1,4,10,,distance,levenshtein,19.38841700553894,0.225,1.0,0.3673469387755102,10,success,
29382,1,5,2,,distance,levenshtein,0.39411401748657227,0.0,0.0,0.0,2,success,
11298,1,4,5,,distance,levenshtein,25.95081901550293,0.2571428571428571,1.0,0.4090909090909091,5,success,
37843,1,6,3,,distance,levenshtein,1.137779951095581,0.28125,1.0,0.43902439024390244,3,success,
31055,1,2,10,,distance,levenshtein,86.72841191291809,0.25,1.0,0.4,10,success,
28998,1,5,10,,distance,levenshtein,21.07003402709961,0.375,1.0,0.5454545454545454,10,success,
31055,1,3,2,,distance,levenshtein,0.22717809677124023,0.0,0.0,0.0,2,success,
28998,1,6,2,,distance,levenshtein,0.28421497344970703,0.0,0.0,0.0,2,success,
87228,1,5,9,,distance,levenshtein,3.528538942337036,0.28125,1.0,0.43902439024390244,9,success,
9471,1,6,4,,distance,levenshtein,7.129378080368042,0.25,1.0,0.4,4,success,
31055,1,3,3,,distance,levenshtein,1.2255120277404785,0.25,1.0,0.4,3,success,
39871,1,4,5,,distance,levenshtein,65.86812996864319,0.28125,1.0,0.43902439024390244,5,success,
29382,1,5,3,,distance,levenshtein,2.966403007507324,0.23076923076923078,1.0,0.375,3,success,
89095,1,5,10,,distance,levenshtein,47.932466983795166,0.23684210526315788,1.0,0.3829787234042553,10,success,
8938,1,6,3,,distance,levenshtein,7.025890111923218,0.2647058823529412,1.0,0.4186046511627907,3,success,
89095,1,6,2,,distance,levenshtein,0.26448798179626465,0.25,1.0,0.4,2,success,
28998,1,6,3,,distance,levenshtein,1.9983718395233154,0.36,1.0,0.5294117647058824,3,success,
58283,1,6,9,,distance,levenshtein,8.095319032669067,0.25,1.0,0.4,9,success,
69007,1,5,9,,distance,levenshtein,11.759850025177002,0.3333333333333333,1.0,0.5,9,success,
45,1,4,7,,distance,levenshtein,6.644817113876343,0.23076923076923078,1.0,0.375,7,success,
39161,1,5,9,,distance,levenshtein,16.558737993240356,0.28125,1.0,0.43902439024390244,9,success,
75385,1,4,10,,distance,levenshtein,7.121922969818115,0.2857142857142857,0.8888888888888888,0.43243243243243246,10,success,
9178,1,4,6,,distance,levenshtein,100.22387790679932,0.3103448275862069,1.0,0.47368421052631576,6,success,
31055,1,3,4,,distance,levenshtein,2.7864131927490234,0.25,1.0,0.4,4,success,
39871,1,4,6,,distance,levenshtein,2.5574259757995605,0.28125,1.0,0.43902439024390244,6,success,
89095,1,6,3,,distance,levenshtein,2.025718927383423,0.24324324324324326,1.0,0.391304347826087,3,success,
37843,1,6,4,,distance,levenshtein,5.440768003463745,0.2903225806451613,1.0,0.45,4,success,
75385,1,5,2,,distance,levenshtein,0.5154910087585449,0.0,0.0,0.0,2,success,
55151,1,2,6,,distance,levenshtein,10.5603768825531,0.25,1.0,0.4,6,success,
56085,1,5,4,,distance,levenshtein,7.310241937637329,0.25,1.0,0.4,4,success,
98846,1,5,7,,distance,levenshtein,12.463024854660034,0.23684210526315788,1.0,0.3829787234042553,7,success,
8938,1,6,4,,distance,levenshtein,3.9713261127471924,0.2727272727272727,1.0,0.42857142857142855,4,success,
65447,1,2,9,,distance,levenshtein,22.610307931900024,0.2571428571428571,1.0,0.4090909090909091,9,success,
93884,1,5,6,,distance,levenshtein,11.107884883880615,0.391304347826087,1.0,0.5625,6,success,
3075,1,2,9,,distance,levenshtein,32.03504800796509,0.23684210526315788,1.0,0.3829787234042553,9,success,
8938,1,6,5,,distance,levenshtein,0.9484760761260986,0.2727272727272727,1.0,0.42857142857142855,5,success,
39871,1,4,7,,distance,levenshtein,3.3427140712738037,0.28125,1.0,0.43902439024390244,7,success,
28998,1,6,4,,distance,levenshtein,5.69490385055542,0.36,1.0,0.5294117647058824,4,success,
75385,1,5,3,,distance,levenshtein,4.106709957122803,0.3103448275862069,1.0,0.47368421052631576,3,success,
87228,1,5,10,,distance,levenshtein,8.4565269947052,0.28125,1.0,0.43902439024390244,10,success,
51134,1,5,5,,distance,levenshtein,123.14047908782959,0.2727272727272727,1.0,0.42857142857142855,5,success,
31055,1,3,5,,distance,levenshtein,4.781137943267822,0.25,1.0,0.4,5,success,
6886,1,5,5,,distance,levenshtein,18.080641984939575,0.24242424242424243,0.8888888888888888,0.38095238095238093,5,success,
87228,1,6,2,,distance,levenshtein,0.22806501388549805,0.3103448275862069,1.0,0.47368421052631576,2,success,
114,1,2,6,,distance,levenshtein,18.56445288658142,0.2903225806451613,1.0,0.45,6,success,
9471,1,6,5,,distance,levenshtein,8.729186058044434,0.23529411764705882,0.8888888888888888,0.37209302325581395,5,success,
7239,1,4,10,,distance,levenshtein,22.057811975479126,0.3,1.0,0.46153846153846156,10,success,
9178,1,4,7,,distance,levenshtein,6.106141090393066,0.32142857142857145,1.0,0.4864864864864865,7,success,
8938,1,6,6,,distance,levenshtein,2.6536929607391357,0.2727272727272727,1.0,0.42857142857142855,6,success,
87228,1,6,3,,distance,levenshtein,1.1421051025390625,0.2647058823529412,1.0,0.4186046511627907,3,success,
7239,1,5,2,,distance,levenshtein,0.5464999675750732,0.0,0.0,0.0,2,success,
29382,1,5,4,,distance,levenshtein,9.803744792938232,0.23076923076923078,1.0,0.375,4,success,
8938,1,6,7,,distance,levenshtein,1.526731014251709,0.2647058823529412,1.0,0.4186046511627907,7,success,
6886,1,5,6,,distance,levenshtein,2.66749906539917,0.2571428571428571,1.0,0.4090909090909091,6,success,
51134,1,5,6,,distance,levenshtein,3.5116360187530518,0.2727272727272727,1.0,0.42857142857142855,6,success,
79121,1,6,10,,distance,levenshtein,27.941720008850098,0.2647058823529412,1.0,0.4186046511627907,10,success,
9471,1,6,6,,distance,levenshtein,3.4682040214538574,0.2571428571428571,1.0,0.4090909090909091,6,success,
69007,1,5,10,,distance,levenshtein,10.5886070728302,0.3333333333333333,1.0,0.5,10,success,
98846,1,5,8,,distance,levenshtein,8.02576494216919,0.23684210526315788,1.0,0.3829787234042553,8,success,
69007,1,6,2,,distance,levenshtein,0.2780120372772217,0.0,0.0,0.0,2,success,
79121,2,0,2,,distance,levenshtein,1.0532159805297852,0.36,1.0,0.5294117647058824,2,success,
11298,1,4,6,,distance,levenshtein,15.715070009231567,0.2647058823529412,1.0,0.4186046511627907,6,success,
55151,1,2,7,,distance,levenshtein,10.150882005691528,0.25,1.0,0.4,7,success,
68503,1,3,5,,distance,levenshtein,28.96347188949585,0.2727272727272727,1.0,0.42857142857142855,5,success,
87228,1,6,4,,distance,levenshtein,4.541985988616943,0.2727272727272727,1.0,0.42857142857142855,4,success,
9178,1,4,8,,distance,levenshtein,4.804208993911743,0.3103448275862069,1.0,0.47368421052631576,8,success,
8938,1,6,8,,distance,levenshtein,4.113874912261963,0.2647058823529412,1.0,0.4186046511627907,8,success,
39871,1,4,8,,distance,levenshtein,8.198508977890015,0.28125,1.0,0.43902439024390244,8,success,
45,1,4,8,,distance,levenshtein,13.705466032028198,0.23684210526315788,1.0,0.3829787234042553,8,success,
9471,1,6,7,,distance,levenshtein,3.113816976547241,0.23529411764705882,0.8888888888888888,0.37209302325581395,7,success,
69007,1,6,3,,distance,levenshtein,3.026370048522949,0.3333333333333333,1.0,0.5,3,success,
58283,1,6,10,,distance,levenshtein,14.57930588722229,0.2571428571428571,1.0,0.4090909090909091,10,success,
89095,1,6,4,,distance,levenshtein,13.683899164199829,0.24324324324324326,1.0,0.391304347826087,4,success,
68503,1,3,6,,distance,levenshtein,2.9453539848327637,0.2727272727272727,1.0,0.42857142857142855,6,success,
9178,1,4,9,,distance,levenshtein,3.1907379627227783,0.3103448275862069,1.0,0.47368421052631576,9,success,
28998,1,6,5,,distance,levenshtein,11.11649489402771,0.375,1.0,0.5454545454545454,5,success,
6886,1,5,7,,distance,levenshtein,6.936092138290405,0.2647058823529412,1.0,0.4186046511627907,7,success,
58283,2,0,2,,distance,levenshtein,1.8120369911193848,0.28125,1.0,0.43902439024390244,2,success,
51134,1,5,7,,distance,levenshtein,7.020857810974121,0.2647058823529412,1.0,0.4186046511627907,7,success,
32584,1,4,10,,distance,levenshtein,33.60128712654114,0.225,1.0,0.3673469387755102,10,success,
7239,1,5,3,,distance,levenshtein,9.471261024475098,0.3,1.0,0.46153846153846156,3,success,
28998,1,6,6,,distance,levenshtein,1.2853989601135254,0.36,1.0,0.5294117647058824,6,success,
9471,1,6,8,,distance,levenshtein,3.8207719326019287,0.23529411764705882,0.8888888888888888,0.37209302325581395,8,success,
32584,1,5,2,,distance,levenshtein,0.7811219692230225,0.0,0.0,0.0,2,success,
69007,1,6,4,,distance,levenshtein,4.868614912033081,0.3333333333333333,1.0,0.5,4,success,
8938,1,6,9,,distance,levenshtein,6.0790228843688965,0.2727272727272727,1.0,0.42857142857142855,9,success,
87228,1,6,5,,distance,levenshtein,8.087446928024292,0.2647058823529412,1.0,0.4186046511627907,5,success,
9471,1,6,9,,distance,levenshtein,2.1037518978118896,0.25,1.0,0.4,9,success,
98846,1,5,9,,distance,levenshtein,9.239283084869385,0.23684210526315788,1.0,0.3829787234042553,9,success,
56085,1,5,5,,distance,levenshtein,19.438940048217773,0.25,1.0,0.4,5,success,
114,1,2,7,,distance,levenshtein,14.877305030822754,0.2903225806451613,1.0,0.45,7,success,
8938,1,6,10,,distance,levenshtein,1.336348056793213,0.28125,1.0,0.43902439024390244,10,success,
28998,1,6,7,,distance,levenshtein,3.970547914505005,0.375,1.0,0.5454545454545454,7,success,
45,1,4,9,,distance,levenshtein,8.025755167007446,0.23684210526315788,1.0,0.3829787234042553,9,success,
63198,1,5,7,,distance,levenshtein,47.53139591217041,0.17647058823529413,0.6666666666666666,0.27906976744186046,7,success,
68503,1,3,7,,distance,levenshtein,6.987397909164429,0.2727272727272727,1.0,0.42857142857142855,7,success,
8938,2,0,2,,distance,levenshtein,1.6807539463043213,0.34615384615384615,1.0,0.5142857142857142,2,success,
39161,1,5,10,,distance,levenshtein,23.469690084457397,0.28125,1.0,0.43902439024390244,10,success,
87228,1,6,6,,distance,levenshtein,3.6628599166870117,0.2727272727272727,1.0,0.42857142857142855,6,success,
31055,1,3,6,,distance,levenshtein,18.355891942977905,0.25,1.0,0.4,6,success,
39161,1,6,2,,distance,levenshtein,0.32352590560913086,0.012658227848101266,0.1111111111111111,0.022727272727272728,2,success,
63198,1,5,8,,distance,levenshtein,2.223816156387329,0.17142857142857143,0.6666666666666666,0.2727272727272727,8,success,
9178,1,4,10,,distance,levenshtein,10.237653017044067,0.3103448275862069,1.0,0.47368421052631576,10,success,
39161,1,6,3,,distance,levenshtein,2.066318988800049,0.25806451612903225,0.8888888888888888,0.4,3,success,
32584,1,5,3,,distance,levenshtein,8.739803791046143,0.225,1.0,0.3673469387755102,3,success,
15852,1,4,5,,distance,levenshtein,53.942547082901,0.21428571428571427,1.0,0.35294117647058826,5,success,
9471,1,6,10,,distance,levenshtein,6.544301986694336,0.2571428571428571,1.0,0.4090909090909091,10,success,
87228,1,6,7,,distance,levenshtein,2.794605016708374,0.2647058823529412,1.0,0.4186046511627907,7,success,
9178,1,5,2,,distance,levenshtein,0.4082779884338379,0.0,0.0,0.0,2,success,
85303,1,5,5,,distance,levenshtein,49.55402588844299,0.23684210526315788,1.0,0.3829787234042553,5,success,
28998,1,6,8,,distance,levenshtein,5.905036926269531,0.36,1.0,0.5294117647058824,8,success,
79820,1,5,5,,distance,levenshtein,34.913304805755615,0.23529411764705882,0.8888888888888888,0.37209302325581395,5,success,
9471,2,0,2,,distance,levenshtein,0.9489789009094238,0.375,1.0,0.5454545454545454,2,success,
87228,1,6,8,,distance,levenshtein,1.4738359451293945,0.2647058823529412,1.0,0.4186046511627907,8,success,
68503,1,3,8,,distance,levenshtein,6.036448001861572,0.2727272727272727,1.0,0.42857142857142855,8,success,
28998,1,6,9,,distance,levenshtein,0.8961420059204102,0.36,1.0,0.5294117647058824,9,success,
39871,1,4,9,,distance,levenshtein,15.73690915107727,0.28125,1.0,0.43902439024390244,9,success,
87228,1,6,9,,distance,levenshtein,0.7533459663391113,0.2727272727272727,1.0,0.42857142857142855,9,success,
63198,1,5,9,,distance,levenshtein,4.4563000202178955,0.24324324324324326,1.0,0.391304347826087,9,success,
85303,1,5,6,,distance,levenshtein,2.99465012550354,0.23076923076923078,1.0,0.375,6,success,
51134,1,5,8,,distance,levenshtein,13.69491195678711,0.2647058823529412,1.0,0.4186046511627907,8,success,
89095,1,6,5,,distance,levenshtein,16.4465069770813,0.24324324324324326,1.0,0.391304347826087,5,success,
15852,1,4,6,,distance,levenshtein,3.8432700634002686,0.21428571428571427,1.0,0.35294117647058826,6,success,
9178,1,5,3,,distance,levenshtein,4.2226948738098145,0.32142857142857145,1.0,0.4864864864864865,3,success,
89095,1,6,6,,distance,levenshtein,0.983781099319458,0.24324324324324326,1.0,0.391304347826087,6,success,
93884,1,5,7,,distance,levenshtein,29.871099948883057,0.391304347826087,1.0,0.5625,7,success,
79820,1,5,6,,distance,levenshtein,4.364216089248657,0.22857142857142856,0.8888888888888888,0.36363636363636365,6,success,
26253,1,5,10,,distance,levenshtein,59.74490284919739,0.2571428571428571,1.0,0.4090909090909091,10,success,
87228,1,6,10,,distance,levenshtein,3.6120901107788086,0.2727272727272727,1.0,0.42857142857142855,10,success,
26253,1,6,2,,distance,levenshtein,0.27979016304016113,0.2647058823529412,1.0,0.4186046511627907,2,success,
162,1,5,5,,distance,levenshtein,77.83931398391724,0.2727272727272727,1.0,0.42857142857142855,5,success,
63198,1,5,10,,distance,levenshtein,4.053689956665039,0.17142857142857143,0.6666666666666666,0.2727272727272727,10,success,
37843,1,6,5,,distance,levenshtein,34.48298907279968,0.28125,1.0,0.43902439024390244,5,success,
63198,1,6,2,,distance,levenshtein,0.22131109237670898,0.25,1.0,0.4,2,success,
87228,2,0,2,,distance,levenshtein,0.9007599353790283,0.32142857142857145,1.0,0.4864864864864865,2,success,
26253,1,6,3,,distance,levenshtein,1.1003201007843018,0.2647058823529412,1.0,0.4186046511627907,3,success,
28998,1,6,10,,distance,levenshtein,6.181450843811035,0.36,1.0,0.5294117647058824,10,success,
89095,1,6,7,,distance,levenshtein,3.1306490898132324,0.23684210526315788,1.0,0.3829787234042553,7,success,
6886,1,5,8,,distance,levenshtein,19.69145679473877,0.24242424242424243,0.8888888888888888,0.38095238095238093,8,success,
63198,1,6,3,,distance,levenshtein,0.6692349910736084,0.24324324324324326,1.0,0.391304347826087,3,success,
98846,1,5,10,,distance,levenshtein,15.778491973876953,0.23684210526315788,1.0,0.3829787234042553,10,success,
98846,1,6,2,,distance,levenshtein,0.24709391593933105,0.0,0.0,0.0,2,success,
79820,1,5,7,,distance,levenshtein,3.734467029571533,0.22857142857142856,0.8888888888888888,0.36363636363636365,7,success,
45,1,4,10,,distance,levenshtein,14.636075019836426,0.23076923076923078,1.0,0.375,10,success,
37843,1,6,6,,distance,levenshtein,1.7685201168060303,0.28125,1.0,0.43902439024390244,6,success,
28998,2,0,2,,distance,levenshtein,1.2705461978912354,0.25,1.0,0.4,2,success,
3075,1,2,10,,distance,levenshtein,33.664226055145264,0.23684210526315788,1.0,0.3829787234042553,10,success,
45,1,5,2,,distance,levenshtein,0.3194580078125,0.0,0.0,0.0,2,success,
93884,1,5,8,,distance,levenshtein,4.4618659019470215,0.391304347826087,1.0,0.5625,8,success,
3075,1,3,2,,distance,levenshtein,0.17937397956848145,0.14285714285714285,1.0,0.25,2,success,
63198,1,6,4,,distance,levenshtein,1.7175350189208984,0.23684210526315788,1.0,0.3829787234042553,4,success,
68503,1,3,9,,distance,levenshtein,8.353999137878418,0.28125,1.0,0.43902439024390244,9,success,
15852,1,4,7,,distance,levenshtein,6.68530797958374,0.21951219512195122,1.0,0.36,7,success,
98846,1,6,3,,distance,levenshtein,1.408540964126587,0.23684210526315788,1.0,0.3829787234042553,3,success,
85303,1,5,7,,distance,levenshtein,7.366835117340088,0.23076923076923078,1.0,0.375,7,success,
162,1,5,6,,distance,levenshtein,3.695526123046875,0.28125,1.0,0.43902439024390244,6,success,
39871,1,4,10,,distance,levenshtein,8.942277908325195,0.28125,1.0,0.43902439024390244,10,success,
89095,1,6,8,,distance,levenshtein,2.4543838500976562,0.24324324324324326,1.0,0.391304347826087,8,success,
63198,1,6,5,,distance,levenshtein,0.9291789531707764,0.24324324324324326,1.0,0.391304347826087,5,success,
3075,1,3,3,,distance,levenshtein,1.0927209854125977,0.23684210526315788,1.0,0.3829787234042553,3,success,
39871,1,5,2,,distance,levenshtein,0.3659088611602783,0.0,0.0,0.0,2,success,
15852,1,4,8,,distance,levenshtein,0.8285717964172363,0.21428571428571427,1.0,0.35294117647058826,8,success,
26253,1,6,4,,distance,levenshtein,3.6095378398895264,0.2571428571428571,1.0,0.4090909090909091,4,success,
97635,1,5,5,,distance,levenshtein,83.8531551361084,0.24324324324324326,1.0,0.391304347826087,5,success,
31055,1,3,7,,distance,levenshtein,15.896032810211182,0.25,1.0,0.4,7,success,
29382,1,5,5,,distance,levenshtein,32.74223804473877,0.225,1.0,0.3673469387755102,5,success,
45,1,5,3,,distance,levenshtein,2.871471881866455,0.23684210526315788,1.0,0.3829787234042553,3,success,
12153,1,5,6,,distance,levenshtein,165.39535403251648,0.23684210526315788,1.0,0.3829787234042553,6,success,
93884,1,5,9,,distance,levenshtein,3.7748029232025146,0.391304347826087,1.0,0.5625,9,success,
37843,1,6,7,,distance,levenshtein,4.90586519241333,0.2903225806451613,1.0,0.45,7,success,
79820,1,5,8,,distance,levenshtein,5.4586639404296875,0.25,1.0,0.4,8,success,
69007,1,6,5,,distance,levenshtein,24.071866989135742,0.3333333333333333,1.0,0.5,5,success,
68503,1,3,10,,distance,levenshtein,4.544373035430908,0.2727272727272727,1.0,0.42857142857142855,10,success,
39871,1,5,3,,distance,levenshtein,3.8532559871673584,0.25806451612903225,0.8888888888888888,0.4,3,success,
68503,1,4,2,,distance,levenshtein,0.318436861038208,0.0,0.0,0.0,2,success,
32584,1,5,4,,distance,levenshtein,16.95029902458191,0.225,1.0,0.3673469387755102,4,success,
89095,1,6,9,,distance,levenshtein,4.75686502456665,0.24324324324324326,1.0,0.391304347826087,9,success,
3075,1,3,4,,distance,levenshtein,4.927014112472534,0.23684210526315788,1.0,0.3829787234042553,4,success,
97635,1,5,6,,distance,levenshtein,4.99075984954834,0.24324324324324326,1.0,0.391304347826087,6,success,
69007,1,6,6,,distance,levenshtein,1.7231709957122803,0.3333333333333333,1.0,0.5,6,success,
45,1,5,4,,distance,levenshtein,4.338545083999634,0.21052631578947367,0.8888888888888888,0.3404255319148936,4,success,
37843,1,6,8,,distance,levenshtein,2.097585916519165,0.2903225806451613,1.0,0.45,8,success,
89095,1,6,10,,distance,levenshtein,0.9451351165771484,0.23684210526315788,1.0,0.3829787234042553,10,success,
31055,1,3,8,,distance,levenshtein,5.045295000076294,0.25,1.0,0.4,8,success,
98846,1,6,4,,distance,levenshtein,7.385799169540405,0.23684210526315788,1.0,0.3829787234042553,4,success,
12153,1,5,7,,distance,levenshtein,5.2431960105896,0.24324324324324326,1.0,0.391304347826087,7,success,
89095,2,0,2,,distance,levenshtein,1.0720858573913574,0.32142857142857145,1.0,0.4864864864864865,2,success,
6886,1,5,9,,distance,levenshtein,10.61756706237793,0.2647058823529412,1.0,0.4186046511627907,9,success,
33653,1,5,5,,distance,levenshtein,128.40225100517273,0.24324324324324326,1.0,0.391304347826087,5,success,
15852,1,4,9,,distance,levenshtein,7.362788915634155,0.21428571428571427,1.0,0.35294117647058826,9,success,
51134,1,5,9,,distance,levenshtein,15.992480993270874,0.2727272727272727,1.0,0.42857142857142855,9,success,
69007,1,6,7,,distance,levenshtein,3.0852978229522705,0.3333333333333333,1.0,0.5,7,success,
68503,1,4,3,,distance,levenshtein,4.527540922164917,0.2727272727272727,1.0,0.42857142857142855,3,success,
93884,1,5,10,,distance,levenshtein,6.787590980529785,0.391304347826087,1.0,0.5625,10,success,
11298,1,4,7,,distance,levenshtein,38.31113004684448,0.2571428571428571,1.0,0.4090909090909091,7,success,
97635,1,5,7,,distance,levenshtein,3.984724998474121,0.24324324324324326,1.0,0.391304347826087,7,success,
7239,1,5,4,,distance,levenshtein,32.34837102890015,0.3103448275862069,1.0,0.47368421052631576,4,success,
93884,1,6,2,,distance,levenshtein,0.27901697158813477,0.0,0.0,0.0,2,success,
162,1,5,7,,distance,levenshtein,11.23849081993103,0.2727272727272727,1.0,0.42857142857142855,7,success,
37843,1,6,9,,distance,levenshtein,5.107736110687256,0.28125,1.0,0.43902439024390244,9,success,
59934,1,4,5,,distance,levenshtein,86.72712802886963,0.36,1.0,0.5294117647058824,5,success,
39161,1,6,4,,distance,levenshtein,24.319730043411255,0.28125,1.0,0.43902439024390244,4,success,
12153,1,5,8,,distance,levenshtein,3.872493028640747,0.23684210526315788,1.0,0.3829787234042553,8,success,
26253,1,6,5,,distance,levenshtein,11.94436502456665,0.2647058823529412,1.0,0.4186046511627907,5,success,
93884,1,6,3,,distance,levenshtein,1.9516239166259766,0.391304347826087,1.0,0.5625,3,success,
39871,1,5,4,,distance,levenshtein,8.617822885513306,0.28125,1.0,0.43902439024390244,4,success,
69007,1,6,8,,distance,levenshtein,3.5511298179626465,0.3333333333333333,1.0,0.5,8,success,
32584,1,5,5,,distance,levenshtein,8.471926927566528,0.225,1.0,0.3673469387755102,5,success,
85303,1,5,8,,distance,levenshtein,14.42645001411438,0.23076923076923078,1.0,0.375,8,success,
11298,1,4,8,,distance,levenshtein,3.815463066101074,0.2571428571428571,1.0,0.4090909090909091,8,success,
31055,1,3,9,,distance,levenshtein,7.422384977340698,0.25,1.0,0.4,9,success,
33653,1,5,6,,distance,levenshtein,6.430721044540405,0.24324324324324326,1.0,0.391304347826087,6,success,
79820,1,5,9,,distance,levenshtein,10.739917039871216,0.25,1.0,0.4,9,success,
59934,1,4,6,,distance,levenshtein,2.9894909858703613,0.36,1.0,0.5294117647058824,6,success,
97635,1,5,8,,distance,levenshtein,4.5843799114227295,0.24324324324324326,1.0,0.391304347826087,8,success,
26253,1,6,6,,distance,levenshtein,3.1426970958709717,0.2571428571428571,1.0,0.4090909090909091,6,success,
88322,1,2,10,,distance,levenshtein,71.85044693946838,0.24242424242424243,0.8888888888888888,0.38095238095238093,10,success,
69007,1,6,9,,distance,levenshtein,3.6712329387664795,0.3333333333333333,1.0,0.5,9,success,
12153,1,5,9,,distance,levenshtein,4.895204782485962,0.23684210526315788,1.0,0.3829787234042553,9,success,
3075,1,3,5,,distance,levenshtein,12.440346002578735,0.23684210526315788,1.0,0.3829787234042553,5,success,
88322,1,3,2,,distance,levenshtein,0.29780006408691406,0.0,0.0,0.0,2,success,
32584,1,5,6,,distance,levenshtein,3.7810020446777344,0.225,1.0,0.3673469387755102,6,success,
88322,1,3,3,,distance,levenshtein,0.9045078754425049,0.2647058823529412,1.0,0.4186046511627907,3,success,
26253,1,6,7,,distance,levenshtein,2.931311845779419,0.2571428571428571,1.0,0.4090909090909091,7,success,
45,1,5,5,,distance,levenshtein,13.213763952255249,0.23076923076923078,1.0,0.375,5,success,
37843,1,6,10,,distance,levenshtein,6.944417953491211,0.2903225806451613,1.0,0.45,10,success,
11298,1,4,9,,distance,levenshtein,5.2518370151519775,0.2647058823529412,1.0,0.4186046511627907,9,success,
26253,1,6,8,,distance,levenshtein,1.042083978652954,0.2571428571428571,1.0,0.4090909090909091,8,success,
6886,1,5,10,,distance,levenshtein,12.644726037979126,0.2571428571428571,1.0,0.4090909090909091,10,success,
6886,1,6,2,,distance,levenshtein,0.3142890930175781,0.01282051282051282,0.1111111111111111,0.022988505747126436,2,success,
59934,1,4,7,,distance,levenshtein,5.993595838546753,0.36,1.0,0.5294117647058824,7,success,
15852,1,4,10,,distance,levenshtein,13.26608681678772,0.21428571428571427,1.0,0.35294117647058826,10,success,
37843,2,0,2,,distance,levenshtein,2.241036891937256,0.3103448275862069,1.0,0.47368421052631576,2,success,
9178,1,5,4,,distance,levenshtein,29.947608947753906,0.3103448275862069,1.0,0.47368421052631576,4,success,
98846,1,6,5,,distance,levenshtein,15.473926067352295,0.23684210526315788,1.0,0.3829787234042553,5,success,
26253,1,6,9,,distance,levenshtein,1.7085151672363281,0.2571428571428571,1.0,0.4090909090909091,9,success,
15852,1,5,2,,distance,levenshtein,0.49239492416381836,0.0,0.0,0.0,2,success,
68503,1,4,4,,distance,levenshtein,13.291763067245483,0.2727272727272727,1.0,0.42857142857142855,4,success,
31055,1,3,10,,distance,levenshtein,8.131139993667603,0.25,1.0,0.4,10,success,
63198,1,6,6,,distance,levenshtein,23.41054606437683,0.24324324324324326,1.0,0.391304347826087,6,success,
98846,1,6,6,,distance,levenshtein,0.9418540000915527,0.23684210526315788,1.0,0.3829787234042553,6,success,
31055,1,4,2,,distance,levenshtein,0.45267796516418457,0.0,0.0,0.0,2,success,
26253,1,6,10,,distance,levenshtein,1.0617470741271973,0.2571428571428571,1.0,0.4090909090909091,10,success,
88322,1,3,4,,distance,levenshtein,5.011780023574829,0.2647058823529412,1.0,0.4186046511627907,4,success,
162,1,5,8,,distance,levenshtein,13.133763074874878,0.2727272727272727,1.0,0.42857142857142855,8,success,
11298,1,4,10,,distance,levenshtein,5.3413331508636475,0.2571428571428571,1.0,0.4090909090909091,10,success,
97635,1,5,9,,distance,levenshtein,10.13887906074524,0.24324324324324326,1.0,0.391304347826087,9,success,
69007,1,6,10,,distance,levenshtein,8.043027877807617,0.3333333333333333,1.0,0.5,10,success,
51134,1,5,10,,distance,levenshtein,17.247742891311646,0.2647058823529412,1.0,0.4186046511627907,10,success,
85303,1,5,9,,distance,levenshtein,11.413045883178711,0.23076923076923078,1.0,0.375,9,success,
6886,1,6,3,,distance,levenshtein,4.610142946243286,0.23529411764705882,0.8888888888888888,0.37209302325581395,3,success,
26253,2,0,2,,distance,levenshtein,2.0417098999023438,0.3103448275862069,1.0,0.47368421052631576,2,success,
51134,1,6,2,,distance,levenshtein,0.18526601791381836,0.2727272727272727,1.0,0.42857142857142855,2,success,
11298,1,5,2,,distance,levenshtein,0.39134788513183594,0.0,0.0,0.0,2,success,
51134,1,6,3,,distance,levenshtein,0.5893940925598145,0.2727272727272727,1.0,0.42857142857142855,3,success,
79820,1,5,10,,distance,levenshtein,11.907857894897461,0.25,1.0,0.4,10,success,
69007,2,0,2,,distance,levenshtein,1.0801000595092773,0.3333333333333333,1.0,0.5,2,success,
12153,1,5,10,,distance,levenshtein,9.646028995513916,0.23684210526315788,1.0,0.3829787234042553,10,success,
79820,1,6,2,,distance,levenshtein,0.3192918300628662,0.012658227848101266,0.1111111111111111,0.022727272727272728,2,success,
15852,1,5,3,,distance,levenshtein,4.929613828659058,0.21428571428571427,1.0,0.35294117647058826,3,success,
93884,1,6,4,,distance,levenshtein,15.377765893936157,0.391304347826087,1.0,0.5625,4,success,
98846,1,6,7,,distance,levenshtein,3.9943768978118896,0.23684210526315788,1.0,0.3829787234042553,7,success,
12153,1,6,2,,distance,levenshtein,0.19771718978881836,0.0,0.0,0.0,2,success,
31055,1,4,3,,distance,levenshtein,4.509407997131348,0.25,1.0,0.4,3,success,
55151,1,2,8,,distance,levenshtein,56.78677415847778,0.25,1.0,0.4,8,success,
12153,1,6,3,,distance,levenshtein,0.8345592021942139,0.23684210526315788,1.0,0.3829787234042553,3,success,
79820,1,6,3,,distance,levenshtein,2.46040415763855,0.23529411764705882,0.8888888888888888,0.37209302325581395,3,success,
12153,1,6,4,,distance,levenshtein,2.2073099613189697,0.24324324324324326,1.0,0.391304347826087,4,success,
11298,1,5,3,,distance,levenshtein,5.337188959121704,0.2571428571428571,1.0,0.4090909090909091,3,success,
39161,1,6,5,,distance,levenshtein,20.14305019378662,0.25806451612903225,0.8888888888888888,0.4,5,success,
51134,1,6,4,,distance,levenshtein,5.2183098793029785,0.2727272727272727,1.0,0.42857142857142855,4,success,
98846,1,6,8,,distance,levenshtein,4.145193099975586,0.23684210526315788,1.0,0.3829787234042553,8,success,
56085,1,5,6,,distance,levenshtein,51.437320947647095,0.25,1.0,0.4,6,success,
59934,1,4,8,,distance,levenshtein,11.919589042663574,0.36,1.0,0.5294117647058824,8,success,
39161,1,6,6,,distance,levenshtein,1.8626258373260498,0.25806451612903225,0.8888888888888888,0.4,6,success,
162,1,5,9,,distance,levenshtein,8.6926748752594,0.2727272727272727,1.0,0.42857142857142855,9,success,
33653,1,5,7,,distance,levenshtein,19.199508905410767,0.24324324324324326,1.0,0.391304347826087,7,success,
98846,1,6,9,,distance,levenshtein,1.6252989768981934,0.23684210526315788,1.0,0.3829787234042553,9,success,
12153,1,6,5,,distance,levenshtein,3.8425939083099365,0.23684210526315788,1.0,0.3829787234042553,5,success,
51134,1,6,5,,distance,levenshtein,3.2905731201171875,0.2647058823529412,1.0,0.4186046511627907,5,success,
39161,1,6,7,,distance,levenshtein,1.7196040153503418,0.28125,1.0,0.43902439024390244,7,success,
56085,1,5,7,,distance,levenshtein,3.161787986755371,0.25,1.0,0.4,7,success,
98846,1,6,10,,distance,levenshtein,2.1231260299682617,0.23684210526315788,1.0,0.3829787234042553,10,success,
29382,1,5,6,,distance,levenshtein,36.24095916748047,0.225,1.0,0.3673469387755102,6,success,
59934,1,4,9,,distance,levenshtein,3.87575101852417,0.36,1.0,0.5294117647058824,9,success,
88322,1,3,5,,distance,levenshtein,14.152951002120972,0.2647058823529412,1.0,0.4186046511627907,5,success,
98846,2,0,2,,distance,levenshtein,1.1486339569091797,0.2962962962962963,0.8888888888888888,0.4444444444444444,2,success,
85303,1,5,10,,distance,levenshtein,11.996724843978882,0.23076923076923078,1.0,0.375,10,success,
85303,1,6,2,,distance,levenshtein,0.19426703453063965,0.23684210526315788,1.0,0.3829787234042553,2,success,
85303,1,6,3,,distance,levenshtein,0.5309650897979736,0.23076923076923078,1.0,0.375,3,success,
85303,1,6,4,,distance,levenshtein,0.9617490768432617,0.23684210526315788,1.0,0.3829787234042553,4,success,
63198,1,6,7,,distance,levenshtein,17.858685970306396,0.24324324324324326,1.0,0.391304347826087,7,success,
51134,1,6,6,,distance,levenshtein,5.499679088592529,0.2647058823529412,1.0,0.4186046511627907,6,success,
29382,1,5,7,,distance,levenshtein,3.9518730640411377,0.225,1.0,0.3673469387755102,7,success,
12153,1,6,6,,distance,levenshtein,6.3286731243133545,0.24324324324324326,1.0,0.391304347826087,6,success,
32584,1,5,7,,distance,levenshtein,24.114078044891357,0.20512820512820512,0.8888888888888888,0.3333333333333333,7,success,
75385,1,5,4,,distance,levenshtein,77.39205002784729,0.3103448275862069,1.0,0.47368421052631576,4,success,
56085,1,5,8,,distance,levenshtein,6.583307981491089,0.22857142857142856,0.8888888888888888,0.36363636363636365,8,success,
85303,1,6,5,,distance,levenshtein,2.131453037261963,0.23076923076923078,1.0,0.375,5,success,
39161,1,6,8,,distance,levenshtein,7.5622169971466064,0.28125,1.0,0.43902439024390244,8,success,
29382,1,5,8,,distance,levenshtein,3.293370008468628,0.225,1.0,0.3673469387755102,8,success,
6886,1,6,4,,distance,levenshtein,19.678045988082886,0.24242424242424243,0.8888888888888888,0.38095238095238093,4,success,
97635,1,5,10,,distance,levenshtein,19.750845909118652,0.24324324324324326,1.0,0.391304347826087,10,success,
79820,1,6,4,,distance,levenshtein,15.629606008529663,0.18181818181818182,0.6666666666666666,0.2857142857142857,4,success,
56085,1,5,9,,distance,levenshtein,2.429213047027588,0.25,1.0,0.4,9,success,
97635,1,6,2,,distance,levenshtein,0.26587891578674316,0.0,0.0,0.0,2,success,
6886,1,6,5,,distance,levenshtein,1.046877145767212,0.2571428571428571,1.0,0.4090909090909091,5,success,
85303,1,6,6,,distance,levenshtein,4.204766035079956,0.25,1.0,0.4,6,success,
33653,1,5,8,,distance,levenshtein,13.204735040664673,0.24324324324324326,1.0,0.391304347826087,8,success,
97635,1,6,3,,distance,levenshtein,1.4135918617248535,0.24324324324324326,1.0,0.391304347826087,3,success,
55151,1,2,9,,distance,levenshtein,19.089842081069946,0.25,1.0,0.4,9,success,
6886,1,6,6,,distance,levenshtein,3.1918270587921143,0.2571428571428571,1.0,0.4090909090909091,6,success,
39161,1,6,9,,distance,levenshtein,6.722175121307373,0.25806451612903225,0.8888888888888888,0.4,9,success,
65447,1,2,10,,distance,levenshtein,88.6940450668335,0.2647058823529412,1.0,0.4186046511627907,10,success,
65447,1,3,2,,distance,levenshtein,0.22277402877807617,0.125,0.8888888888888888,0.2191780821917808,2,success,
65447,1,3,3,,distance,levenshtein,1.0976998805999756,0.2647058823529412,1.0,0.4186046511627907,3,success,
12153,1,6,7,,distance,levenshtein,11.898831844329834,0.23684210526315788,1.0,0.3829787234042553,7,success,
15852,1,5,4,,distance,levenshtein,26.31288194656372,0.21428571428571427,1.0,0.35294117647058826,4,success,
29382,1,5,9,,distance,levenshtein,7.8764729499816895,0.23076923076923078,1.0,0.375,9,success,
59934,1,4,10,,distance,levenshtein,15.621495008468628,0.36,1.0,0.5294117647058824,10,success,
56085,1,5,10,,distance,levenshtein,7.789351940155029,0.22857142857142856,0.8888888888888888,0.36363636363636365,10,success,
51134,1,6,7,,distance,levenshtein,13.205810070037842,0.2647058823529412,1.0,0.4186046511627907,7,success,
45,1,5,6,,distance,levenshtein,35.97936296463013,0.21052631578947367,0.8888888888888888,0.3404255319148936,6,success,
56085,1,6,2,,distance,levenshtein,0.31215405464172363,0.0,0.0,0.0,2,success,
59934,1,5,2,,distance,levenshtein,0.7915270328521729,0.0,0.0,0.0,2,success,
6886,1,6,7,,distance,levenshtein,4.53486180305481,0.2571428571428571,1.0,0.4090909090909091,7,success,
12153,1,6,8,,distance,levenshtein,1.9640932083129883,0.23684210526315788,1.0,0.3829787234042553,8,success,
93884,1,6,5,,distance,levenshtein,28.899415969848633,0.391304347826087,1.0,0.5625,5,success,
51134,1,6,8,,distance,levenshtein,1.4042189121246338,0.2647058823529412,1.0,0.4186046511627907,8,success,
162,1,5,10,,distance,levenshtein,22.525742053985596,0.2727272727272727,1.0,0.42857142857142855,10,success,
3075,1,3,6,,distance,levenshtein,40.00197911262512,0.23684210526315788,1.0,0.3829787234042553,6,success,
51134,1,6,9,,distance,levenshtein,0.5402929782867432,0.2647058823529412,1.0,0.4186046511627907,9,success,
162,1,6,2,,distance,levenshtein,0.21445918083190918,0.0,0.0,0.0,2,success,
31055,1,4,4,,distance,levenshtein,29.931823015213013,0.25,1.0,0.4,4,success,
162,1,6,3,,distance,levenshtein,0.5044047832489014,0.28125,1.0,0.43902439024390244,3,success,
12153,1,6,9,,distance,levenshtein,2.1935441493988037,0.23684210526315788,1.0,0.3829787234042553,9,success,
65447,1,3,4,,distance,levenshtein,5.188208103179932,0.23529411764705882,0.8888888888888888,0.37209302325581395,4,success,
59934,1,5,3,,distance,levenshtein,3.5198559761047363,0.36,1.0,0.5294117647058824,3,success,
39161,1,6,10,,distance,levenshtein,7.013293027877808,0.28125,1.0,0.43902439024390244,10,success,
93884,1,6,6,,distance,levenshtein,2.5660650730133057,0.391304347826087,1.0,0.5625,6,success,
79820,1,6,5,,distance,levenshtein,13.59867787361145,0.22857142857142856,0.8888888888888888,0.36363636363636365,5,success,
39161,2,0,2,,distance,levenshtein,0.8178739547729492,0.28125,1.0,0.43902439024390244,2,success,
85303,1,6,7,,distance,levenshtein,12.450304985046387,0.25,1.0,0.4,7,success,
12153,1,6,10,,distance,levenshtein,1.4972529411315918,0.24324324324324326,1.0,0.391304347826087,10,success,
85303,1,6,8,,distance,levenshtein,0.2809128761291504,0.23076923076923078,1.0,0.375,8,success,
51134,1,6,10,,distance,levenshtein,3.0394580364227295,0.2647058823529412,1.0,0.4186046511627907,10,success,
56085,1,6,3,,distance,levenshtein,5.7246339321136475,0.22857142857142856,0.8888888888888888,0.36363636363636365,3,success,
162,1,6,4,,distance,levenshtein,2.4702861309051514,0.2727272727272727,1.0,0.42857142857142855,4,success,
97635,1,6,4,,distance,levenshtein,13.253674030303955,0.24324324324324326,1.0,0.391304347826087,4,success,
29382,1,5,10,,distance,levenshtein,6.83130407333374,0.23076923076923078,1.0,0.375,10,success,
3075,1,3,7,,distance,levenshtein,4.086225986480713,0.23684210526315788,1.0,0.3829787234042553,7,success,
29382,1,6,2,,distance,levenshtein,0.22335600852966309,0.0,0.0,0.0,2,success,
12153,2,0,2,,distance,levenshtein,0.8569209575653076,0.25,1.0,0.4,2,success,
85303,1,6,9,,distance,levenshtein,0.6923930644989014,0.23076923076923078,1.0,0.375,9,success,
45,1,5,7,,distance,levenshtein,6.577912092208862,0.23076923076923078,1.0,0.375,7,success,
51134,2,0,2,,distance,levenshtein,1.0470550060272217,0.28125,1.0,0.43902439024390244,2,success,
79820,1,6,6,,distance,levenshtein,2.6217539310455322,0.22857142857142856,0.8888888888888888,0.36363636363636365,6,success,
6886,1,6,8,,distance,levenshtein,6.873521089553833,0.2571428571428571,1.0,0.4090909090909091,8,success,
93884,1,6,7,,distance,levenshtein,3.335116147994995,0.391304347826087,1.0,0.5625,7,success,
97635,1,6,5,,distance,levenshtein,1.8207910060882568,0.24324324324324326,1.0,0.391304347826087,5,success,
3075,1,3,8,,distance,levenshtein,1.3252880573272705,0.23684210526315788,1.0,0.3829787234042553,8,success,
33653,1,5,9,,distance,levenshtein,15.514920949935913,0.24324324324324326,1.0,0.391304347826087,9,success,
29382,1,6,3,,distance,levenshtein,2.7495288848876953,0.21052631578947367,0.8888888888888888,0.3404255319148936,3,success,
162,1,6,5,,distance,levenshtein,3.701308012008667,0.2727272727272727,1.0,0.42857142857142855,5,success,
85303,1,6,10,,distance,levenshtein,2.7269041538238525,0.23076923076923078,1.0,0.375,10,success,
63198,1,6,8,,distance,levenshtein,23.990211963653564,0.23684210526315788,1.0,0.3829787234042553,8,success,
65447,1,3,5,,distance,levenshtein,6.777297019958496,0.2571428571428571,1.0,0.4090909090909091,5,success,
11298,1,5,4,,distance,levenshtein,34.45754289627075,0.2571428571428571,1.0,0.4090909090909091,4,success,
56085,1,6,4,,distance,levenshtein,5.183826923370361,0.22857142857142856,0.8888888888888888,0.36363636363636365,4,success,
79820,1,6,7,,distance,levenshtein,3.6636710166931152,0.25,1.0,0.4,7,success,
85303,2,0,2,,distance,levenshtein,1.3012058734893799,0.3,1.0,0.46153846153846156,2,success,
93884,1,6,8,,distance,levenshtein,3.6960089206695557,0.391304347826087,1.0,0.5625,8,success,
63198,1,6,9,,distance,levenshtein,1.9379401206970215,0.23684210526315788,1.0,0.3829787234042553,9,success,
45,1,5,8,,distance,levenshtein,5.156543970108032,0.23076923076923078,1.0,0.375,8,success,
97635,1,6,6,,distance,levenshtein,4.352825164794922,0.24324324324324326,1.0,0.391304347826087,6,success,
3075,1,3,9,,distance,levenshtein,4.490026950836182,0.23684210526315788,1.0,0.3829787234042553,9,success,
79820,1,6,8,,distance,levenshtein,1.799252986907959,0.25,1.0,0.4,8,success,
63198,1,6,10,,distance,levenshtein,1.0616161823272705,0.23684210526315788,1.0,0.3829787234042553,10,success,
93884,1,6,9,,distance,levenshtein,1.8624038696289062,0.391304347826087,1.0,0.5625,9,success,
11298,1,5,5,,distance,levenshtein,3.106688976287842,0.2647058823529412,1.0,0.4186046511627907,5,success,
88322,1,3,6,,distance,levenshtein,32.0409619808197,0.2647058823529412,1.0,0.4186046511627907,6,success,
63198,2,0,2,,distance,levenshtein,0.9401800632476807,0.3333333333333333,1.0,0.5,2,success,
162,1,6,6,,distance,levenshtein,5.247745990753174,0.28125,1.0,0.43902439024390244,6,success,
29382,1,6,4,,distance,levenshtein,5.796582937240601,0.225,1.0,0.3673469387755102,4,success,
88322,1,3,7,,distance,levenshtein,2.195747137069702,0.2647058823529412,1.0,0.4186046511627907,7,success,
39871,1,5,5,,distance,levenshtein,60.864205837249756,0.28125,1.0,0.43902439024390244,5,success,
93884,1,6,10,,distance,levenshtein,4.1172192096710205,0.391304347826087,1.0,0.5625,10,success,
97635,1,6,7,,distance,levenshtein,6.068924903869629,0.24324324324324326,1.0,0.391304347826087,7,success,
6886,1,6,9,,distance,levenshtein,11.324594974517822,0.2571428571428571,1.0,0.4090909090909091,9,success,
93884,2,0,2,,distance,levenshtein,1.3649799823760986,0.32142857142857145,1.0,0.4864864864864865,2,success,
45,1,5,9,,distance,levenshtein,7.582319021224976,0.21052631578947367,0.8888888888888888,0.3404255319148936,9,success,
39871,1,5,6,,distance,levenshtein,2.5589089393615723,0.28125,1.0,0.43902439024390244,6,success,
6886,1,6,10,,distance,levenshtein,1.4516501426696777,0.2571428571428571,1.0,0.4090909090909091,10,success,
88322,1,3,8,,distance,levenshtein,3.727886915206909,0.2647058823529412,1.0,0.4186046511627907,8,success,
79820,1,6,9,,distance,levenshtein,8.059914827346802,0.22857142857142856,0.8888888888888888,0.36363636363636365,9,success,
56085,1,6,5,,distance,levenshtein,10.768287897109985,0.25,1.0,0.4,5,success,
3075,1,3,10,,distance,levenshtein,9.297372102737427,0.23684210526315788,1.0,0.3829787234042553,10,success,
3075,1,4,2,,distance,levenshtein,0.28212404251098633,0.0,0.0,0.0,2,success,
29382,1,6,5,,distance,levenshtein,8.785554885864258,0.21052631578947367,0.8888888888888888,0.3404255319148936,5,success,
6886,2,0,2,,distance,levenshtein,2.3757359981536865,0.11688311688311688,1.0,0.20930232558139536,2,success,
79820,1,6,10,,distance,levenshtein,2.224526882171631,0.25,1.0,0.4,10,success,
97635,1,6,8,,distance,levenshtein,5.404716968536377,0.24324324324324326,1.0,0.391304347826087,8,success,
29382,1,6,6,,distance,levenshtein,0.8295369148254395,0.225,1.0,0.3673469387755102,6,success,
32584,1,5,8,,distance,levenshtein,38.79049205780029,0.225,1.0,0.3673469387755102,8,success,
162,1,6,7,,distance,levenshtein,10.364782094955444,0.2727272727272727,1.0,0.42857142857142855,7,success,
88322,1,3,9,,distance,levenshtein,3.9306931495666504,0.2647058823529412,1.0,0.4186046511627907,9,success,
39871,1,5,7,,distance,levenshtein,4.892729043960571,0.25806451612903225,0.8888888888888888,0.4,7,success,
162,1,6,8,,distance,levenshtein,0.6396090984344482,0.2727272727272727,1.0,0.42857142857142855,8,success,
3075,1,4,3,,distance,levenshtein,3.445220947265625,0.23684210526315788,1.0,0.3829787234042553,3,success,
45,1,5,10,,distance,levenshtein,6.059352159500122,0.23076923076923078,1.0,0.375,10,success,
33653,1,5,10,,distance,levenshtein,17.63437294960022,0.24324324324324326,1.0,0.391304347826087,10,success,
29382,1,6,7,,distance,levenshtein,1.5028049945831299,0.21052631578947367,0.8888888888888888,0.3404255319148936,7,success,
11298,1,5,6,,distance,levenshtein,12.807790994644165,0.2647058823529412,1.0,0.4186046511627907,6,success,
45,1,6,2,,distance,levenshtein,0.3887050151824951,0.0,0.0,0.0,2,success,
79820,2,0,2,,distance,levenshtein,2.7008841037750244,0.34615384615384615,1.0,0.5142857142857142,2,success,
33653,1,6,2,,distance,levenshtein,0.258882999420166,0.0,0.0,0.0,2,success,
162,1,6,9,,distance,levenshtein,0.8014688491821289,0.28125,1.0,0.43902439024390244,9,success,
59934,1,5,4,,distance,levenshtein,24.443515062332153,0.36,1.0,0.5294117647058824,4,success,
33653,1,6,3,,distance,levenshtein,1.3929150104522705,0.24324324324324326,1.0,0.391304347826087,3,success,
39871,1,5,8,,distance,levenshtein,2.8771588802337646,0.25806451612903225,0.8888888888888888,0.4,8,success,
162,1,6,10,,distance,levenshtein,2.2627530097961426,0.2727272727272727,1.0,0.42857142857142855,10,success,
68503,1,4,5,,distance,levenshtein,64.14087915420532,0.2727272727272727,1.0,0.42857142857142855,5,success,
29382,1,6,8,,distance,levenshtein,3.462815046310425,0.225,1.0,0.3673469387755102,8,success,
97635,1,6,9,,distance,levenshtein,6.171294927597046,0.24324324324324326,1.0,0.391304347826087,9,success,
75385,1,5,5,,distance,levenshtein,44.58501982688904,0.3103448275862069,1.0,0.47368421052631576,5,success,
162,2,0,2,,distance,levenshtein,1.0777628421783447,0.2727272727272727,1.0,0.42857142857142855,2,success,
89149,1,2,3,,distance,levenshtein,564.3291079998016,0.225,1.0,0.3673469387755102,3,success,
33653,1,6,4,,distance,levenshtein,2.8845620155334473,0.24324324324324326,1.0,0.391304347826087,4,success,
3075,1,4,4,,distance,levenshtein,5.397078037261963,0.23684210526315788,1.0,0.3829787234042553,4,success,
88322,1,3,10,,distance,levenshtein,6.636190176010132,0.2647058823529412,1.0,0.4186046511627907,10,success,
88322,1,4,2,,distance,levenshtein,0.34406304359436035,0.0,0.0,0.0,2,success,
45,1,6,3,,distance,levenshtein,5.966966867446899,0.23076923076923078,1.0,0.375,3,success,
68503,1,4,6,,distance,levenshtein,4.173777103424072,0.2727272727272727,1.0,0.42857142857142855,6,success,
88322,1,4,3,,distance,levenshtein,1.663224220275879,0.2647058823529412,1.0,0.4186046511627907,3,success,
7239,1,5,5,,distance,levenshtein,81.90830898284912,0.3,1.0,0.46153846153846156,5,success,
97635,1,6,10,,distance,levenshtein,4.951925992965698,0.24324324324324326,1.0,0.391304347826087,10,success,
29382,1,6,9,,distance,levenshtein,5.7937328815460205,0.225,1.0,0.3673469387755102,9,success,
68503,1,4,7,,distance,levenshtein,1.777677059173584,0.2727272727272727,1.0,0.42857142857142855,7,success,
11298,1,5,7,,distance,levenshtein,9.94882321357727,0.2647058823529412,1.0,0.4186046511627907,7,success,
56085,1,6,6,,distance,levenshtein,15.800879955291748,0.25,1.0,0.4,6,success,
97635,2,0,2,,distance,levenshtein,1.0837500095367432,0.28125,1.0,0.43902439024390244,2,success,
65447,1,3,6,,distance,levenshtein,28.604702949523926,0.24242424242424243,0.8888888888888888,0.38095238095238093,6,success,
39871,1,5,9,,distance,levenshtein,9.949156045913696,0.28125,1.0,0.43902439024390244,9,success,
65447,1,3,7,,distance,levenshtein,1.287766933441162,0.2571428571428571,1.0,0.4090909090909091,7,success,
7239,1,5,6,,distance,levenshtein,4.5997161865234375,0.3,1.0,0.46153846153846156,6,success,
56085,1,6,7,,distance,levenshtein,3.7812750339508057,0.25,1.0,0.4,7,success,
29382,1,6,10,,distance,levenshtein,4.320586919784546,0.20512820512820512,0.8888888888888888,0.3333333333333333,10,success,
88322,1,4,4,,distance,levenshtein,7.28513503074646,0.2647058823529412,1.0,0.4186046511627907,4,success,
33653,1,6,5,,distance,levenshtein,10.72823691368103,0.24324324324324326,1.0,0.391304347826087,5,success,
29382,2,0,2,,distance,levenshtein,1.2133870124816895,0.28125,1.0,0.43902439024390244,2,success,
65447,1,3,8,,distance,levenshtein,2.9444310665130615,0.2647058823529412,1.0,0.4186046511627907,8,success,
68503,1,4,8,,distance,levenshtein,6.7683351039886475,0.2727272727272727,1.0,0.42857142857142855,8,success,
7239,1,5,7,,distance,levenshtein,5.115171909332275,0.3,1.0,0.46153846153846156,7,success,
56085,1,6,8,,distance,levenshtein,5.716064929962158,0.25,1.0,0.4,8,success,
56085,1,6,9,,distance,levenshtein,1.6792759895324707,0.25,1.0,0.4,9,success,
39871,1,5,10,,distance,levenshtein,10.185326099395752,0.28125,1.0,0.43902439024390244,10,success,
39871,1,6,2,,distance,levenshtein,0.34696006774902344,0.0,0.0,0.0,2,success,
65447,1,3,9,,distance,levenshtein,7.469757795333862,0.2571428571428571,1.0,0.4090909090909091,9,success,
45,1,6,4,,distance,levenshtein,18.871915102005005,0.23076923076923078,1.0,0.375,4,success,
39871,1,6,3,,distance,levenshtein,1.4449200630187988,0.28125,1.0,0.43902439024390244,3,success,
75385,1,5,6,,distance,levenshtein,21.5263090133667,0.3103448275862069,1.0,0.47368421052631576,6,success,
65447,1,3,10,,distance,levenshtein,2.463826894760132,0.2571428571428571,1.0,0.4090909090909091,10,success,
65447,1,4,2,,distance,levenshtein,0.5384509563446045,0.0,0.0,0.0,2,success,
39871,1,6,4,,distance,levenshtein,2.8606128692626953,0.28125,1.0,0.43902439024390244,4,success,
56085,1,6,10,,distance,levenshtein,5.8812830448150635,0.22857142857142856,0.8888888888888888,0.36363636363636365,10,success,
88322,1,4,5,,distance,levenshtein,13.595438003540039,0.2647058823529412,1.0,0.4186046511627907,5,success,
11298,1,5,8,,distance,levenshtein,19.193230867385864,0.2647058823529412,1.0,0.4186046511627907,8,success,
58656,1,2,9,,distance,levenshtein,235.93718314170837,0.25,1.0,0.4,9,success,
56085,2,0,2,,distance,levenshtein,1.197214126586914,0.11688311688311688,1.0,0.20930232558139536,2,success,
7239,1,5,8,,distance,levenshtein,11.646785020828247,0.3,1.0,0.46153846153846156,8,success,
65447,1,4,3,,distance,levenshtein,3.3469960689544678,0.2647058823529412,1.0,0.4186046511627907,3,success,
68503,1,4,9,,distance,levenshtein,17.68614387512207,0.2727272727272727,1.0,0.42857142857142855,9,success,
59934,1,5,5,,distance,levenshtein,35.280521869659424,0.36,1.0,0.5294117647058824,5,success,
39871,1,6,5,,distance,levenshtein,7.118230819702148,0.28125,1.0,0.43902439024390244,5,success,
33653,1,6,6,,distance,levenshtein,20.700299978256226,0.24324324324324326,1.0,0.391304347826087,6,success,
32584,1,5,9,,distance,levenshtein,40.55193781852722,0.225,1.0,0.3673469387755102,9,success,
55151,1,2,10,,distance,levenshtein,75.37876296043396,0.22857142857142856,0.8888888888888888,0.36363636363636365,10,success,
65447,1,4,4,,distance,levenshtein,8.545584917068481,0.2571428571428571,1.0,0.4090909090909091,4,success,
45,1,6,5,,distance,levenshtein,15.650572061538696,0.23076923076923078,1.0,0.375,5,success,
55151,1,3,2,,distance,levenshtein,0.34537291526794434,0.11290322580645161,0.7777777777777778,0.19718309859154928,2,success,
75385,1,5,7,,distance,levenshtein,15.619926929473877,0.3103448275862069,1.0,0.47368421052631576,7,success,
11298,1,5,9,,distance,levenshtein,12.900248050689697,0.2571428571428571,1.0,0.4090909090909091,9,success,
55151,1,3,3,,distance,levenshtein,2.088332176208496,0.25,1.0,0.4,3,success,
7239,1,5,9,,distance,levenshtein,12.466439008712769,0.3,1.0,0.46153846153846156,9,success,
59934,1,5,6,,distance,levenshtein,9.472517013549805,0.36,1.0,0.5294117647058824,6,success,
15852,1,5,5,,distance,levenshtein,75.65659499168396,0.21951219512195122,1.0,0.36,5,success,
45,1,6,6,,distance,levenshtein,6.224402189254761,0.23076923076923078,1.0,0.375,6,success,
15852,1,5,6,,distance,levenshtein,1.7174670696258545,0.21428571428571427,1.0,0.35294117647058826,6,success,
33653,1,6,7,,distance,levenshtein,12.553597927093506,0.24324324324324326,1.0,0.391304347826087,7,success,
33653,1,6,8,,distance,levenshtein,1.7735028266906738,0.24324324324324326,1.0,0.391304347826087,8,success,
68503,1,4,10,,distance,levenshtein,15.301872968673706,0.28125,1.0,0.43902439024390244,10,success,
45,1,6,7,,distance,levenshtein,4.360692977905273,0.23076923076923078,1.0,0.375,7,success,
68503,1,5,2,,distance,levenshtein,0.5200150012969971,0.0,0.0,0.0,2,success,
59934,1,5,7,,distance,levenshtein,6.503086090087891,0.36,1.0,0.5294117647058824,7,success,
68503,1,5,3,,distance,levenshtein,1.296363115310669,0.2727272727272727,1.0,0.42857142857142855,3,success,
33653,1,6,9,,distance,levenshtein,2.7611470222473145,0.24324324324324326,1.0,0.391304347826087,9,success,
3075,1,4,5,,distance,levenshtein,51.228835105895996,0.23684210526315788,1.0,0.3829787234042553,5,success,
45,1,6,8,,distance,levenshtein,3.9122519493103027,0.23076923076923078,1.0,0.375,8,success,
75385,1,5,8,,distance,levenshtein,14.643318891525269,0.32142857142857145,1.0,0.4864864864864865,8,success,
59934,1,5,8,,distance,levenshtein,4.475906848907471,0.36,1.0,0.5294117647058824,8,success,
39871,1,6,6,,distance,levenshtein,22.28900909423828,0.28125,1.0,0.43902439024390244,6,success,
55151,1,3,4,,distance,levenshtein,14.78983211517334,0.25,1.0,0.4,4,success,
33653,1,6,10,,distance,levenshtein,3.438570022583008,0.24324324324324326,1.0,0.391304347826087,10,success,
3075,1,4,6,,distance,levenshtein,2.2163329124450684,0.23684210526315788,1.0,0.3829787234042553,6,success,
33653,2,0,2,,distance,levenshtein,1.2057831287384033,0.391304347826087,1.0,0.5625,2,success,
68503,1,5,4,,distance,levenshtein,7.237239122390747,0.2727272727272727,1.0,0.42857142857142855,4,success,
15852,1,5,7,,distance,levenshtein,13.267226934432983,0.21428571428571427,1.0,0.35294117647058826,7,success,
39871,1,6,7,,distance,levenshtein,3.766179084777832,0.28125,1.0,0.43902439024390244,7,success,
3075,1,4,7,,distance,levenshtein,3.64137601852417,0.23684210526315788,1.0,0.3829787234042553,7,success,
45,1,6,9,,distance,levenshtein,7.21552300453186,0.23076923076923078,1.0,0.375,9,success,
15852,1,5,8,,distance,levenshtein,2.1197149753570557,0.225,1.0,0.3673469387755102,8,success,
45,1,6,10,,distance,levenshtein,1.0055210590362549,0.23076923076923078,1.0,0.375,10,success,
39871,1,6,8,,distance,levenshtein,3.9944629669189453,0.28125,1.0,0.43902439024390244,8,success,
45,2,0,2,,distance,levenshtein,1.325800895690918,0.34615384615384615,1.0,0.5142857142857142,2,success,
68503,1,5,5,,distance,levenshtein,5.78216290473938,0.25,0.8888888888888888,0.3902439024390244,5,success,
7239,1,5,10,,distance,levenshtein,23.3975031375885,0.3103448275862069,1.0,0.47368421052631576,10,success,
7239,1,6,2,,distance,levenshtein,0.2424769401550293,0.0,0.0,0.0,2,success,
55151,1,3,5,,distance,levenshtein,10.26525592803955,0.25,1.0,0.4,5,success,
7239,1,6,3,,distance,levenshtein,1.2035489082336426,0.3,1.0,0.46153846153846156,3,success,
39871,1,6,9,,distance,levenshtein,3.0802388191223145,0.28125,1.0,0.43902439024390244,9,success,
31055,1,4,5,,distance,levenshtein,96.06796789169312,0.25,1.0,0.4,5,success,
68503,1,5,6,,distance,levenshtein,2.828155040740967,0.28125,1.0,0.43902439024390244,6,success,
15852,1,5,9,,distance,levenshtein,7.1319849491119385,0.21428571428571427,1.0,0.35294117647058826,9,success,
3075,1,4,8,,distance,levenshtein,12.032190084457397,0.23684210526315788,1.0,0.3829787234042553,8,success,
39871,1,6,10,,distance,levenshtein,5.45476508140564,0.28125,1.0,0.43902439024390244,10,success,
7239,1,6,4,,distance,levenshtein,6.477661848068237,0.3103448275862069,1.0,0.47368421052631576,4,success,
31055,1,4,6,,distance,levenshtein,5.857439994812012,0.25,1.0,0.4,6,success,
32584,1,5,10,,distance,levenshtein,37.44085216522217,0.225,1.0,0.3673469387755102,10,success,
68503,1,5,7,,distance,levenshtein,5.1700780391693115,0.28125,1.0,0.43902439024390244,7,success,
32584,1,6,2,,distance,levenshtein,0.26374101638793945,0.0,0.0,0.0,2,success,
39871,2,0,2,,distance,levenshtein,1.331543207168579,0.2571428571428571,1.0,0.4090909090909091,2,success,
3075,1,4,9,,distance,levenshtein,5.220728158950806,0.23684210526315788,1.0,0.3829787234042553,9,success,
59934,1,5,9,,distance,levenshtein,23.627589225769043,0.36,1.0,0.5294117647058824,9,success,
75385,1,5,9,,distance,levenshtein,24.241015195846558,0.32142857142857145,1.0,0.4864864864864865,9,success,
68503,1,5,8,,distance,levenshtein,5.17878794670105,0.28125,1.0,0.43902439024390244,8,success,
58656,1,2,10,,distance,levenshtein,52.80540895462036,0.24324324324324326,1.0,0.391304347826087,10,success,
58656,1,3,2,,distance,levenshtein,0.17228412628173828,0.14516129032258066,1.0,0.2535211267605634,2,success,
58656,1,3,3,,distance,levenshtein,0.6607019901275635,0.24324324324324326,1.0,0.391304347826087,3,success,
32584,1,6,3,,distance,levenshtein,7.426499843597412,0.225,1.0,0.3673469387755102,3,success,
15852,1,5,10,,distance,levenshtein,11.979043006896973,0.21428571428571427,1.0,0.35294117647058826,10,success,
15852,1,6,2,,distance,levenshtein,0.3959159851074219,0.225,1.0,0.3673469387755102,2,success,
58656,1,3,4,,distance,levenshtein,1.9821648597717285,0.25,1.0,0.4,4,success,
11298,1,5,10,,distance,levenshtein,45.36643409729004,0.2647058823529412,1.0,0.4186046511627907,10,success,
11298,1,6,2,,distance,levenshtein,0.25736188888549805,0.0,0.0,0.0,2,success,
31055,1,4,7,,distance,levenshtein,12.418730974197388,0.25,1.0,0.4,7,success,
3075,1,4,10,,distance,levenshtein,8.437941074371338,0.23684210526315788,1.0,0.3829787234042553,10,success,
11298,1,6,3,,distance,levenshtein,0.9197177886962891,0.2571428571428571,1.0,0.4090909090909091,3,success,
3075,1,5,2,,distance,levenshtein,0.366563081741333,0.0,0.0,0.0,2,success,
68503,1,5,9,,distance,levenshtein,9.290242195129395,0.28125,1.0,0.43902439024390244,9,success,
15852,1,6,3,,distance,levenshtein,6.821063995361328,0.21428571428571427,1.0,0.35294117647058826,3,success,
32584,1,6,4,,distance,levenshtein,8.06798005104065,0.225,1.0,0.3673469387755102,4,success,
3075,1,5,3,,distance,levenshtein,4.728079080581665,0.23684210526315788,1.0,0.3829787234042553,3,success,
11298,1,6,4,,distance,levenshtein,5.60715389251709,0.2647058823529412,1.0,0.4186046511627907,4,success,
68503,1,5,10,,distance,levenshtein,3.2785301208496094,0.28125,1.0,0.43902439024390244,10,success,
68503,1,6,2,,distance,levenshtein,0.2770249843597412,0.28125,1.0,0.43902439024390244,2,success,
58656,1,3,5,,distance,levenshtein,11.310374021530151,0.24324324324324326,1.0,0.391304347826087,5,success,
11298,1,6,5,,distance,levenshtein,1.9711689949035645,0.2647058823529412,1.0,0.4186046511627907,5,success,
68503,1,6,3,,distance,levenshtein,1.2657291889190674,0.28125,1.0,0.43902439024390244,3,success,
11298,1,6,6,,distance,levenshtein,1.3942701816558838,0.2571428571428571,1.0,0.4090909090909091,6,success,
68503,1,6,4,,distance,levenshtein,4.961910009384155,0.28125,1.0,0.43902439024390244,4,success,
11298,1,6,7,,distance,levenshtein,3.831707000732422,0.2647058823529412,1.0,0.4186046511627907,7,success,
75385,1,5,10,,distance,levenshtein,22.47682285308838,0.32142857142857145,1.0,0.4864864864864865,10,success,
3075,1,5,4,,distance,levenshtein,9.625923871994019,0.23684210526315788,1.0,0.3829787234042553,4,success,
75385,1,6,2,,distance,levenshtein,0.28252196311950684,0.0,0.0,0.0,2,success,
11298,1,6,8,,distance,levenshtein,1.5778241157531738,0.2647058823529412,1.0,0.4186046511627907,8,success,
7239,1,6,5,,distance,levenshtein,30.174381017684937,0.3,1.0,0.46153846153846156,5,success,
75385,1,6,3,,distance,levenshtein,0.7938868999481201,0.3103448275862069,1.0,0.47368421052631576,3,success,
31055,1,4,8,,distance,levenshtein,17.232487201690674,0.25,1.0,0.4,8,success,
15852,1,6,4,,distance,levenshtein,15.594331979751587,0.21428571428571427,1.0,0.35294117647058826,4,success,
11298,1,6,9,,distance,levenshtein,2.1548168659210205,0.2647058823529412,1.0,0.4186046511627907,9,success,
59934,1,5,10,,distance,levenshtein,27.047411918640137,0.36,1.0,0.5294117647058824,10,success,
75385,1,6,4,,distance,levenshtein,2.714686870574951,0.32142857142857145,1.0,0.4864864864864865,4,success,
59934,1,6,2,,distance,levenshtein,0.22521710395812988,0.0,0.0,0.0,2,success,
7239,1,6,6,,distance,levenshtein,3.208894968032837,0.3,1.0,0.46153846153846156,6,success,
59934,1,6,3,,distance,levenshtein,0.6318190097808838,0.36,1.0,0.5294117647058824,3,success,
15852,1,6,5,,distance,levenshtein,2.3745601177215576,0.21951219512195122,1.0,0.36,5,success,
65447,1,4,5,,distance,levenshtein,71.67991805076599,0.2571428571428571,1.0,0.4090909090909091,5,success,
15852,1,6,6,,distance,levenshtein,1.1940062046051025,0.21428571428571427,1.0,0.35294117647058826,6,success,
7239,1,6,7,,distance,levenshtein,2.5732200145721436,0.3,1.0,0.46153846153846156,7,success,
11298,1,6,10,,distance,levenshtein,6.045750856399536,0.2647058823529412,1.0,0.4186046511627907,10,success,
58656,1,3,6,,distance,levenshtein,17.324916124343872,0.24324324324324326,1.0,0.391304347826087,6,success,
11298,2,0,2,,distance,levenshtein,1.1886708736419678,0.28125,1.0,0.43902439024390244,2,success,
65447,1,4,6,,distance,levenshtein,4.112246036529541,0.2647058823529412,1.0,0.4186046511627907,6,success,
7239,1,6,8,,distance,levenshtein,4.9911720752716064,0.3,1.0,0.46153846153846156,8,success,
32584,1,6,5,,distance,levenshtein,25.3593590259552,0.225,1.0,0.3673469387755102,5,success,
15852,1,6,7,,distance,levenshtein,5.624128103256226,0.21951219512195122,1.0,0.36,7,success,
59934,1,6,4,,distance,levenshtein,7.599586009979248,0.36,1.0,0.5294117647058824,4,success,
55151,1,3,6,,distance,levenshtein,50.946500062942505,0.25,1.0,0.4,6,success,
15852,1,6,8,,distance,levenshtein,1.1968581676483154,0.21951219512195122,1.0,0.36,8,success,
75385,1,6,5,,distance,levenshtein,10.703395128250122,0.3103448275862069,1.0,0.47368421052631576,5,success,
9178,1,5,5,,distance,levenshtein,184.72123098373413,0.3103448275862069,1.0,0.47368421052631576,5,success,
7239,1,6,9,,distance,levenshtein,4.039535045623779,0.3,1.0,0.46153846153846156,9,success,
88322,1,4,6,,distance,levenshtein,94.47799801826477,0.2647058823529412,1.0,0.4186046511627907,6,success,
55151,1,3,7,,distance,levenshtein,3.444476842880249,0.25,1.0,0.4,7,success,
59934,1,6,5,,distance,levenshtein,4.523017883300781,0.36,1.0,0.5294117647058824,5,success,
65447,1,4,7,,distance,levenshtein,5.524954795837402,0.2647058823529412,1.0,0.4186046511627907,7,success,
15852,1,6,9,,distance,levenshtein,3.923454999923706,0.21428571428571427,1.0,0.35294117647058826,9,success,
9178,1,5,6,,distance,levenshtein,2.8288369178771973,0.32142857142857145,1.0,0.4864864864864865,6,success,
68503,1,6,5,,distance,levenshtein,23.29800581932068,0.28125,1.0,0.43902439024390244,5,success,
55151,1,3,8,,distance,levenshtein,3.1397790908813477,0.25,1.0,0.4,8,success,
88322,1,4,7,,distance,levenshtein,5.171999931335449,0.2647058823529412,1.0,0.4186046511627907,7,success,
68503,1,6,6,,distance,levenshtein,1.5726509094238281,0.28125,1.0,0.43902439024390244,6,success,
68503,1,6,7,,distance,levenshtein,0.6777071952819824,0.2727272727272727,1.0,0.42857142857142855,7,success,
65447,1,4,8,,distance,levenshtein,5.961221933364868,0.2571428571428571,1.0,0.4090909090909091,8,success,
9178,1,5,7,,distance,levenshtein,5.248898983001709,0.3103448275862069,1.0,0.47368421052631576,7,success,
88322,1,4,8,,distance,levenshtein,1.9372668266296387,0.2647058823529412,1.0,0.4186046511627907,8,success,
68503,1,6,8,,distance,levenshtein,0.8591339588165283,0.28125,1.0,0.43902439024390244,8,success,
7239,1,6,10,,distance,levenshtein,8.585360050201416,0.3103448275862069,1.0,0.47368421052631576,10,success,
68503,1,6,9,,distance,levenshtein,1.1759190559387207,0.2727272727272727,1.0,0.42857142857142855,9,success,
7239,2,0,2,,distance,levenshtein,1.509915828704834,0.2903225806451613,1.0,0.45,2,success,
55151,1,3,9,,distance,levenshtein,6.316946029663086,0.25,1.0,0.4,9,success,
65447,1,4,9,,distance,levenshtein,3.2952229976654053,0.2571428571428571,1.0,0.4090909090909091,9,success,
75385,1,6,6,,distance,levenshtein,14.106677055358887,0.3103448275862069,1.0,0.47368421052631576,6,success,
15852,1,6,10,,distance,levenshtein,11.728225946426392,0.21951219512195122,1.0,0.36,10,success,
15852,2,0,2,,distance,levenshtein,1.0097830295562744,0.25,1.0,0.4,2,success,
68503,1,6,10,,distance,levenshtein,4.518093109130859,0.28125,1.0,0.43902439024390244,10,success,
75385,1,6,7,,distance,levenshtein,3.3879568576812744,0.3103448275862069,1.0,0.47368421052631576,7,success,
68503,2,0,2,,distance,levenshtein,0.786808967590332,0.2727272727272727,1.0,0.42857142857142855,2,success,
55151,1,3,10,,distance,levenshtein,5.937359809875488,0.25,1.0,0.4,10,success,
55151,1,4,2,,distance,levenshtein,0.622697114944458,0.0,0.0,0.0,2,success,
88322,1,4,9,,distance,levenshtein,9.69191598892212,0.2647058823529412,1.0,0.4186046511627907,9,success,
9178,1,5,8,,distance,levenshtein,10.801453113555908,0.3103448275862069,1.0,0.47368421052631576,8,success,
31055,1,4,9,,distance,levenshtein,35.604063987731934,0.25,1.0,0.4,9,success,
75385,1,6,8,,distance,levenshtein,4.528865098953247,0.3103448275862069,1.0,0.47368421052631576,8,success,
58656,1,3,7,,distance,levenshtein,27.74352216720581,0.24324324324324326,1.0,0.391304347826087,7,success,
3075,1,5,5,,distance,levenshtein,39.666903018951416,0.23684210526315788,1.0,0.3829787234042553,5,success,
55151,1,4,3,,distance,levenshtein,3.7378649711608887,0.25,1.0,0.4,3,success,
65447,1,4,10,,distance,levenshtein,12.58042287826538,0.2647058823529412,1.0,0.4186046511627907,10,success,
3075,1,5,6,,distance,levenshtein,1.8805150985717773,0.23684210526315788,1.0,0.3829787234042553,6,success,
58656,1,3,8,,distance,levenshtein,3.0956249237060547,0.24324324324324326,1.0,0.391304347826087,8,success,
75385,1,6,9,,distance,levenshtein,3.2769060134887695,0.3103448275862069,1.0,0.47368421052631576,9,success,
65447,1,5,2,,distance,levenshtein,0.47322797775268555,0.0,0.0,0.0,2,success,
32584,1,6,6,,distance,levenshtein,31.38532304763794,0.225,1.0,0.3673469387755102,6,success,
58656,1,3,9,,distance,levenshtein,2.1138899326324463,0.24324324324324326,1.0,0.391304347826087,9,success,
75385,1,6,10,,distance,levenshtein,2.224924087524414,0.3103448275862069,1.0,0.47368421052631576,10,success,
88322,1,4,10,,distance,levenshtein,8.703652143478394,0.2647058823529412,1.0,0.4186046511627907,10,success,
59934,1,6,6,,distance,levenshtein,27.088381052017212,0.36,1.0,0.5294117647058824,6,success,
88322,1,5,2,,distance,levenshtein,0.25806713104248047,0.0,0.0,0.0,2,success,
75385,2,0,2,,distance,levenshtein,1.6753652095794678,0.42857142857142855,1.0,0.6,2,success,
32584,1,6,7,,distance,levenshtein,2.6907010078430176,0.225,1.0,0.3673469387755102,7,success,
88322,1,5,3,,distance,levenshtein,2.5906519889831543,0.2647058823529412,1.0,0.4186046511627907,3,success,
32584,1,6,8,,distance,levenshtein,1.592871904373169,0.225,1.0,0.3673469387755102,8,success,
58656,1,3,10,,distance,levenshtein,6.360095977783203,0.24324324324324326,1.0,0.391304347826087,10,success,
58656,1,4,2,,distance,levenshtein,0.3731391429901123,0.0,0.0,0.0,2,success,
3075,1,5,7,,distance,levenshtein,9.90202522277832,0.23684210526315788,1.0,0.3829787234042553,7,success,
55151,1,4,4,,distance,levenshtein,13.203125,0.25,1.0,0.4,4,success,
32584,1,6,9,,distance,levenshtein,4.2817981243133545,0.225,1.0,0.3673469387755102,9,success,
88322,1,5,4,,distance,levenshtein,5.911740064620972,0.2647058823529412,1.0,0.4186046511627907,4,success,
32584,1,6,10,,distance,levenshtein,0.9723021984100342,0.225,1.0,0.3673469387755102,10,success,
58656,1,4,3,,distance,levenshtein,3.8539650440216064,0.24324324324324326,1.0,0.391304347826087,3,success,
32584,2,0,2,,distance,levenshtein,0.9975569248199463,0.2903225806451613,1.0,0.45,2,success,
3075,1,5,8,,distance,levenshtein,4.732689142227173,0.23684210526315788,1.0,0.3829787234042553,8,success,
65447,1,5,3,,distance,levenshtein,17.627124071121216,0.23529411764705882,0.8888888888888888,0.37209302325581395,3,success,
31055,1,4,10,,distance,levenshtein,24.827159881591797,0.25,1.0,0.4,10,success,
31055,1,5,2,,distance,levenshtein,0.5551300048828125,0.0,0.0,0.0,2,success,
114,1,2,8,,distance,levenshtein,274.8033940792084,0.2903225806451613,1.0,0.45,8,success,
58656,1,4,4,,distance,levenshtein,12.55767011642456,0.25,1.0,0.4,4,success,
3075,1,5,9,,distance,levenshtein,17.21710705757141,0.23684210526315788,1.0,0.3829787234042553,9,success,
31055,1,5,3,,distance,levenshtein,13.713969945907593,0.25,1.0,0.4,3,success,
9178,1,5,9,,distance,levenshtein,41.13519906997681,0.3103448275862069,1.0,0.47368421052631576,9,success,
88322,1,5,5,,distance,levenshtein,27.298125982284546,0.2647058823529412,1.0,0.4186046511627907,5,success,
59934,1,6,7,,distance,levenshtein,37.74245595932007,0.36,1.0,0.5294117647058824,7,success,
9471,2,0,3,,distance,levenshtein,286.3531129360199,0.34615384615384615,1.0,0.5142857142857142,3,success,
59934,1,6,8,,distance,levenshtein,1.629040002822876,0.36,1.0,0.5294117647058824,8,success,
55151,1,4,5,,distance,levenshtein,34.548986196517944,0.25,1.0,0.4,5,success,
59934,1,6,9,,distance,levenshtein,2.3920609951019287,0.36,1.0,0.5294117647058824,9,success,
9178,1,5,10,,distance,levenshtein,9.22314190864563,0.3103448275862069,1.0,0.47368421052631576,10,success,
9178,1,6,2,,distance,levenshtein,0.18008708953857422,0.0,0.0,0.0,2,success,
59934,1,6,10,,distance,levenshtein,1.188007116317749,0.36,1.0,0.5294117647058824,10,success,
114,1,2,9,,distance,levenshtein,23.23483109474182,0.2903225806451613,1.0,0.45,9,success,
3075,1,5,10,,distance,levenshtein,14.252274990081787,0.23684210526315788,1.0,0.3829787234042553,10,success,
55151,1,4,6,,distance,levenshtein,2.746696949005127,0.25,1.0,0.4,6,success,
3075,1,6,2,,distance,levenshtein,0.20366501808166504,0.0,0.0,0.0,2,success,
9178,1,6,3,,distance,levenshtein,2.196255922317505,0.3103448275862069,1.0,0.47368421052631576,3,success,
59934,2,0,2,,distance,levenshtein,1.2802939414978027,0.28125,1.0,0.43902439024390244,2,success,
3075,1,6,3,,distance,levenshtein,1.0026040077209473,0.23684210526315788,1.0,0.3829787234042553,3,success,
9178,1,6,4,,distance,levenshtein,1.582158088684082,0.3103448275862069,1.0,0.47368421052631576,4,success,
88322,1,5,6,,distance,levenshtein,11.758550882339478,0.2647058823529412,1.0,0.4186046511627907,6,success,
3075,1,6,4,,distance,levenshtein,1.916166067123413,0.23684210526315788,1.0,0.3829787234042553,4,success,
88322,1,5,7,,distance,levenshtein,3.4638781547546387,0.2647058823529412,1.0,0.4186046511627907,7,success,
9178,1,6,5,,distance,levenshtein,4.934916973114014,0.3103448275862069,1.0,0.47368421052631576,5,success,
55151,1,4,7,,distance,levenshtein,7.474462032318115,0.25,1.0,0.4,7,success,
3075,1,6,5,,distance,levenshtein,7.9039599895477295,0.23684210526315788,1.0,0.3829787234042553,5,success,
88322,1,5,8,,distance,levenshtein,4.310853004455566,0.2647058823529412,1.0,0.4186046511627907,8,success,
55151,1,4,8,,distance,levenshtein,4.39886212348938,0.25,1.0,0.4,8,success,
58656,1,4,5,,distance,levenshtein,36.20964503288269,0.24324324324324326,1.0,0.391304347826087,5,success,
31055,1,5,4,,distance,levenshtein,29.11584496498108,0.25,1.0,0.4,4,success,
9178,1,6,6,,distance,levenshtein,8.571057081222534,0.3103448275862069,1.0,0.47368421052631576,6,success,
88322,1,5,9,,distance,levenshtein,4.751560926437378,0.2647058823529412,1.0,0.4186046511627907,9,success,
58656,1,4,6,,distance,levenshtein,4.3358259201049805,0.25,1.0,0.4,6,success,
31055,1,5,5,,distance,levenshtein,3.0917999744415283,0.25,1.0,0.4,5,success,
55151,1,4,9,,distance,levenshtein,6.9507811069488525,0.25,1.0,0.4,9,success,
3075,1,6,6,,distance,levenshtein,10.835853099822998,0.23684210526315788,1.0,0.3829787234042553,6,success,
58656,1,4,7,,distance,levenshtein,4.423833847045898,0.25,1.0,0.4,7,success,
9178,1,6,7,,distance,levenshtein,11.187623023986816,0.3103448275862069,1.0,0.47368421052631576,7,success,
65447,1,5,4,,distance,levenshtein,61.17171311378479,0.2571428571428571,1.0,0.4090909090909091,4,success,
88322,1,5,10,,distance,levenshtein,13.38007378578186,0.2647058823529412,1.0,0.4186046511627907,10,success,
88322,1,6,2,,distance,levenshtein,0.26589298248291016,0.0,0.0,0.0,2,success,
58656,1,4,8,,distance,levenshtein,8.575825929641724,0.24324324324324326,1.0,0.391304347826087,8,success,
3075,1,6,7,,distance,levenshtein,10.968883037567139,0.23684210526315788,1.0,0.3829787234042553,7,success,
88322,1,6,3,,distance,levenshtein,3.4623379707336426,0.2647058823529412,1.0,0.4186046511627907,3,success,
3075,1,6,8,,distance,levenshtein,0.6044631004333496,0.23684210526315788,1.0,0.3829787234042553,8,success,
65447,1,5,5,,distance,levenshtein,4.346672058105469,0.2647058823529412,1.0,0.4186046511627907,5,success,
55151,1,4,10,,distance,levenshtein,16.181838989257812,0.25,1.0,0.4,10,success,
3075,1,6,9,,distance,levenshtein,2.7035460472106934,0.23684210526315788,1.0,0.3829787234042553,9,success,
55151,1,5,2,,distance,levenshtein,0.9880161285400391,0.0,0.0,0.0,2,success,
88322,1,6,4,,distance,levenshtein,3.7459099292755127,0.2647058823529412,1.0,0.4186046511627907,4,success,
3075,1,6,10,,distance,levenshtein,0.8374290466308594,0.23684210526315788,1.0,0.3829787234042553,10,success,
3075,2,0,2,,distance,levenshtein,0.6667568683624268,0.28125,1.0,0.43902439024390244,2,success,
65447,1,5,6,,distance,levenshtein,7.510853052139282,0.23529411764705882,0.8888888888888888,0.37209302325581395,6,success,
31055,1,5,6,,distance,levenshtein,23.46883201599121,0.25,1.0,0.4,6,success,
58656,1,4,9,,distance,levenshtein,9.57045602798462,0.25,1.0,0.4,9,success,
55151,1,5,3,,distance,levenshtein,5.885530948638916,0.25,1.0,0.4,3,success,
31055,1,5,7,,distance,levenshtein,6.7284581661224365,0.25,1.0,0.4,7,success,
9178,1,6,8,,distance,levenshtein,23.414690017700195,0.3103448275862069,1.0,0.47368421052631576,8,success,
58656,1,4,10,,distance,levenshtein,8.678276062011719,0.24324324324324326,1.0,0.391304347826087,10,success,
9178,1,6,9,,distance,levenshtein,0.9892880916595459,0.3103448275862069,1.0,0.47368421052631576,9,success,
58656,1,5,2,,distance,levenshtein,0.278947114944458,0.0,0.0,0.0,2,success,
8988,1,2,5,,distance,levenshtein,642.507611989975,0.3,1.0,0.46153846153846156,5,success,
65447,1,5,7,,distance,levenshtein,9.759313821792603,0.23529411764705882,0.8888888888888888,0.37209302325581395,7,success,
9178,1,6,10,,distance,levenshtein,0.6997270584106445,0.3103448275862069,1.0,0.47368421052631576,10,success,
9178,2,0,2,,distance,levenshtein,1.3214030265808105,0.3103448275862069,1.0,0.47368421052631576,2,success,
88322,1,6,5,,distance,levenshtein,16.296287059783936,0.2647058823529412,1.0,0.4186046511627907,5,success,
58656,1,5,3,,distance,levenshtein,2.6276211738586426,0.24324324324324326,1.0,0.391304347826087,3,success,
31055,1,5,8,,distance,levenshtein,5.632906913757324,0.25,1.0,0.4,8,success,
58656,1,5,4,,distance,levenshtein,3.105994939804077,0.25,1.0,0.4,4,success,
114,1,2,10,,distance,levenshtein,62.23288607597351,0.2903225806451613,1.0,0.45,10,success,
114,1,3,2,,distance,levenshtein,0.37523889541625977,0.13432835820895522,1.0,0.23684210526315788,2,success,
8988,1,2,6,,distance,levenshtein,10.626282930374146,0.3103448275862069,1.0,0.47368421052631576,6,success,
88322,1,6,6,,distance,levenshtein,9.40552806854248,0.2647058823529412,1.0,0.4186046511627907,6,success,
114,1,3,3,,distance,levenshtein,2.77308988571167,0.2903225806451613,1.0,0.45,3,success,
8988,1,2,7,,distance,levenshtein,4.2335100173950195,0.3,1.0,0.46153846153846156,7,success,
65447,1,5,8,,distance,levenshtein,15.739389896392822,0.2647058823529412,1.0,0.4186046511627907,8,success,
55151,1,5,4,,distance,levenshtein,28.6064031124115,0.25,1.0,0.4,4,success,
89149,1,2,4,,distance,levenshtein,269.78150391578674,0.225,1.0,0.3673469387755102,4,success,
114,1,3,4,,distance,levenshtein,10.983564138412476,0.2903225806451613,1.0,0.45,4,success,
31055,1,5,9,,distance,levenshtein,25.507074117660522,0.25,1.0,0.4,9,success,
8988,1,2,8,,distance,levenshtein,14.419935941696167,0.3103448275862069,1.0,0.47368421052631576,8,success,
65447,1,5,9,,distance,levenshtein,13.858466863632202,0.2571428571428571,1.0,0.4090909090909091,9,success,
58656,1,5,5,,distance,levenshtein,27.792136907577515,0.25,1.0,0.4,5,success,
31055,1,5,10,,distance,levenshtein,13.76465916633606,0.25,1.0,0.4,10,success,
31055,1,6,2,,distance,levenshtein,0.5345828533172607,0.0,0.0,0.0,2,success,
31055,1,6,3,,distance,levenshtein,2.8809781074523926,0.25,1.0,0.4,3,success,
8988,1,2,9,,distance,levenshtein,23.26485586166382,0.3,1.0,0.46153846153846156,9,success,
114,1,3,5,,distance,levenshtein,32.299899101257324,0.2903225806451613,1.0,0.45,5,success,
65447,1,5,10,,distance,levenshtein,24.62511396408081,0.2571428571428571,1.0,0.4090909090909091,10,success,
65447,1,6,2,,distance,levenshtein,0.3288729190826416,0.0,0.0,0.0,2,success,
88322,1,6,7,,distance,levenshtein,45.87167501449585,0.2647058823529412,1.0,0.4186046511627907,7,success,
114,1,3,6,,distance,levenshtein,2.4871292114257812,0.2903225806451613,1.0,0.45,6,success,
65447,1,6,3,,distance,levenshtein,1.6068611145019531,0.2647058823529412,1.0,0.4186046511627907,3,success,
58656,1,5,6,,distance,levenshtein,24.66016697883606,0.24324324324324326,1.0,0.391304347826087,6,success,
88322,1,6,8,,distance,levenshtein,2.7801148891448975,0.2647058823529412,1.0,0.4186046511627907,8,success,
65447,1,6,4,,distance,levenshtein,3.263852834701538,0.2571428571428571,1.0,0.4090909090909091,4,success,
114,1,3,7,,distance,levenshtein,4.1205220222473145,0.2903225806451613,1.0,0.45,7,success,
88322,1,6,9,,distance,levenshtein,1.9285941123962402,0.2647058823529412,1.0,0.4186046511627907,9,success,
88322,1,6,10,,distance,levenshtein,1.7352399826049805,0.2647058823529412,1.0,0.4186046511627907,10,success,
3075,2,0,3,,distance,levenshtein,79.22526907920837,0.24324324324324326,1.0,0.391304347826087,3,success,
58656,1,5,7,,distance,levenshtein,7.119109869003296,0.24324324324324326,1.0,0.391304347826087,7,success,
88322,2,0,2,,distance,levenshtein,1.4224278926849365,0.3333333333333333,1.0,0.5,2,success,
114,1,3,8,,distance,levenshtein,3.687311887741089,0.2903225806451613,1.0,0.45,8,success,
65447,1,6,5,,distance,levenshtein,7.974244117736816,0.23529411764705882,0.8888888888888888,0.37209302325581395,5,success,
89149,1,2,5,,distance,levenshtein,50.48385190963745,0.225,1.0,0.3673469387755102,5,success,
58656,1,5,8,,distance,levenshtein,6.232503890991211,0.24324324324324326,1.0,0.391304347826087,8,success,
65447,1,6,6,,distance,levenshtein,3.1123790740966797,0.2647058823529412,1.0,0.4186046511627907,6,success,
114,1,3,9,,distance,levenshtein,7.197296142578125,0.2903225806451613,1.0,0.45,9,success,
65447,1,6,7,,distance,levenshtein,1.3949029445648193,0.23529411764705882,0.8888888888888888,0.37209302325581395,7,success,
31055,1,6,4,,distance,levenshtein,30.355170011520386,0.25,1.0,0.4,4,success,
65447,1,6,8,,distance,levenshtein,2.6642370223999023,0.23529411764705882,0.8888888888888888,0.37209302325581395,8,success,
65447,1,6,9,,distance,levenshtein,1.6938729286193848,0.2571428571428571,1.0,0.4090909090909091,9,success,
58656,1,5,9,,distance,levenshtein,7.246051073074341,0.24324324324324326,1.0,0.391304347826087,9,success,
31055,1,6,5,,distance,levenshtein,2.7688629627227783,0.25,1.0,0.4,5,success,
65447,1,6,10,,distance,levenshtein,2.381675958633423,0.2647058823529412,1.0,0.4186046511627907,10,success,
65447,2,0,2,,distance,levenshtein,0.9732658863067627,0.28125,1.0,0.43902439024390244,2,success,
114,1,3,10,,distance,levenshtein,11.674133062362671,0.2903225806451613,1.0,0.45,10,success,
114,1,4,2,,distance,levenshtein,0.4333939552307129,0.0,0.0,0.0,2,success,
31055,1,6,6,,distance,levenshtein,6.915618896484375,0.25,1.0,0.4,6,success,
58656,1,5,10,,distance,levenshtein,7.462941884994507,0.24324324324324326,1.0,0.391304347826087,10,success,
58656,1,6,2,,distance,levenshtein,0.2732830047607422,0.0,0.0,0.0,2,success,
58656,1,6,3,,distance,levenshtein,1.8525559902191162,0.2222222222222222,0.8888888888888888,0.35555555555555557,3,success,
31055,1,6,7,,distance,levenshtein,8.578443050384521,0.25,1.0,0.4,7,success,
58656,1,6,4,,distance,levenshtein,7.158109903335571,0.24324324324324326,1.0,0.391304347826087,4,success,
114,1,4,3,,distance,levenshtein,16.292021989822388,0.2903225806451613,1.0,0.45,3,success,
31055,1,6,8,,distance,levenshtein,7.195562124252319,0.25,1.0,0.4,8,success,
31055,1,6,9,,distance,levenshtein,2.7782039642333984,0.25,1.0,0.4,9,success,
55151,1,5,5,,distance,levenshtein,95.2096438407898,0.25,1.0,0.4,5,success,
55151,1,5,6,,distance,levenshtein,5.428053140640259,0.25,1.0,0.4,6,success,
58656,1,6,5,,distance,levenshtein,21.37800097465515,0.24324324324324326,1.0,0.391304347826087,5,success,
31055,1,6,10,,distance,levenshtein,11.674361944198608,0.25,1.0,0.4,10,success,
58656,1,6,6,,distance,levenshtein,1.5768041610717773,0.25,1.0,0.4,6,success,
31055,2,0,2,,distance,levenshtein,1.5898768901824951,0.3,1.0,0.46153846153846156,2,success,
58656,1,6,7,,distance,levenshtein,0.623802900314331,0.24324324324324326,1.0,0.391304347826087,7,success,
89149,1,2,6,,distance,levenshtein,52.70667791366577,0.225,1.0,0.3673469387755102,6,success,
58656,1,6,8,,distance,levenshtein,3.4640140533447266,0.2222222222222222,0.8888888888888888,0.35555555555555557,8,success,
55151,1,5,7,,distance,levenshtein,9.29526400566101,0.25,1.0,0.4,7,success,
114,1,4,4,,distance,levenshtein,27.83061194419861,0.2903225806451613,1.0,0.45,4,success,
58656,1,6,9,,distance,levenshtein,5.07893180847168,0.24324324324324326,1.0,0.391304347826087,9,success,
97635,2,0,3,,distance,levenshtein,376.3059480190277,0.25,1.0,0.4,3,success,
58656,1,6,10,,distance,levenshtein,1.1573410034179688,0.2222222222222222,0.8888888888888888,0.35555555555555557,10,success,
58656,2,0,2,,distance,levenshtein,1.3128669261932373,0.2727272727272727,1.0,0.42857142857142855,2,success,
8988,1,2,10,,distance,levenshtein,84.03405809402466,0.3,1.0,0.46153846153846156,10,success,
8988,1,3,2,,distance,levenshtein,0.21152997016906738,0.11594202898550725,0.8888888888888888,0.20512820512820512,2,success,
55151,1,5,8,,distance,levenshtein,8.773254871368408,0.25,1.0,0.4,8,success,
8988,1,3,3,,distance,levenshtein,1.4873569011688232,0.3,1.0,0.46153846153846156,3,success,
8988,1,3,4,,distance,levenshtein,5.862153053283691,0.3,1.0,0.46153846153846156,4,success,
89149,1,2,7,,distance,levenshtein,29.16838502883911,0.225,1.0,0.3673469387755102,7,success,
55151,1,5,9,,distance,levenshtein,19.264739990234375,0.25,1.0,0.4,9,success,
8988,1,3,5,,distance,levenshtein,18.78235387802124,0.3,1.0,0.46153846153846156,5,success,
55151,1,5,10,,distance,levenshtein,21.684866905212402,0.25,1.0,0.4,10,success,
55151,1,6,2,,distance,levenshtein,0.3166210651397705,0.0,0.0,0.0,2,success,
55151,1,6,3,,distance,levenshtein,0.782271146774292,0.25,1.0,0.4,3,success,
55151,1,6,4,,distance,levenshtein,2.402600049972534,0.25,1.0,0.4,4,success,
51134,2,0,3,,distance,levenshtein,464.86929297447205,0.2571428571428571,1.0,0.4090909090909091,3,success,
75385,2,0,3,,distance,levenshtein,290.1599910259247,0.391304347826087,1.0,0.5625,3,success,
8988,1,3,6,,distance,levenshtein,27.10367202758789,0.3103448275862069,1.0,0.47368421052631576,6,success,
55151,1,6,5,,distance,levenshtein,6.782248020172119,0.25,1.0,0.4,5,success,
55151,1,6,6,,distance,levenshtein,11.339469194412231,0.25,1.0,0.4,6,success,
15852,2,0,3,,distance,levenshtein,331.04121112823486,0.23076923076923078,1.0,0.375,3,success,
89149,1,2,8,,distance,levenshtein,63.16738986968994,0.225,1.0,0.3673469387755102,8,success,
55151,1,6,7,,distance,levenshtein,27.561424016952515,0.22857142857142856,0.8888888888888888,0.36363636363636365,7,success,
8988,1,3,7,,distance,levenshtein,40.234423875808716,0.3,1.0,0.46153846153846156,7,success,
55151,1,6,8,,distance,levenshtein,1.2672951221466064,0.25,1.0,0.4,8,success,
55151,1,6,9,,distance,levenshtein,1.3752148151397705,0.25,1.0,0.4,9,success,
8988,1,3,8,,distance,levenshtein,3.4287400245666504,0.3,1.0,0.46153846153846156,8,success,
55151,1,6,10,,distance,levenshtein,1.7459030151367188,0.25,1.0,0.4,10,success,
55151,2,0,2,,distance,levenshtein,1.3745968341827393,0.36,1.0,0.5294117647058824,2,success,
8988,1,3,9,,distance,levenshtein,4.263428211212158,0.3,1.0,0.46153846153846156,9,success,
8988,1,3,10,,distance,levenshtein,3.777388095855713,0.3103448275862069,1.0,0.47368421052631576,10,success,
8988,1,4,2,,distance,levenshtein,0.3496220111846924,0.0,0.0,0.0,2,success,
8988,1,4,3,,distance,levenshtein,2.741070032119751,0.3103448275862069,1.0,0.47368421052631576,3,success,
114,1,4,5,,distance,levenshtein,122.2416639328003,0.2903225806451613,1.0,0.45,5,success,
89149,1,2,9,,distance,levenshtein,34.97604203224182,0.225,1.0,0.3673469387755102,9,success,
8988,1,4,4,,distance,levenshtein,6.642077922821045,0.3103448275862069,1.0,0.47368421052631576,4,success,
114,1,4,6,,distance,levenshtein,11.501389980316162,0.2903225806451613,1.0,0.45,6,success,
114,1,4,7,,distance,levenshtein,8.293536901473999,0.2903225806451613,1.0,0.45,7,success,
8988,1,4,5,,distance,levenshtein,20.256420135498047,0.3,1.0,0.46153846153846156,5,success,
114,1,4,8,,distance,levenshtein,16.78694200515747,0.2903225806451613,1.0,0.45,8,success,
28998,2,0,3,,distance,levenshtein,635.277508020401,0.23076923076923078,1.0,0.375,3,success,
8988,1,4,6,,distance,levenshtein,37.12862515449524,0.3,1.0,0.46153846153846156,6,success,
114,1,4,9,,distance,levenshtein,27.663684844970703,0.2903225806451613,1.0,0.45,9,success,
89149,1,2,10,,distance,levenshtein,74.52766108512878,0.225,1.0,0.3673469387755102,10,success,
89149,1,3,2,,distance,levenshtein,0.25996899604797363,0.0,0.0,0.0,2,success,
89149,1,3,3,,distance,levenshtein,2.721748113632202,0.225,1.0,0.3673469387755102,3,success,
114,1,4,10,,distance,levenshtein,19.37266993522644,0.2903225806451613,1.0,0.45,10,success,
89149,1,3,4,,distance,levenshtein,7.254648923873901,0.225,1.0,0.3673469387755102,4,success,
114,1,5,2,,distance,levenshtein,0.7877559661865234,0.0,0.0,0.0,2,success,
114,1,5,3,,distance,levenshtein,5.866981029510498,0.2903225806451613,1.0,0.45,3,success,
89149,1,3,5,,distance,levenshtein,23.761668920516968,0.225,1.0,0.3673469387755102,5,success,
8988,1,4,7,,distance,levenshtein,49.98370909690857,0.3103448275862069,1.0,0.47368421052631576,7,success,
114,1,5,4,,distance,levenshtein,18.866640090942383,0.2903225806451613,1.0,0.45,4,success,
8988,1,4,8,,distance,levenshtein,4.963267803192139,0.3,1.0,0.46153846153846156,8,success,
8988,1,4,9,,distance,levenshtein,5.5567309856414795,0.3,1.0,0.46153846153846156,9,success,
8988,1,4,10,,distance,levenshtein,13.531936883926392,0.3,1.0,0.46153846153846156,10,success,
8988,1,5,2,,distance,levenshtein,0.4955940246582031,0.0,0.0,0.0,2,success,
8988,1,5,3,,distance,levenshtein,8.992501020431519,0.3103448275862069,1.0,0.47368421052631576,3,success,
89149,1,3,6,,distance,levenshtein,52.0284218788147,0.225,1.0,0.3673469387755102,6,success,
89149,1,3,7,,distance,levenshtein,5.557628870010376,0.225,1.0,0.3673469387755102,7,success,
114,1,5,5,,distance,levenshtein,59.106159925460815,0.2903225806451613,1.0,0.45,5,success,
89149,1,3,8,,distance,levenshtein,6.090126037597656,0.225,1.0,0.3673469387755102,8,success,
8988,1,5,4,,distance,levenshtein,30.313941955566406,0.3,1.0,0.46153846153846156,4,success,
114,1,5,6,,distance,levenshtein,10.089764833450317,0.2903225806451613,1.0,0.45,6,success,
89149,1,3,9,,distance,levenshtein,6.951871871948242,0.225,1.0,0.3673469387755102,9,success,
114,1,5,7,,distance,levenshtein,6.278895854949951,0.2903225806451613,1.0,0.45,7,success,
89149,1,3,10,,distance,levenshtein,9.625174045562744,0.225,1.0,0.3673469387755102,10,success,
89149,1,4,2,,distance,levenshtein,0.35369110107421875,0.0,0.0,0.0,2,success,
89149,1,4,3,,distance,levenshtein,0.6832458972930908,0.225,1.0,0.3673469387755102,3,success,
114,1,5,8,,distance,levenshtein,10.415225982666016,0.2903225806451613,1.0,0.45,8,success,
114,1,5,9,,distance,levenshtein,13.632919073104858,0.2903225806451613,1.0,0.45,9,success,
8988,1,5,5,,distance,levenshtein,38.04872798919678,0.3103448275862069,1.0,0.47368421052631576,5,success,
8988,1,5,6,,distance,levenshtein,6.490587949752808,0.3103448275862069,1.0,0.47368421052631576,6,success,
89149,1,4,4,,distance,levenshtein,33.02936291694641,0.225,1.0,0.3673469387755102,4,success,
3075,2,0,4,,distance,levenshtein,420.4922420978546,0.21951219512195122,1.0,0.36,4,success,
8988,1,5,7,,distance,levenshtein,9.520226955413818,0.3,1.0,0.46153846153846156,7,success,
114,1,5,10,,distance,levenshtein,25.353639841079712,0.2903225806451613,1.0,0.45,10,success,
114,1,6,2,,distance,levenshtein,0.2659611701965332,0.0,0.0,0.0,2,success,
114,1,6,3,,distance,levenshtein,1.3545119762420654,0.2903225806451613,1.0,0.45,3,success,
8988,1,5,8,,distance,levenshtein,14.7276029586792,0.3,1.0,0.46153846153846156,8,success,
114,1,6,4,,distance,levenshtein,9.131239175796509,0.2903225806451613,1.0,0.45,4,success,
8988,1,5,9,,distance,levenshtein,5.4349939823150635,0.3,1.0,0.46153846153846156,9,success,
15852,2,0,4,,distance,levenshtein,295.52010107040405,0.23076923076923078,1.0,0.375,4,success,
114,1,6,5,,distance,levenshtein,4.933803081512451,0.2903225806451613,1.0,0.45,5,success,
89149,1,4,5,,distance,levenshtein,36.07807683944702,0.225,1.0,0.3673469387755102,5,success,
89149,1,4,6,,distance,levenshtein,4.331128120422363,0.225,1.0,0.3673469387755102,6,success,
89149,1,4,7,,distance,levenshtein,7.694579124450684,0.225,1.0,0.3673469387755102,7,success,
114,1,6,6,,distance,levenshtein,23.168090105056763,0.2903225806451613,1.0,0.45,6,success,
114,1,6,7,,distance,levenshtein,1.1790838241577148,0.2903225806451613,1.0,0.45,7,success,
89149,1,4,8,,distance,levenshtein,4.425735950469971,0.225,1.0,0.3673469387755102,8,success,
8988,1,5,10,,distance,levenshtein,27.545700073242188,0.3,1.0,0.46153846153846156,10,success,
8988,1,6,2,,distance,levenshtein,0.2167189121246338,0.0,0.0,0.0,2,success,
8988,1,6,3,,distance,levenshtein,1.0103559494018555,0.3,1.0,0.46153846153846156,3,success,
8988,1,6,4,,distance,levenshtein,0.7439701557159424,0.3,1.0,0.46153846153846156,4,success,
114,1,6,8,,distance,levenshtein,3.8281350135803223,0.2903225806451613,1.0,0.45,8,success,
114,1,6,9,,distance,levenshtein,3.767667055130005,0.2903225806451613,1.0,0.45,9,success,
114,1,6,10,,distance,levenshtein,2.7271018028259277,0.2903225806451613,1.0,0.45,10,success,
89149,1,4,9,,distance,levenshtein,11.20852518081665,0.225,1.0,0.3673469387755102,9,success,
114,2,0,2,,distance,levenshtein,1.0740199089050293,0.3,1.0,0.46153846153846156,2,success,
3075,2,0,5,,distance,levenshtein,70.92603206634521,0.23076923076923078,1.0,0.375,5,success,
8988,1,6,5,,distance,levenshtein,15.56440019607544,0.3,1.0,0.46153846153846156,5,success,
8988,1,6,6,,distance,levenshtein,1.136376142501831,0.3,1.0,0.46153846153846156,6,success,
8988,1,6,7,,distance,levenshtein,2.238626003265381,0.3103448275862069,1.0,0.47368421052631576,7,success,
89149,1,4,10,,distance,levenshtein,10.506053924560547,0.225,1.0,0.3673469387755102,10,success,
89149,1,5,2,,distance,levenshtein,0.45574498176574707,0.0,0.0,0.0,2,success,
89149,1,5,3,,distance,levenshtein,1.8905491828918457,0.225,1.0,0.3673469387755102,3,success,
8988,1,6,8,,distance,levenshtein,3.50567889213562,0.3,1.0,0.46153846153846156,8,success,
8988,1,6,9,,distance,levenshtein,7.233804941177368,0.3,1.0,0.46153846153846156,9,success,
3075,2,0,6,,distance,levenshtein,20.031577110290527,0.225,1.0,0.3673469387755102,6,success,
8988,1,6,10,,distance,levenshtein,4.925699949264526,0.3,1.0,0.46153846153846156,10,success,
8988,2,0,2,,distance,levenshtein,2.017176866531372,0.32142857142857145,1.0,0.4864864864864865,2,success,
89149,1,5,4,,distance,levenshtein,21.622822999954224,0.225,1.0,0.3673469387755102,4,success,
89149,1,5,5,,distance,levenshtein,6.3785400390625,0.225,1.0,0.3673469387755102,5,success,
3075,2,0,7,,distance,levenshtein,22.480674028396606,0.21951219512195122,1.0,0.36,7,success,
89149,1,5,6,,distance,levenshtein,8.427767038345337,0.225,1.0,0.3673469387755102,6,success,
89149,1,5,7,,distance,levenshtein,7.458600997924805,0.225,1.0,0.3673469387755102,7,success,
89149,1,5,8,,distance,levenshtein,3.8740899562835693,0.225,1.0,0.3673469387755102,8,success,
15852,2,0,5,,distance,levenshtein,108.11034083366394,0.23684210526315788,1.0,0.3829787234042553,5,success,
89149,1,5,9,,distance,levenshtein,18.57577681541443,0.225,1.0,0.3673469387755102,9,success,
89149,1,5,10,,distance,levenshtein,23.295357942581177,0.225,1.0,0.3673469387755102,10,success,
89149,1,6,2,,distance,levenshtein,0.35268592834472656,0.0,0.0,0.0,2,success,
89149,1,6,3,,distance,levenshtein,0.8434438705444336,0.225,1.0,0.3673469387755102,3,success,
89149,1,6,4,,distance,levenshtein,2.205217123031616,0.225,1.0,0.3673469387755102,4,success,
89149,1,6,5,,distance,levenshtein,14.046449899673462,0.225,1.0,0.3673469387755102,5,success,
11298,2,0,3,,distance,levenshtein,820.1775639057159,0.2571428571428571,1.0,0.4090909090909091,3,success,
89149,1,6,6,,distance,levenshtein,8.518429040908813,0.225,1.0,0.3673469387755102,6,success,
15852,2,0,6,,distance,levenshtein,67.26799392700195,0.225,1.0,0.3673469387755102,6,success,
3075,2,0,8,,distance,levenshtein,102.63884997367859,0.2222222222222222,0.8888888888888888,0.35555555555555557,8,success,
89149,1,6,7,,distance,levenshtein,20.87898087501526,0.225,1.0,0.3673469387755102,7,success,
89149,1,6,8,,distance,levenshtein,3.172423839569092,0.225,1.0,0.3673469387755102,8,success,
89149,1,6,9,,distance,levenshtein,2.508713960647583,0.225,1.0,0.3673469387755102,9,success,
89149,1,6,10,,distance,levenshtein,1.2767000198364258,0.225,1.0,0.3673469387755102,10,success,
89149,2,0,2,,distance,levenshtein,1.4859871864318848,0.32142857142857145,1.0,0.4864864864864865,2,success,
3075,2,0,9,,distance,levenshtein,59.00578594207764,0.2,0.8888888888888888,0.32653061224489793,9,success,
15852,2,0,7,,distance,levenshtein,94.22512197494507,0.23076923076923078,1.0,0.375,7,success,
15852,2,0,8,,distance,levenshtein,28.93151307106018,0.225,1.0,0.3673469387755102,8,success,
15852,2,0,9,,distance,levenshtein,34.14213705062866,0.225,1.0,0.3673469387755102,9,success,
15852,2,0,10,,distance,levenshtein,37.05950689315796,0.225,1.0,0.3673469387755102,10,success,
15852,2,1,2,,distance,levenshtein,1.9125640392303467,0.11594202898550725,0.8888888888888888,0.20512820512820512,2,success,
55151,2,0,3,,distance,levenshtein,660.2769200801849,0.28125,1.0,0.43902439024390244,3,success,
97635,2,0,4,,distance,levenshtein,770.3105750083923,0.24324324324324326,1.0,0.391304347826087,4,success,
3075,2,0,10,,distance,levenshtein,143.3178780078888,0.23684210526315788,1.0,0.3829787234042553,10,success,
3075,2,1,2,,distance,levenshtein,0.8978180885314941,0.28125,1.0,0.43902439024390244,2,success,
97635,2,0,5,,distance,levenshtein,107.5192129611969,0.25,1.0,0.4,5,success,
97635,2,0,6,,distance,levenshtein,15.094666957855225,0.24324324324324326,1.0,0.391304347826087,6,success,
75385,2,0,4,,distance,levenshtein,861.4866819381714,0.391304347826087,1.0,0.5625,4,success,
87228,2,0,3,,distance,levenshtein,1400.1229350566864,0.28125,1.0,0.43902439024390244,3,success,
56085,2,0,3,,distance,levenshtein,1305.5258870124817,0.36,1.0,0.5294117647058824,3,success,
75385,2,0,5,,distance,levenshtein,67.85003900527954,0.391304347826087,1.0,0.5625,5,success,
97635,2,0,7,,distance,levenshtein,94.96411490440369,0.24324324324324326,1.0,0.391304347826087,7,success,
75385,2,0,6,,distance,levenshtein,29.72317409515381,0.391304347826087,1.0,0.5625,6,success,
114,2,0,3,,distance,levenshtein,642.928316116333,0.2571428571428571,1.0,0.4090909090909091,3,success,
97635,2,0,8,,distance,levenshtein,143.6093089580536,0.25,1.0,0.4,8,success,
97635,2,0,9,,distance,levenshtein,6.163609027862549,0.25,1.0,0.4,9,success,
75385,2,0,7,,distance,levenshtein,124.51684808731079,0.391304347826087,1.0,0.5625,7,success,
97635,2,0,10,,distance,levenshtein,6.203252077102661,0.25,1.0,0.4,10,success,
97635,2,1,2,,distance,levenshtein,1.3322501182556152,0.12162162162162163,1.0,0.21686746987951808,2,success,
51134,2,0,4,,distance,levenshtein,1119.8750369548798,0.28125,1.0,0.43902439024390244,4,success,
51134,2,0,5,,distance,levenshtein,23.05707597732544,0.25,1.0,0.4,5,success,
75385,2,0,8,,distance,levenshtein,115.06154298782349,0.391304347826087,1.0,0.5625,8,success,
51134,2,0,6,,distance,levenshtein,75.6394989490509,0.2571428571428571,1.0,0.4090909090909091,6,success,
75385,2,0,9,,distance,levenshtein,24.954471111297607,0.391304347826087,1.0,0.5625,9,success,
75385,2,0,10,,distance,levenshtein,23.505133152008057,0.391304347826087,1.0,0.5625,10,success,
75385,2,1,2,,distance,levenshtein,2.494663953781128,0.11392405063291139,1.0,0.20454545454545456,2,success,
51134,2,0,7,,distance,levenshtein,85.70260500907898,0.2727272727272727,1.0,0.42857142857142855,7,success,
12153,2,0,3,,distance,levenshtein,1841.7493028640747,0.21428571428571427,1.0,0.35294117647058826,3,success,
51134,2,0,8,,distance,levenshtein,102.68845105171204,0.2571428571428571,1.0,0.4090909090909091,8,success,
59934,2,0,3,,distance,levenshtein,1697.2868831157684,0.24324324324324326,1.0,0.391304347826087,3,success,
28998,2,0,4,,distance,levenshtein,1349.666298866272,0.21428571428571427,1.0,0.35294117647058826,4,success,
51134,2,0,9,,distance,levenshtein,74.80287003517151,0.25,1.0,0.4,9,success,
97635,2,1,3,,distance,levenshtein,390.6159620285034,0.25,1.0,0.4,3,success,
28998,2,0,5,,distance,levenshtein,34.02637815475464,0.21951219512195122,1.0,0.36,5,success,
28998,2,0,6,,distance,levenshtein,67.49862694740295,0.225,1.0,0.3673469387755102,6,success,
51134,2,0,10,,distance,levenshtein,117.66277503967285,0.2571428571428571,1.0,0.4090909090909091,10,success,
51134,2,1,2,,distance,levenshtein,0.8864579200744629,0.125,1.0,0.2222222222222222,2,success,
114,2,0,4,,distance,levenshtein,620.4593629837036,0.25,1.0,0.4,4,success,
114,2,0,5,,distance,levenshtein,32.17628788948059,0.24324324324324326,1.0,0.391304347826087,5,success,
28998,2,0,7,,distance,levenshtein,116.7959258556366,0.21951219512195122,1.0,0.36,7,success,
55151,2,0,4,,distance,levenshtein,976.1819069385529,0.2727272727272727,1.0,0.42857142857142855,4,success,
9471,2,0,4,,distance,levenshtein,1946.5422370433807,0.375,1.0,0.5454545454545454,4,success,
55151,2,0,5,,distance,levenshtein,28.83457899093628,0.2727272727272727,1.0,0.42857142857142855,5,success,
39871,2,0,3,,distance,levenshtein,2111.7009189128876,0.23684210526315788,1.0,0.3829787234042553,3,success,
11298,2,0,4,,distance,levenshtein,1275.6664590835571,0.25,1.0,0.4,4,success,
9471,2,0,5,,distance,levenshtein,89.03557896614075,0.34615384615384615,1.0,0.5142857142857142,5,success,
55151,2,0,6,,distance,levenshtein,80.00995707511902,0.2727272727272727,1.0,0.42857142857142855,6,success,
28998,2,0,8,,distance,levenshtein,121.99761414527893,0.21951219512195122,1.0,0.36,8,success,
11298,2,0,5,,distance,levenshtein,41.44928979873657,0.25,1.0,0.4,5,success,
15852,2,1,3,,distance,levenshtein,1119.958515882492,0.23076923076923078,1.0,0.375,3,success,
9471,2,0,6,,distance,levenshtein,42.38080406188965,0.34615384615384615,1.0,0.5142857142857142,6,success,
11298,2,0,6,,distance,levenshtein,48.06670594215393,0.25,1.0,0.4,6,success,
114,2,0,6,,distance,levenshtein,209.19093799591064,0.24324324324324326,1.0,0.391304347826087,6,success,
55151,2,0,7,,distance,levenshtein,106.478924036026,0.28125,1.0,0.43902439024390244,7,success,
11298,2,0,7,,distance,levenshtein,60.213756799697876,0.2571428571428571,1.0,0.4090909090909091,7,success,
114,2,0,7,,distance,levenshtein,60.19706392288208,0.24324324324324326,1.0,0.391304347826087,7,success,
3075,2,1,3,,distance,levenshtein,1211.3760650157928,0.25,1.0,0.4,3,success,
28998,2,0,9,,distance,levenshtein,140.40805792808533,0.21428571428571427,1.0,0.35294117647058826,9,success,
55151,2,0,8,,distance,levenshtein,41.54144096374512,0.2727272727272727,1.0,0.42857142857142855,8,success,
55151,2,0,9,,distance,levenshtein,5.450083017349243,0.2727272727272727,1.0,0.42857142857142855,9,success,
9471,2,0,7,,distance,levenshtein,135.57365608215332,0.34615384615384615,1.0,0.5142857142857142,7,success,
55151,2,0,10,,distance,levenshtein,6.655198097229004,0.2727272727272727,1.0,0.42857142857142855,10,success,
55151,2,1,2,,distance,levenshtein,1.321749210357666,0.12162162162162163,1.0,0.21686746987951808,2,success,
114,2,0,8,,distance,levenshtein,55.76851797103882,0.24324324324324326,1.0,0.391304347826087,8,success,
11298,2,0,8,,distance,levenshtein,66.89732313156128,0.2571428571428571,1.0,0.4090909090909091,8,success,
28998,2,0,10,,distance,levenshtein,58.495227098464966,0.21428571428571427,1.0,0.35294117647058826,10,success,
28998,2,1,2,,distance,levenshtein,1.3842101097106934,0.11764705882352941,0.8888888888888888,0.2077922077922078,2,success,
9471,2,0,8,,distance,levenshtein,67.63622689247131,0.36,1.0,0.5294117647058824,8,success,
114,2,0,9,,distance,levenshtein,56.29096484184265,0.24324324324324326,1.0,0.391304347826087,9,success,
114,2,0,10,,distance,levenshtein,6.931535005569458,0.25,1.0,0.4,10,success,
114,2,1,2,,distance,levenshtein,1.167330026626587,0.11267605633802817,0.8888888888888888,0.2,2,success,
11298,2,0,9,,distance,levenshtein,139.43127989768982,0.25,1.0,0.4,9,success,
9471,2,0,9,,distance,levenshtein,143.37091302871704,0.34615384615384615,1.0,0.5142857142857142,9,success,
9471,2,0,10,,distance,levenshtein,6.35853385925293,0.34615384615384615,1.0,0.5142857142857142,10,success,
9471,2,1,2,,distance,levenshtein,1.0463149547576904,0.11538461538461539,1.0,0.20689655172413793,2,success,
59934,2,0,4,,distance,levenshtein,785.0454940795898,0.24324324324324326,1.0,0.391304347826087,4,success,
59934,2,0,5,,distance,levenshtein,16.269563913345337,0.23684210526315788,1.0,0.3829787234042553,5,success,
12153,2,0,4,,distance,levenshtein,888.2123248577118,0.20930232558139536,1.0,0.34615384615384615,4,success,
59934,2,0,6,,distance,levenshtein,47.3707058429718,0.23684210526315788,1.0,0.3829787234042553,6,success,
12153,2,0,5,,distance,levenshtein,58.52727794647217,0.1956521739130435,1.0,0.32727272727272727,5,success,
12153,2,0,6,,distance,levenshtein,16.34950613975525,0.1956521739130435,1.0,0.32727272727272727,6,success,
51134,2,1,3,,distance,levenshtein,754.0130090713501,0.2571428571428571,1.0,0.4090909090909091,3,success,
12153,2,0,7,,distance,levenshtein,32.427462100982666,0.2,1.0,0.3333333333333333,7,success,
11298,2,0,10,,distance,levenshtein,244.80336093902588,0.2571428571428571,1.0,0.4090909090909091,10,success,
11298,2,1,2,,distance,levenshtein,1.249898910522461,0.12162162162162163,1.0,0.21686746987951808,2,success,
59934,2,0,7,,distance,levenshtein,121.50367379188538,0.24324324324324326,1.0,0.391304347826087,7,success,
6886,2,0,3,,distance,levenshtein,2889.142501115799,0.2727272727272727,1.0,0.42857142857142855,3,success,
87228,2,0,4,,distance,levenshtein,1578.6366708278656,0.28125,1.0,0.43902439024390244,4,success,
12153,2,0,8,,distance,levenshtein,90.93615508079529,0.1956521739130435,1.0,0.32727272727272727,8,success,
87228,2,0,5,,distance,levenshtein,93.6416449546814,0.2727272727272727,1.0,0.42857142857142855,5,success,
12153,2,0,9,,distance,levenshtein,73.9460859298706,0.1956521739130435,1.0,0.32727272727272727,9,success,
11298,2,1,3,,distance,levenshtein,193.2473850250244,0.2571428571428571,1.0,0.4090909090909091,3,success,
59934,2,0,8,,distance,levenshtein,159.74815106391907,0.23684210526315788,1.0,0.3829787234042553,8,success,
12153,2,0,10,,distance,levenshtein,56.5094530582428,0.1956521739130435,1.0,0.32727272727272727,10,success,
12153,2,1,2,,distance,levenshtein,0.7848989963531494,0.25,1.0,0.4,2,success,
87228,2,0,6,,distance,levenshtein,82.56436896324158,0.2727272727272727,1.0,0.42857142857142855,6,success,
87228,2,0,7,,distance,levenshtein,64.227863073349,0.28125,1.0,0.43902439024390244,7,success,
59934,2,0,9,,distance,levenshtein,135.52128911018372,0.23684210526315788,1.0,0.3829787234042553,9,success,
87228,2,0,8,,distance,levenshtein,54.58574914932251,0.2727272727272727,1.0,0.42857142857142855,8,success,
12153,2,1,3,,distance,levenshtein,153.39459896087646,0.21428571428571427,1.0,0.35294117647058826,3,success,
87228,2,0,9,,distance,levenshtein,121.36747312545776,0.2727272727272727,1.0,0.42857142857142855,9,success,
87228,2,0,10,,distance,levenshtein,57.93998193740845,0.2727272727272727,1.0,0.42857142857142855,10,success,
87228,2,1,2,,distance,levenshtein,1.6506781578063965,0.1232876712328767,1.0,0.21951219512195122,2,success,
59934,2,0,10,,distance,levenshtein,205.32482194900513,0.23684210526315788,1.0,0.3829787234042553,10,success,
59934,2,1,2,,distance,levenshtein,1.4529218673706055,0.1267605633802817,1.0,0.225,2,success,
9471,2,1,3,,distance,levenshtein,794.7492141723633,0.3103448275862069,1.0,0.47368421052631576,3,success,
114,2,1,3,,distance,levenshtein,1009.7022318840027,0.25,1.0,0.4,3,success,
55151,2,1,3,,distance,levenshtein,1162.9779920578003,0.28125,1.0,0.43902439024390244,3,success,
56085,2,0,4,,distance,levenshtein,2266.993507862091,0.36,1.0,0.5294117647058824,4,success,
56085,2,0,5,,distance,levenshtein,67.47771215438843,0.36,1.0,0.5294117647058824,5,success,
3075,2,1,4,,distance,levenshtein,1304.8414869308472,0.225,1.0,0.3673469387755102,4,success,
39871,2,0,4,,distance,levenshtein,1535.882210969925,0.23076923076923078,1.0,0.375,4,success,
56085,2,0,6,,distance,levenshtein,78.44092392921448,0.375,1.0,0.5454545454545454,6,success,
39871,2,0,5,,distance,levenshtein,41.88192296028137,0.23684210526315788,1.0,0.3829787234042553,5,success,
87228,2,1,3,,distance,levenshtein,398.9312949180603,0.28125,1.0,0.43902439024390244,3,success,
39871,2,0,6,,distance,levenshtein,45.95477795600891,0.23076923076923078,1.0,0.375,6,success,
56085,2,0,7,,distance,levenshtein,127.27722907066345,0.375,1.0,0.5454545454545454,7,success,
56085,2,0,8,,distance,levenshtein,60.80102610588074,0.36,1.0,0.5294117647058824,8,success,
51134,2,1,4,,distance,levenshtein,1179.8008058071136,0.25,1.0,0.4,4,success,
51134,2,1,5,,distance,levenshtein,27.48635196685791,0.2571428571428571,1.0,0.4090909090909091,5,success,
39871,2,0,7,,distance,levenshtein,212.73341298103333,0.23076923076923078,1.0,0.375,7,success,
39871,2,0,8,,distance,levenshtein,40.58862590789795,0.23076923076923078,1.0,0.375,8,success,
51134,2,1,6,,distance,levenshtein,61.83342099189758,0.25,1.0,0.4,6,success,
56085,2,0,9,,distance,levenshtein,150.33489894866943,0.36,1.0,0.5294117647058824,9,success,
3075,2,1,5,,distance,levenshtein,412.1871569156647,0.21951219512195122,1.0,0.36,5,success,
51134,2,1,7,,distance,levenshtein,63.562002182006836,0.2571428571428571,1.0,0.4090909090909091,7,success,
3075,2,1,6,,distance,levenshtein,81.73092913627625,0.21951219512195122,1.0,0.36,6,success,
39871,2,0,9,,distance,levenshtein,129.14120507240295,0.23076923076923078,1.0,0.375,9,success,
56085,2,0,10,,distance,levenshtein,121.2947108745575,0.36,1.0,0.5294117647058824,10,success,
56085,2,1,2,,distance,levenshtein,1.519636869430542,0.11688311688311688,1.0,0.20930232558139536,2,success,
3075,2,1,7,,distance,levenshtein,51.2264518737793,0.225,1.0,0.3673469387755102,7,success,
15852,2,1,4,,distance,levenshtein,2026.3600120544434,0.225,1.0,0.3673469387755102,4,success,
51134,2,1,8,,distance,levenshtein,154.99182510375977,0.25,1.0,0.4,8,success,
15852,2,1,5,,distance,levenshtein,21.05121898651123,0.24324324324324326,1.0,0.391304347826087,5,success,
15852,2,1,6,,distance,levenshtein,26.683459997177124,0.225,1.0,0.3673469387755102,6,success,
51134,2,1,9,,distance,levenshtein,52.24133515357971,0.25,1.0,0.4,9,success,
15852,2,1,7,,distance,levenshtein,36.494877099990845,0.23076923076923078,1.0,0.375,7,success,
3075,2,1,8,,distance,levenshtein,157.00303602218628,0.23076923076923078,1.0,0.375,8,success,
114,2,1,4,,distance,levenshtein,879.1866869926453,0.25,1.0,0.4,4,success,
39871,2,0,10,,distance,levenshtein,191.27935910224915,0.23076923076923078,1.0,0.375,10,success,
39871,2,1,2,,distance,levenshtein,1.3613991737365723,0.12,1.0,0.21428571428571427,2,success,
114,2,1,5,,distance,levenshtein,11.32065486907959,0.25,1.0,0.4,5,success,
12153,2,1,4,,distance,levenshtein,1247.7572600841522,0.2,1.0,0.3333333333333333,4,success,
114,2,1,6,,distance,levenshtein,56.86405611038208,0.25,1.0,0.4,6,success,
51134,2,1,10,,distance,levenshtein,116.28356504440308,0.25,1.0,0.4,10,success,
51134,2,3,2,,distance,levenshtein,0.7326028347015381,0.11267605633802817,0.8888888888888888,0.2,2,success,
39871,2,1,3,,distance,levenshtein,111.1168999671936,0.23684210526315788,1.0,0.3829787234042553,3,success,
11298,2,1,4,,distance,levenshtein,1512.41601395607,0.25,1.0,0.4,4,success,
114,2,1,7,,distance,levenshtein,73.56670498847961,0.22857142857142856,0.8888888888888888,0.36363636363636365,7,success,
15852,2,1,8,,distance,levenshtein,156.9032599925995,0.225,1.0,0.3673469387755102,8,success,
114,2,1,8,,distance,levenshtein,31.69777798652649,0.24324324324324326,1.0,0.391304347826087,8,success,
15852,2,1,9,,distance,levenshtein,39.113361120224,0.23076923076923078,1.0,0.375,9,success,
11298,2,1,5,,distance,levenshtein,75.9716169834137,0.25,1.0,0.4,5,success,
114,2,1,9,,distance,levenshtein,63.45865082740784,0.22857142857142856,0.8888888888888888,0.36363636363636365,9,success,
114,2,1,10,,distance,levenshtein,5.563762187957764,0.25,1.0,0.4,10,success,
114,2,3,2,,distance,levenshtein,1.547091007232666,0.125,1.0,0.2222222222222222,2,success,
15852,2,1,10,,distance,levenshtein,72.15889406204224,0.23076923076923078,1.0,0.375,10,success,
15852,2,3,2,,distance,levenshtein,0.8116598129272461,0.10294117647058823,0.7777777777777778,0.18181818181818182,2,success,
3075,2,1,9,,distance,levenshtein,296.14186000823975,0.21951219512195122,1.0,0.36,9,success,
11298,2,1,6,,distance,levenshtein,117.13757181167603,0.2571428571428571,1.0,0.4090909090909091,6,success,
87228,2,1,4,,distance,levenshtein,962.7502501010895,0.2727272727272727,1.0,0.42857142857142855,4,success,
51134,2,3,3,,distance,levenshtein,289.8676609992981,0.2727272727272727,1.0,0.42857142857142855,3,success,
87228,2,1,5,,distance,levenshtein,51.19222402572632,0.2727272727272727,1.0,0.42857142857142855,5,success,
11298,2,1,7,,distance,levenshtein,82.18472218513489,0.2571428571428571,1.0,0.4090909090909091,7,success,
39871,2,1,4,,distance,levenshtein,316.60732793807983,0.23076923076923078,1.0,0.375,4,success,
3075,2,1,10,,distance,levenshtein,150.37942099571228,0.23076923076923078,1.0,0.375,10,success,
3075,2,3,2,,distance,levenshtein,0.8239431381225586,0.1267605633802817,1.0,0.225,2,success,
87228,2,1,6,,distance,levenshtein,125.74218320846558,0.2727272727272727,1.0,0.42857142857142855,6,success,
87228,2,1,7,,distance,levenshtein,31.681294202804565,0.28125,1.0,0.43902439024390244,7,success,
11298,2,1,8,,distance,levenshtein,178.59731197357178,0.25,1.0,0.4,8,success,
87228,2,1,8,,distance,levenshtein,48.95451617240906,0.2727272727272727,1.0,0.42857142857142855,8,success,
39871,2,1,5,,distance,levenshtein,185.62866687774658,0.23076923076923078,1.0,0.375,5,success,
87228,2,1,9,,distance,levenshtein,46.29496097564697,0.2727272727272727,1.0,0.42857142857142855,9,success,
12153,2,1,5,,distance,levenshtein,678.7195219993591,0.2,1.0,0.3333333333333333,5,success,
12153,2,1,6,,distance,levenshtein,11.947835922241211,0.2,1.0,0.3333333333333333,6,success,
3075,2,3,3,,distance,levenshtein,302.97426104545593,0.22857142857142856,0.8888888888888888,0.36363636363636365,3,success,
11298,2,1,9,,distance,levenshtein,180.62522101402283,0.25,1.0,0.4,9,success,
15852,2,3,3,,distance,levenshtein,542.0881531238556,0.23076923076923078,1.0,0.375,3,success,
12153,2,1,7,,distance,levenshtein,73.00421810150146,0.1956521739130435,1.0,0.32727272727272727,7,success,
87228,2,1,10,,distance,levenshtein,180.31226801872253,0.2727272727272727,1.0,0.42857142857142855,10,success,
87228,2,3,2,,distance,levenshtein,1.236752986907959,0.1232876712328767,1.0,0.21951219512195122,2,success,
39871,2,1,6,,distance,levenshtein,227.05579495429993,0.23076923076923078,1.0,0.375,6,success,
9471,2,1,4,,distance,levenshtein,1830.0145988464355,0.3,1.0,0.46153846153846156,4,success,
11298,2,1,10,,distance,levenshtein,94.58830189704895,0.25,1.0,0.4,10,success,
11298,2,3,2,,distance,levenshtein,1.177556037902832,0.1095890410958904,0.8888888888888888,0.1951219512195122,2,success,
12153,2,1,8,,distance,levenshtein,76.87498688697815,0.2,1.0,0.3333333333333333,8,success,
9471,2,1,5,,distance,levenshtein,35.48478293418884,0.3103448275862069,1.0,0.47368421052631576,5,success,
12153,2,1,9,,distance,levenshtein,48.034860134124756,0.21428571428571427,1.0,0.35294117647058826,9,success,
39871,2,1,7,,distance,levenshtein,103.25523495674133,0.23076923076923078,1.0,0.375,7,success,
9471,2,1,6,,distance,levenshtein,54.7071418762207,0.32142857142857145,1.0,0.4864864864864865,6,success,
11298,2,3,3,,distance,levenshtein,96.86400604248047,0.09722222222222222,0.7777777777777778,0.1728395061728395,3,success,
39871,2,1,8,,distance,levenshtein,50.47788405418396,0.23684210526315788,1.0,0.3829787234042553,8,success,
12153,2,1,10,,distance,levenshtein,60.163029193878174,0.1956521739130435,1.0,0.32727272727272727,10,success,
12153,2,3,2,,distance,levenshtein,3.1102938652038574,0.11940298507462686,0.8888888888888888,0.21052631578947367,2,success,
9471,2,1,7,,distance,levenshtein,72.57156085968018,0.3,1.0,0.46153846153846156,7,success,
39871,2,1,9,,distance,levenshtein,53.810174226760864,0.23076923076923078,1.0,0.375,9,success,
9471,2,1,8,,distance,levenshtein,32.02391505241394,0.3103448275862069,1.0,0.47368421052631576,8,success,
97635,2,1,4,,distance,levenshtein,3569.77091383934,0.25,1.0,0.4,4,success,
26253,2,0,3,,distance,levenshtein,5561.909495830536,0.2647058823529412,1.0,0.4186046511627907,3,success,
97635,2,1,5,,distance,levenshtein,3.8518221378326416,0.25,1.0,0.4,5,success,
9471,2,1,9,,distance,levenshtein,63.35403919219971,0.3103448275862069,1.0,0.47368421052631576,9,success,
9471,2,1,10,,distance,levenshtein,5.782992839813232,0.3,1.0,0.46153846153846156,10,success,
9471,2,3,2,,distance,levenshtein,1.4085030555725098,0.1038961038961039,0.8888888888888888,0.18604651162790697,2,success,
39871,2,1,10,,distance,levenshtein,107.83212494850159,0.23684210526315788,1.0,0.3829787234042553,10,success,
39871,2,3,2,,distance,levenshtein,1.2016510963439941,0.12,1.0,0.21428571428571427,2,success,
97635,2,1,6,,distance,levenshtein,62.8285927772522,0.24324324324324326,1.0,0.391304347826087,6,success,
15852,2,3,4,,distance,levenshtein,374.3712010383606,0.24324324324324326,1.0,0.391304347826087,4,success,
15852,2,3,5,,distance,levenshtein,14.102037191390991,0.23076923076923078,1.0,0.375,5,success,
97635,2,1,7,,distance,levenshtein,33.96951198577881,0.24324324324324326,1.0,0.391304347826087,7,success,
55151,2,1,4,,distance,levenshtein,2044.718759059906,0.2727272727272727,1.0,0.42857142857142855,4,success,
55151,2,1,5,,distance,levenshtein,10.331825971603394,0.2727272727272727,1.0,0.42857142857142855,5,success,
97635,2,1,8,,distance,levenshtein,48.04543900489807,0.25,1.0,0.4,8,success,
97635,2,1,9,,distance,levenshtein,3.9955811500549316,0.25,1.0,0.4,9,success,
97635,2,1,10,,distance,levenshtein,5.03941798210144,0.25,1.0,0.4,10,success,
97635,2,3,2,,distance,levenshtein,1.3142781257629395,0.09722222222222222,0.7777777777777778,0.1728395061728395,2,success,
12153,2,3,3,,distance,levenshtein,286.58675718307495,0.21428571428571427,1.0,0.35294117647058826,3,success,
15852,2,3,6,,distance,levenshtein,110.10851788520813,0.225,1.0,0.3673469387755102,6,success,
11298,2,3,4,,distance,levenshtein,375.22930908203125,0.1095890410958904,0.8888888888888888,0.1951219512195122,4,success,
11298,2,3,5,,distance,levenshtein,9.951105117797852,0.10810810810810811,0.8888888888888888,0.1927710843373494,5,success,
11298,2,3,6,,distance,levenshtein,22.95904803276062,0.1111111111111111,0.8888888888888888,0.19753086419753085,6,success,
11298,2,3,7,,distance,levenshtein,31.435263872146606,0.10810810810810811,0.8888888888888888,0.1927710843373494,7,success,
9471,2,3,3,,distance,levenshtein,301.72345209121704,0.1038961038961039,0.8888888888888888,0.18604651162790697,3,success,
87228,2,3,3,,distance,levenshtein,617.1701340675354,0.28125,1.0,0.43902439024390244,3,success,
11298,2,3,8,,distance,levenshtein,84.57920002937317,0.10810810810810811,0.8888888888888888,0.1927710843373494,8,success,
15852,2,3,7,,distance,levenshtein,215.7259600162506,0.225,1.0,0.3673469387755102,7,success,
11298,2,3,9,,distance,levenshtein,22.89553189277649,0.10810810810810811,0.8888888888888888,0.1927710843373494,9,success,
11298,2,3,10,,distance,levenshtein,32.533950090408325,0.10810810810810811,0.8888888888888888,0.1927710843373494,10,success,
11298,2,4,2,,distance,levenshtein,1.2611479759216309,0.07142857142857142,0.5555555555555556,0.12658227848101267,2,success,
114,2,3,3,,distance,levenshtein,1326.8621389865875,0.25,1.0,0.4,3,success,
6886,2,0,4,,distance,levenshtein,3086.684240102768,0.2647058823529412,1.0,0.4186046511627907,4,success,
6886,2,0,5,,distance,levenshtein,51.704365968704224,0.2727272727272727,1.0,0.42857142857142855,5,success,
15852,2,3,8,,distance,levenshtein,177.4309561252594,0.225,1.0,0.3673469387755102,8,success,
6886,2,0,6,,distance,levenshtein,81.68345189094543,0.2647058823529412,1.0,0.4186046511627907,6,success,
15852,2,3,9,,distance,levenshtein,66.54192113876343,0.23076923076923078,1.0,0.375,9,success,
6886,2,0,7,,distance,levenshtein,81.29416489601135,0.2647058823529412,1.0,0.4186046511627907,7,success,
55151,2,1,6,,distance,levenshtein,560.6381537914276,0.2727272727272727,1.0,0.42857142857142855,6,success,
11298,2,4,3,,distance,levenshtein,307.3610360622406,0.07142857142857142,0.5555555555555556,0.12658227848101267,3,success,
3075,2,3,4,,distance,levenshtein,1136.2466509342194,0.2222222222222222,0.8888888888888888,0.35555555555555557,4,success,
15852,2,3,10,,distance,levenshtein,124.29804301261902,0.23076923076923078,1.0,0.375,10,success,
15852,2,4,2,,distance,levenshtein,0.9316830635070801,0.046875,0.3333333333333333,0.0821917808219178,2,success,
3075,2,3,5,,distance,levenshtein,24.307213068008423,0.21052631578947367,0.8888888888888888,0.3404255319148936,5,success,
