seed,class_a,class_b,num_states,deviation,case_name,distance_function,runtime,precision,recall,f1,states,status,error_message
39871,0,1,5,,distance,levenshtein,0.04545712471008301,1.0,1.0,1.0,5,success,
55151,0,1,3,,distance,levenshtein,0.019665002822875977,1.0,1.0,1.0,3,success,
11517,0,1,3,,distance,levenshtein,0.019514083862304688,1.0,1.0,1.0,3,success,
45,0,1,2,,distance,levenshtein,0.012489080429077148,1.0,1.0,1.0,2,success,
32584,0,1,3,,distance,levenshtein,0.027235031127929688,0.875,1.0,0.9333333333333333,3,success,
51338,0,1,3,,distance,levenshtein,0.04564404487609863,0.875,1.0,0.9333333333333333,3,success,
33653,0,1,2,,distance,levenshtein,0.012099981307983398,0.7777777777777778,1.0,0.875,2,success,
15852,0,1,3,,distance,levenshtein,0.02640390396118164,0.875,1.0,0.9333333333333333,3,success,
31055,0,1,2,,distance,levenshtein,0.021352052688598633,0.7777777777777778,1.0,0.875,2,success,
88322,0,1,3,,distance,levenshtein,0.01979804039001465,0.875,1.0,0.9333333333333333,3,success,
9471,0,1,5,,distance,levenshtein,0.0458531379699707,1.0,1.0,1.0,5,success,
58656,0,1,2,,distance,levenshtein,0.028840065002441406,0.7777777777777778,1.0,0.875,2,success,
63198,0,1,3,,distance,levenshtein,0.05659890174865723,0.7777777777777778,1.0,0.875,3,success,
12153,0,1,5,,distance,levenshtein,0.044938087463378906,0.875,1.0,0.9333333333333333,5,success,
6886,0,1,4,,distance,levenshtein,0.0656881332397461,1.0,1.0,1.0,4,success,
93884,0,1,4,,distance,levenshtein,0.04007601737976074,0.7777777777777778,1.0,0.875,4,success,
84787,0,1,4,,distance,levenshtein,0.04184699058532715,0.7777777777777778,1.0,0.875,4,success,
55151,0,1,4,,distance,levenshtein,0.0277860164642334,1.0,1.0,1.0,4,success,
37843,0,1,4,,distance,levenshtein,0.04698014259338379,0.875,1.0,0.9333333333333333,4,success,
26253,0,1,2,,distance,levenshtein,0.013120889663696289,0.875,1.0,0.9333333333333333,2,success,
68503,0,1,2,,distance,levenshtein,0.013607025146484375,0.875,1.0,0.9333333333333333,2,success,
8988,0,1,4,,distance,levenshtein,0.10915899276733398,0.875,1.0,0.9333333333333333,4,success,
33653,0,1,3,,distance,levenshtein,0.02351999282836914,0.7777777777777778,1.0,0.875,3,success,
11517,0,1,4,,distance,levenshtein,0.030723094940185547,1.0,1.0,1.0,4,success,
162,0,1,4,,distance,levenshtein,0.09816908836364746,0.7,1.0,0.8235294117647058,4,success,
45,0,1,3,,distance,levenshtein,0.028043031692504883,1.0,1.0,1.0,3,success,
28998,0,1,4,,distance,levenshtein,0.07587695121765137,1.0,1.0,1.0,4,success,
88322,0,1,4,,distance,levenshtein,0.027112960815429688,0.875,1.0,0.9333333333333333,4,success,
3075,0,1,3,,distance,levenshtein,0.10330986976623535,0.7,1.0,0.8235294117647058,3,success,
15852,0,1,4,,distance,levenshtein,0.046148061752319336,0.875,1.0,0.9333333333333333,4,success,
39871,0,1,6,,distance,levenshtein,0.08609509468078613,1.0,1.0,1.0,6,success,
31055,0,1,3,,distance,levenshtein,0.0627908706665039,0.7777777777777778,1.0,0.875,3,success,
68503,0,1,3,,distance,levenshtein,0.025712966918945312,0.875,1.0,0.9333333333333333,3,success,
55151,0,1,5,,distance,levenshtein,0.04516887664794922,1.0,1.0,1.0,5,success,
32584,0,1,4,,distance,levenshtein,0.11492204666137695,0.875,1.0,0.9333333333333333,4,success,
26253,0,1,3,,distance,levenshtein,0.05561685562133789,0.875,1.0,0.9333333333333333,3,success,
33653,0,1,4,,distance,levenshtein,0.0406489372253418,0.7777777777777778,1.0,0.875,4,success,
63198,0,1,4,,distance,levenshtein,0.08983707427978516,0.7777777777777778,1.0,0.875,4,success,
9471,0,1,6,,distance,levenshtein,0.08571887016296387,1.0,1.0,1.0,6,success,
11517,0,1,5,,distance,levenshtein,0.04552507400512695,1.0,1.0,1.0,5,success,
12153,0,1,6,,distance,levenshtein,0.08448195457458496,0.875,1.0,0.9333333333333333,6,success,
51338,0,1,4,,distance,levenshtein,0.13990187644958496,0.875,1.0,0.9333333333333333,4,success,
45,0,1,4,,distance,levenshtein,0.039923906326293945,1.0,1.0,1.0,4,success,
88322,0,1,5,,distance,levenshtein,0.04573702812194824,0.875,1.0,0.9333333333333333,5,success,
84787,0,1,5,,distance,levenshtein,0.06594109535217285,0.7777777777777778,1.0,0.875,5,success,
162,0,1,5,,distance,levenshtein,0.07959604263305664,0.6666666666666666,0.8571428571428571,0.75,5,success,
58656,0,1,3,,distance,levenshtein,0.10927104949951172,0.7777777777777778,1.0,0.875,3,success,
31055,0,1,4,,distance,levenshtein,0.08312487602233887,0.7777777777777778,1.0,0.875,4,success,
89095,0,1,3,,distance,levenshtein,0.3457307815551758,0.7777777777777778,1.0,0.875,3,success,
8988,0,1,5,,distance,levenshtein,0.11274003982543945,0.875,1.0,0.9333333333333333,5,success,
37843,0,1,5,,distance,levenshtein,0.17800283432006836,0.875,1.0,0.9333333333333333,5,success,
28998,0,1,5,,distance,levenshtein,0.12910103797912598,1.0,1.0,1.0,5,success,
68503,0,1,4,,distance,levenshtein,0.1044621467590332,0.875,1.0,0.9333333333333333,4,success,
93884,0,1,5,,distance,levenshtein,0.19841504096984863,0.7777777777777778,1.0,0.875,5,success,
6886,0,1,5,,distance,levenshtein,0.2007150650024414,1.0,1.0,1.0,5,success,
55151,0,1,6,,distance,levenshtein,0.08585596084594727,1.0,1.0,1.0,6,success,
26253,0,1,4,,distance,levenshtein,0.09822607040405273,0.875,1.0,0.9333333333333333,4,success,
15852,0,1,5,,distance,levenshtein,0.14497113227844238,0.875,1.0,0.9333333333333333,5,success,
11517,0,1,6,,distance,levenshtein,0.08383703231811523,1.0,1.0,1.0,6,success,
39871,0,1,7,,distance,levenshtein,0.14301609992980957,1.0,1.0,1.0,7,success,
33653,0,1,5,,distance,levenshtein,0.12328100204467773,0.7777777777777778,1.0,0.875,5,success,
88322,0,1,6,,distance,levenshtein,0.08437418937683105,0.875,1.0,0.9333333333333333,6,success,
45,0,1,5,,distance,levenshtein,0.06623506546020508,1.0,1.0,1.0,5,success,
9471,0,1,7,,distance,levenshtein,0.14391398429870605,1.0,1.0,1.0,7,success,
51338,0,1,5,,distance,levenshtein,0.14177989959716797,0.875,1.0,0.9333333333333333,5,success,
12153,0,1,7,,distance,levenshtein,0.13966703414916992,0.875,1.0,0.9333333333333333,7,success,
63198,0,1,5,,distance,levenshtein,0.17856192588806152,0.7777777777777778,1.0,0.875,5,success,
84787,0,1,6,,distance,levenshtein,0.12210202217102051,0.7777777777777778,1.0,0.875,6,success,
31055,0,1,5,,distance,levenshtein,0.09087491035461426,0.7777777777777778,1.0,0.875,5,success,
32584,0,1,5,,distance,levenshtein,0.20533084869384766,0.875,1.0,0.9333333333333333,5,success,
58656,0,1,4,,distance,levenshtein,0.10960006713867188,0.7777777777777778,1.0,0.875,4,success,
68503,0,1,5,,distance,levenshtein,0.07446813583374023,0.875,1.0,0.9333333333333333,5,success,
3075,0,1,4,,distance,levenshtein,0.2868661880493164,0.7,1.0,0.8235294117647058,4,success,
26253,0,1,5,,distance,levenshtein,0.07846617698669434,0.875,1.0,0.9333333333333333,5,success,
37843,0,1,6,,distance,levenshtein,0.12013387680053711,0.875,1.0,0.9333333333333333,6,success,
33653,0,1,6,,distance,levenshtein,0.08429884910583496,0.7777777777777778,1.0,0.875,6,success,
162,0,1,6,,distance,levenshtein,0.2203688621520996,0.7,1.0,0.8235294117647058,6,success,
55151,0,1,7,,distance,levenshtein,0.14355802536010742,1.0,1.0,1.0,7,success,
45,0,1,6,,distance,levenshtein,0.09335803985595703,1.0,1.0,1.0,6,success,
11517,0,1,7,,distance,levenshtein,0.1401970386505127,1.0,1.0,1.0,7,success,
88322,0,1,7,,distance,levenshtein,0.14153099060058594,0.875,1.0,0.9333333333333333,7,success,
63198,0,1,6,,distance,levenshtein,0.11146903038024902,0.7777777777777778,1.0,0.875,6,success,
51338,0,1,6,,distance,levenshtein,0.13593697547912598,0.875,1.0,0.9333333333333333,6,success,
68503,0,1,6,,distance,levenshtein,0.13981389999389648,0.875,1.0,0.9333333333333333,6,success,
31055,0,1,6,,distance,levenshtein,0.18527579307556152,0.7777777777777778,1.0,0.875,6,success,
39871,0,1,8,,distance,levenshtein,0.27953314781188965,1.0,1.0,1.0,8,success,
84787,0,1,7,,distance,levenshtein,0.1813509464263916,0.7777777777777778,1.0,0.875,7,success,
6886,0,1,6,,distance,levenshtein,0.33687281608581543,1.0,1.0,1.0,6,success,
15852,0,1,6,,distance,levenshtein,0.32639384269714355,0.875,1.0,0.9333333333333333,6,success,
89095,0,1,4,,distance,levenshtein,0.3780069351196289,0.7777777777777778,1.0,0.875,4,success,
45,0,1,7,,distance,levenshtein,0.14333415031433105,1.0,1.0,1.0,7,success,
12153,0,1,8,,distance,levenshtein,0.2732429504394531,0.875,1.0,0.9333333333333333,8,success,
93884,0,1,6,,distance,levenshtein,0.3927040100097656,0.7777777777777778,1.0,0.875,6,success,
9471,0,1,8,,distance,levenshtein,0.2837979793548584,1.0,1.0,1.0,8,success,
37843,0,1,7,,distance,levenshtein,0.18952417373657227,0.875,1.0,0.9333333333333333,7,success,
58656,0,1,5,,distance,levenshtein,0.2603790760040283,0.7777777777777778,1.0,0.875,5,success,
8988,0,1,6,,distance,levenshtein,0.42705297470092773,0.875,1.0,0.9333333333333333,6,success,
33653,0,1,7,,distance,levenshtein,0.2801978588104248,0.7777777777777778,1.0,0.875,7,success,
32584,0,1,6,,distance,levenshtein,0.4001491069793701,0.875,1.0,0.9333333333333333,6,success,
51338,0,1,7,,distance,levenshtein,0.1920299530029297,0.875,1.0,0.9333333333333333,7,success,
55151,0,1,8,,distance,levenshtein,0.28292202949523926,1.0,1.0,1.0,8,success,
11517,0,1,8,,distance,levenshtein,0.2799379825592041,1.0,1.0,1.0,8,success,
26253,0,1,6,,distance,levenshtein,0.37728214263916016,0.875,1.0,0.9333333333333333,6,success,
88322,0,1,8,,distance,levenshtein,0.2781538963317871,0.875,1.0,0.9333333333333333,8,success,
162,0,1,7,,distance,levenshtein,0.3906569480895996,0.7,1.0,0.8235294117647058,7,success,
39871,0,1,9,,distance,levenshtein,0.2036290168762207,1.0,1.0,1.0,9,success,
12153,0,1,9,,distance,levenshtein,0.20089411735534668,0.875,1.0,0.9333333333333333,9,success,
84787,0,1,8,,distance,levenshtein,0.2771430015563965,0.75,0.8571428571428571,0.8,8,success,
31055,0,1,7,,distance,levenshtein,0.30184388160705566,0.7777777777777778,1.0,0.875,7,success,
37843,0,1,8,,distance,levenshtein,0.24767112731933594,0.875,1.0,0.9333333333333333,8,success,
45,0,1,8,,distance,levenshtein,0.2831540107727051,1.0,1.0,1.0,8,success,
9471,0,1,9,,distance,levenshtein,0.2590599060058594,1.0,1.0,1.0,9,success,
89095,0,1,5,,distance,levenshtein,0.3264429569244385,0.7777777777777778,1.0,0.875,5,success,
39871,0,1,10,,distance,levenshtein,0.04142498970031738,1.0,1.0,1.0,10,success,
15852,0,1,7,,distance,levenshtein,0.4111649990081787,0.875,1.0,0.9333333333333333,7,success,
11517,0,1,9,,distance,levenshtein,0.20380783081054688,1.0,1.0,1.0,9,success,
12153,0,1,10,,distance,levenshtein,0.04112696647644043,0.875,1.0,0.9333333333333333,10,success,
55151,0,1,9,,distance,levenshtein,0.22578001022338867,1.0,1.0,1.0,9,success,
88322,0,1,9,,distance,levenshtein,0.206589937210083,0.875,1.0,0.9333333333333333,9,success,
63198,0,1,7,,distance,levenshtein,0.5729329586029053,0.7777777777777778,1.0,0.875,7,success,
39871,0,2,2,,distance,levenshtein,0.05027008056640625,1.0,1.0,1.0,2,success,
9471,0,1,10,,distance,levenshtein,0.041834115982055664,1.0,1.0,1.0,10,success,
12153,0,2,2,,distance,levenshtein,0.05417299270629883,0.875,1.0,0.9333333333333333,2,success,
11517,0,1,10,,distance,levenshtein,0.04116702079772949,1.0,1.0,1.0,10,success,
28998,0,1,6,,distance,levenshtein,1.0281140804290771,1.0,1.0,1.0,6,success,
9471,0,2,2,,distance,levenshtein,0.03730201721191406,1.0,1.0,1.0,2,success,
88322,0,1,10,,distance,levenshtein,0.04194498062133789,0.875,1.0,0.9333333333333333,10,success,
26253,0,1,7,,distance,levenshtein,0.40421509742736816,0.875,1.0,0.9333333333333333,7,success,
55151,0,1,10,,distance,levenshtein,0.05291485786437988,1.0,1.0,1.0,10,success,
58656,0,1,6,,distance,levenshtein,0.5431180000305176,0.7777777777777778,1.0,0.875,6,success,
45,0,1,9,,distance,levenshtein,0.20810508728027344,1.0,1.0,1.0,9,success,
31055,0,1,8,,distance,levenshtein,0.26959800720214844,0.7777777777777778,1.0,0.875,8,success,
39871,0,2,3,,distance,levenshtein,0.09022879600524902,1.0,1.0,1.0,3,success,
68503,0,1,7,,distance,levenshtein,0.705596923828125,0.875,1.0,0.9333333333333333,7,success,
93884,0,1,7,,distance,levenshtein,0.6201338768005371,0.7777777777777778,1.0,0.875,7,success,
84787,0,1,9,,distance,levenshtein,0.3197669982910156,0.7777777777777778,1.0,0.875,9,success,
51338,0,1,8,,distance,levenshtein,0.49146485328674316,0.875,1.0,0.9333333333333333,8,success,
11517,0,2,2,,distance,levenshtein,0.058573007583618164,1.0,1.0,1.0,2,success,
88322,0,2,2,,distance,levenshtein,0.05271410942077637,0.875,1.0,0.9333333333333333,2,success,
15852,0,1,8,,distance,levenshtein,0.21970891952514648,0.875,1.0,0.9333333333333333,8,success,
6886,0,1,7,,distance,levenshtein,0.7495088577270508,1.0,1.0,1.0,7,success,
9471,0,2,3,,distance,levenshtein,0.08529782295227051,1.0,1.0,1.0,3,success,
8988,0,1,7,,distance,levenshtein,0.6935350894927979,0.875,1.0,0.9333333333333333,7,success,
55151,0,2,2,,distance,levenshtein,0.08086085319519043,1.0,1.0,1.0,2,success,
45,0,1,10,,distance,levenshtein,0.0412449836730957,1.0,1.0,1.0,10,success,
33653,0,1,8,,distance,levenshtein,0.6682639122009277,0.7777777777777778,1.0,0.875,8,success,
32584,0,1,7,,distance,levenshtein,0.6783709526062012,0.875,1.0,0.9333333333333333,7,success,
3075,0,1,5,,distance,levenshtein,1.1752769947052002,0.7,1.0,0.8235294117647058,5,success,
45,0,2,2,,distance,levenshtein,0.02843499183654785,1.0,1.0,1.0,2,success,
58656,0,1,7,,distance,levenshtein,0.23624897003173828,0.7777777777777778,1.0,0.875,7,success,
9471,0,2,4,,distance,levenshtein,0.20351696014404297,1.0,1.0,1.0,4,success,
26253,0,1,8,,distance,levenshtein,0.31202197074890137,0.875,1.0,0.9333333333333333,8,success,
84787,0,1,10,,distance,levenshtein,0.25383901596069336,0.7777777777777778,1.0,0.875,10,success,
68503,0,1,8,,distance,levenshtein,0.3068859577178955,0.875,1.0,0.9333333333333333,8,success,
45,0,2,3,,distance,levenshtein,0.14117217063903809,1.0,1.0,1.0,3,success,
88322,0,2,3,,distance,levenshtein,0.3228189945220947,0.875,1.0,0.9333333333333333,3,success,
33653,0,1,9,,distance,levenshtein,0.20243287086486816,0.7777777777777778,1.0,0.875,9,success,
162,0,1,8,,distance,levenshtein,0.858677864074707,0.7,1.0,0.8235294117647058,8,success,
51338,0,1,9,,distance,levenshtein,0.3304929733276367,0.875,1.0,0.9333333333333333,9,success,
8988,0,1,8,,distance,levenshtein,0.277332067489624,0.875,1.0,0.9333333333333333,8,success,
84787,0,2,2,,distance,levenshtein,0.04984617233276367,0.7777777777777778,1.0,0.875,2,success,
39871,0,2,4,,distance,levenshtein,0.4557969570159912,1.0,1.0,1.0,4,success,
33653,0,1,10,,distance,levenshtein,0.04286909103393555,0.7777777777777778,1.0,0.875,10,success,
9471,0,2,5,,distance,levenshtein,0.26164889335632324,1.0,1.0,1.0,5,success,
93884,0,1,8,,distance,levenshtein,0.6506569385528564,0.7777777777777778,1.0,0.875,8,success,
84787,0,2,3,,distance,levenshtein,0.19298601150512695,0.7777777777777778,1.0,0.875,3,success,
33653,0,2,2,,distance,levenshtein,0.10040807723999023,0.7777777777777778,1.0,0.875,2,success,
11517,0,2,3,,distance,levenshtein,0.8483791351318359,1.0,1.0,1.0,3,success,
12153,0,2,3,,distance,levenshtein,1.1085071563720703,0.875,1.0,0.9333333333333333,3,success,
84787,0,2,4,,distance,levenshtein,0.20179510116577148,0.7777777777777778,1.0,0.875,4,success,
55151,0,2,3,,distance,levenshtein,0.9919819831848145,1.0,1.0,1.0,3,success,
84787,0,2,5,,distance,levenshtein,0.07505011558532715,0.7777777777777778,1.0,0.875,5,success,
45,0,2,4,,distance,levenshtein,0.824146032333374,1.0,1.0,1.0,4,success,
9471,0,2,6,,distance,levenshtein,0.5422079563140869,1.0,1.0,1.0,6,success,
63198,0,1,8,,distance,levenshtein,1.5150110721588135,0.7777777777777778,1.0,0.875,8,success,
3075,0,1,6,,distance,levenshtein,1.1087939739227295,0.7,1.0,0.8235294117647058,6,success,
33653,0,2,3,,distance,levenshtein,0.5205159187316895,0.7777777777777778,1.0,0.875,3,success,
84787,0,2,6,,distance,levenshtein,0.07837700843811035,0.7777777777777778,1.0,0.875,6,success,
32584,0,1,8,,distance,levenshtein,1.2876567840576172,0.875,1.0,0.9333333333333333,8,success,
6886,0,1,8,,distance,levenshtein,1.4396998882293701,1.0,1.0,1.0,8,success,
11517,0,2,4,,distance,levenshtein,0.5776181221008301,1.0,1.0,1.0,4,success,
45,0,2,5,,distance,levenshtein,0.14881181716918945,1.0,0.8571428571428571,0.9230769230769231,5,success,
28998,0,1,7,,distance,levenshtein,1.6570520401000977,1.0,1.0,1.0,7,success,
39871,0,2,5,,distance,levenshtein,1.110624074935913,1.0,1.0,1.0,5,success,
6886,0,1,9,,distance,levenshtein,0.13216185569763184,1.0,1.0,1.0,9,success,
11517,0,2,5,,distance,levenshtein,0.15442609786987305,1.0,1.0,1.0,5,success,
32584,0,1,9,,distance,levenshtein,0.1996471881866455,0.875,1.0,0.9333333333333333,9,success,
37843,0,1,9,,distance,levenshtein,2.1966450214385986,0.875,1.0,0.9333333333333333,9,success,
3075,0,1,7,,distance,levenshtein,0.4006469249725342,0.7,1.0,0.8235294117647058,7,success,
45,0,2,6,,distance,levenshtein,0.25159287452697754,1.0,1.0,1.0,6,success,
39871,0,2,6,,distance,levenshtein,0.1562349796295166,1.0,1.0,1.0,6,success,
84787,0,2,7,,distance,levenshtein,0.44086384773254395,0.7777777777777778,1.0,0.875,7,success,
15852,0,1,9,,distance,levenshtein,1.9786689281463623,0.875,1.0,0.9333333333333333,9,success,
55151,0,2,4,,distance,levenshtein,0.9280290603637695,1.0,1.0,1.0,4,success,
11517,0,2,6,,distance,levenshtein,0.28278088569641113,1.0,1.0,1.0,6,success,
31055,0,1,9,,distance,levenshtein,2.3099350929260254,0.7777777777777778,1.0,0.875,9,success,
51338,0,1,10,,distance,levenshtein,1.7939019203186035,0.875,1.0,0.9333333333333333,10,success,
12153,0,2,4,,distance,levenshtein,1.3085169792175293,0.875,1.0,0.9333333333333333,4,success,
63198,0,1,9,,distance,levenshtein,0.9418931007385254,0.7777777777777778,1.0,0.875,9,success,
32584,0,1,10,,distance,levenshtein,0.43683910369873047,0.875,1.0,0.9333333333333333,10,success,
51338,0,2,2,,distance,levenshtein,0.03984498977661133,0.875,1.0,0.9333333333333333,2,success,
39871,0,2,7,,distance,levenshtein,0.2719430923461914,1.0,1.0,1.0,7,success,
9471,0,2,7,,distance,levenshtein,0.9824161529541016,1.0,1.0,1.0,7,success,
55151,0,2,5,,distance,levenshtein,0.159376859664917,1.0,1.0,1.0,5,success,
28998,0,1,8,,distance,levenshtein,0.7760441303253174,1.0,1.0,1.0,8,success,
32584,0,2,2,,distance,levenshtein,0.044625043869018555,0.8571428571428571,0.8571428571428571,0.8571428571428571,2,success,
51338,0,2,3,,distance,levenshtein,0.13055706024169922,0.8571428571428571,0.8571428571428571,0.8571428571428571,3,success,
11517,0,2,7,,distance,levenshtein,0.3444550037384033,1.0,1.0,1.0,7,success,
58656,0,1,8,,distance,levenshtein,2.569575786590576,0.7777777777777778,1.0,0.875,8,success,
89095,0,1,6,,distance,levenshtein,3.2781569957733154,0.7777777777777778,1.0,0.875,6,success,
37843,0,1,10,,distance,levenshtein,0.9393510818481445,0.875,1.0,0.9333333333333333,10,success,
51338,0,2,4,,distance,levenshtein,0.36527085304260254,0.875,1.0,0.9333333333333333,4,success,
39871,0,2,8,,distance,levenshtein,0.36319708824157715,1.0,1.0,1.0,8,success,
15852,0,1,10,,distance,levenshtein,0.8767731189727783,0.875,1.0,0.9333333333333333,10,success,
37843,0,2,2,,distance,levenshtein,0.05877184867858887,0.8571428571428571,0.8571428571428571,0.8571428571428571,2,success,
26253,0,1,9,,distance,levenshtein,2.721676826477051,0.875,1.0,0.9333333333333333,9,success,
162,0,1,9,,distance,levenshtein,2.7025461196899414,0.6666666666666666,0.8571428571428571,0.75,9,success,
32584,0,2,3,,distance,levenshtein,0.7081689834594727,0.875,1.0,0.9333333333333333,3,success,
15852,0,2,2,,distance,levenshtein,0.11693215370178223,0.875,1.0,0.9333333333333333,2,success,
11517,0,2,8,,distance,levenshtein,0.5453369617462158,1.0,1.0,1.0,8,success,
12153,0,2,5,,distance,levenshtein,1.1845660209655762,0.875,1.0,0.9333333333333333,5,success,
39871,0,2,9,,distance,levenshtein,0.5275671482086182,1.0,1.0,1.0,9,success,
63198,0,1,10,,distance,levenshtein,1.471864938735962,0.7777777777777778,1.0,0.875,10,success,
31055,0,1,10,,distance,levenshtein,1.5496039390563965,0.7777777777777778,1.0,0.875,10,success,
32584,0,2,4,,distance,levenshtein,0.6470789909362793,0.875,1.0,0.9333333333333333,4,success,
12153,0,2,6,,distance,levenshtein,0.20787596702575684,0.875,1.0,0.9333333333333333,6,success,
68503,0,1,9,,distance,levenshtein,3.6856350898742676,0.875,1.0,0.9333333333333333,9,success,
51338,0,2,5,,distance,levenshtein,0.9567770957946777,0.875,1.0,0.9333333333333333,5,success,
45,0,2,7,,distance,levenshtein,2.012331008911133,1.0,1.0,1.0,7,success,
63198,0,2,2,,distance,levenshtein,0.08521819114685059,0.7777777777777778,1.0,0.875,2,success,
31055,0,2,2,,distance,levenshtein,0.08139395713806152,0.7777777777777778,1.0,0.875,2,success,
37843,0,2,3,,distance,levenshtein,0.9937829971313477,0.875,1.0,0.9333333333333333,3,success,
15852,0,2,3,,distance,levenshtein,0.8494699001312256,0.875,1.0,0.9333333333333333,3,success,
51338,0,2,6,,distance,levenshtein,0.1689291000366211,0.875,1.0,0.9333333333333333,6,success,
39871,0,2,10,,distance,levenshtein,0.5255758762359619,1.0,1.0,1.0,10,success,
12153,0,2,7,,distance,levenshtein,0.36098408699035645,0.875,1.0,0.9333333333333333,7,success,
39871,0,3,2,,distance,levenshtein,0.03216290473937988,1.0,1.0,1.0,2,success,
55151,0,2,6,,distance,levenshtein,2.1085829734802246,1.0,1.0,1.0,6,success,
89095,0,1,7,,distance,levenshtein,1.7142889499664307,0.7777777777777778,1.0,0.875,7,success,
51338,0,2,7,,distance,levenshtein,0.22002387046813965,0.875,1.0,0.9333333333333333,7,success,
39871,0,3,3,,distance,levenshtein,0.0486299991607666,1.0,1.0,1.0,3,success,
84787,0,2,8,,distance,levenshtein,2.5777649879455566,0.6666666666666666,0.5714285714285714,0.6153846153846154,8,success,
45,0,2,8,,distance,levenshtein,0.4701871871948242,1.0,0.8571428571428571,0.9230769230769231,8,success,
63198,0,2,3,,distance,levenshtein,0.7187790870666504,0.7777777777777778,1.0,0.875,3,success,
12153,0,2,8,,distance,levenshtein,0.1125788688659668,0.875,1.0,0.9333333333333333,8,success,
39871,0,3,4,,distance,levenshtein,0.1994318962097168,1.0,1.0,1.0,4,success,
51338,0,2,8,,distance,levenshtein,0.10320496559143066,0.875,1.0,0.9333333333333333,8,success,
93884,0,1,9,,distance,levenshtein,4.429525852203369,0.7777777777777778,1.0,0.875,9,success,
89095,0,1,8,,distance,levenshtein,0.27225303649902344,0.7777777777777778,1.0,0.875,8,success,
68503,0,1,10,,distance,levenshtein,1.0174341201782227,0.875,1.0,0.9333333333333333,10,success,
93884,0,1,10,,distance,levenshtein,0.05917787551879883,0.7777777777777778,1.0,0.875,10,success,
55151,0,2,7,,distance,levenshtein,0.3795950412750244,1.0,1.0,1.0,7,success,
68503,0,2,2,,distance,levenshtein,0.10422897338867188,0.875,1.0,0.9333333333333333,2,success,
39871,0,3,5,,distance,levenshtein,0.28881001472473145,1.0,1.0,1.0,5,success,
93884,0,2,2,,distance,levenshtein,0.09834599494934082,0.7777777777777778,1.0,0.875,2,success,
45,0,2,9,,distance,levenshtein,0.4868180751800537,1.0,1.0,1.0,9,success,
31055,0,2,3,,distance,levenshtein,1.4949939250946045,0.7777777777777778,1.0,0.875,3,success,
93884,0,2,3,,distance,levenshtein,0.31597089767456055,0.7777777777777778,1.0,0.875,3,success,
8988,0,1,9,,distance,levenshtein,5.513163089752197,0.875,1.0,0.9333333333333333,9,success,
68503,0,2,3,,distance,levenshtein,0.5843188762664795,0.875,1.0,0.9333333333333333,3,success,
55151,0,2,8,,distance,levenshtein,0.5074970722198486,1.0,1.0,1.0,8,success,
89095,0,1,9,,distance,levenshtein,0.8232030868530273,0.7777777777777778,1.0,0.875,9,success,
33653,0,2,4,,distance,levenshtein,4.964004039764404,0.7777777777777778,1.0,0.875,4,success,
45,0,2,10,,distance,levenshtein,0.5088551044464111,1.0,1.0,1.0,10,success,
45,0,3,2,,distance,levenshtein,0.029288053512573242,1.0,1.0,1.0,2,success,
45,0,3,3,,distance,levenshtein,0.07608795166015625,1.0,1.0,1.0,3,success,
33653,0,2,5,,distance,levenshtein,0.23932409286499023,0.7777777777777778,1.0,0.875,5,success,
84787,0,2,9,,distance,levenshtein,1.8082149028778076,0.7142857142857143,0.7142857142857143,0.7142857142857143,9,success,
89095,0,1,10,,distance,levenshtein,0.4246528148651123,0.7777777777777778,1.0,0.875,10,success,
55151,0,2,9,,distance,levenshtein,0.5145859718322754,1.0,1.0,1.0,9,success,
31055,0,2,4,,distance,levenshtein,1.178631067276001,0.7777777777777778,1.0,0.875,4,success,
39871,0,3,6,,distance,levenshtein,1.4278130531311035,1.0,1.0,1.0,6,success,
89095,0,2,2,,distance,levenshtein,0.07540488243103027,0.7777777777777778,1.0,0.875,2,success,
6886,0,1,10,,distance,levenshtein,5.19583797454834,1.0,1.0,1.0,10,success,
11517,0,2,9,,distance,levenshtein,3.2151989936828613,1.0,1.0,1.0,9,success,
26253,0,1,10,,distance,levenshtein,4.011637926101685,0.875,1.0,0.9333333333333333,10,success,
6886,0,2,2,,distance,levenshtein,0.09032702445983887,1.0,1.0,1.0,2,success,
31055,0,2,5,,distance,levenshtein,0.19183588027954102,0.7777777777777778,1.0,0.875,5,success,
26253,0,2,2,,distance,levenshtein,0.057891845703125,0.875,1.0,0.9333333333333333,2,success,
45,0,3,4,,distance,levenshtein,0.6431369781494141,1.0,0.8571428571428571,0.9230769230769231,4,success,
33653,0,2,6,,distance,levenshtein,0.34259605407714844,0.7777777777777778,1.0,0.875,6,success,
51338,0,2,9,,distance,levenshtein,2.14455509185791,0.875,1.0,0.9333333333333333,9,success,
162,0,1,10,,distance,levenshtein,4.233876943588257,0.6666666666666666,0.8571428571428571,0.75,10,success,
26253,0,2,3,,distance,levenshtein,0.19832897186279297,0.875,1.0,0.9333333333333333,3,success,
162,0,2,2,,distance,levenshtein,0.05448603630065918,0.7,1.0,0.8235294117647058,2,success,
84787,0,2,10,,distance,levenshtein,0.5629329681396484,0.7777777777777778,1.0,0.875,10,success,
45,0,3,5,,distance,levenshtein,0.2593040466308594,1.0,1.0,1.0,5,success,
84787,0,3,2,,distance,levenshtein,0.017921924591064453,0.7777777777777778,1.0,0.875,2,success,
6886,0,2,3,,distance,levenshtein,0.42992401123046875,1.0,1.0,1.0,3,success,
31055,0,2,6,,distance,levenshtein,0.26990199089050293,0.7777777777777778,1.0,0.875,6,success,
84787,0,3,3,,distance,levenshtein,0.04775691032409668,0.7777777777777778,1.0,0.875,3,success,
162,0,2,3,,distance,levenshtein,0.2528829574584961,0.7,1.0,0.8235294117647058,3,success,
84787,0,3,4,,distance,levenshtein,0.08653116226196289,0.7777777777777778,1.0,0.875,4,success,
63198,0,2,4,,distance,levenshtein,3.015881061553955,0.7777777777777778,1.0,0.875,4,success,
37843,0,2,4,,distance,levenshtein,3.8680789470672607,0.875,1.0,0.9333333333333333,4,success,
45,0,3,6,,distance,levenshtein,0.3787400722503662,1.0,1.0,1.0,6,success,
89095,0,2,3,,distance,levenshtein,0.9666299819946289,0.7777777777777778,1.0,0.875,3,success,
51338,0,2,10,,distance,levenshtein,0.6278021335601807,0.875,1.0,0.9333333333333333,10,success,
45,0,3,7,,distance,levenshtein,0.045797109603881836,1.0,1.0,1.0,7,success,
84787,0,3,5,,distance,levenshtein,0.25531816482543945,0.7777777777777778,1.0,0.875,5,success,
12153,0,2,9,,distance,levenshtein,3.0630838871002197,0.875,1.0,0.9333333333333333,9,success,
58656,0,1,9,,distance,levenshtein,5.326957941055298,0.7777777777777778,1.0,0.875,9,success,
31055,0,2,7,,distance,levenshtein,0.30411720275878906,0.7777777777777778,1.0,0.875,7,success,
37843,0,2,5,,distance,levenshtein,0.18328404426574707,0.875,1.0,0.9333333333333333,5,success,
51338,0,3,2,,distance,levenshtein,0.043586015701293945,0.875,1.0,0.9333333333333333,2,success,
26253,0,2,4,,distance,levenshtein,0.7501320838928223,0.875,1.0,0.9333333333333333,4,success,
58656,0,1,10,,distance,levenshtein,0.08611702919006348,0.7777777777777778,1.0,0.875,10,success,
88322,0,2,4,,distance,levenshtein,8.356937885284424,0.875,1.0,0.9333333333333333,4,success,
26253,0,2,5,,distance,levenshtein,0.167694091796875,0.875,1.0,0.9333333333333333,5,success,
37843,0,2,6,,distance,levenshtein,0.1956498622894287,0.8571428571428571,0.8571428571428571,0.8571428571428571,6,success,
58656,0,2,2,,distance,levenshtein,0.07837891578674316,0.7777777777777778,1.0,0.875,2,success,
162,0,2,4,,distance,levenshtein,0.905001163482666,0.7,1.0,0.8235294117647058,4,success,
88322,0,2,5,,distance,levenshtein,0.16992998123168945,0.875,1.0,0.9333333333333333,5,success,
51338,0,3,3,,distance,levenshtein,0.6594409942626953,0.875,1.0,0.9333333333333333,3,success,
26253,0,2,6,,distance,levenshtein,0.2059459686279297,0.875,1.0,0.9333333333333333,6,success,
31055,0,2,8,,distance,levenshtein,0.5499410629272461,0.7777777777777778,1.0,0.875,8,success,
12153,0,2,10,,distance,levenshtein,0.5786950588226318,0.875,1.0,0.9333333333333333,10,success,
12153,0,3,2,,distance,levenshtein,0.029935121536254883,0.875,1.0,0.9333333333333333,2,success,
37843,0,2,7,,distance,levenshtein,0.2893691062927246,0.875,1.0,0.9333333333333333,7,success,
84787,0,3,6,,distance,levenshtein,0.939965009689331,0.7777777777777778,1.0,0.875,6,success,
89095,0,2,4,,distance,levenshtein,1.0581109523773193,0.7777777777777778,1.0,0.875,4,success,
51338,0,3,4,,distance,levenshtein,0.18862009048461914,0.875,1.0,0.9333333333333333,4,success,
84787,0,3,7,,distance,levenshtein,0.04681706428527832,0.7777777777777778,1.0,0.875,7,success,
88322,0,2,6,,distance,levenshtein,0.2993290424346924,0.875,1.0,0.9333333333333333,6,success,
89095,0,2,5,,distance,levenshtein,0.17458200454711914,0.7777777777777778,1.0,0.875,5,success,
6886,0,2,4,,distance,levenshtein,1.867405891418457,1.0,1.0,1.0,4,success,
26253,0,2,7,,distance,levenshtein,0.39353394508361816,0.875,1.0,0.9333333333333333,7,success,
93884,0,2,4,,distance,levenshtein,3.793410062789917,0.7777777777777778,1.0,0.875,4,success,
12153,0,3,3,,distance,levenshtein,0.4703810214996338,0.875,1.0,0.9333333333333333,3,success,
51338,0,3,5,,distance,levenshtein,0.5262351036071777,0.875,1.0,0.9333333333333333,5,success,
93884,0,2,5,,distance,levenshtein,0.15737509727478027,0.7777777777777778,1.0,0.875,5,success,
58656,0,2,3,,distance,levenshtein,1.2157471179962158,0.7777777777777778,1.0,0.875,3,success,
8988,0,1,10,,distance,levenshtein,4.069462060928345,0.875,1.0,0.9333333333333333,10,success,
31055,0,2,9,,distance,levenshtein,0.8081579208374023,0.7777777777777778,1.0,0.875,9,success,
8988,0,2,2,,distance,levenshtein,0.08063983917236328,0.875,1.0,0.9333333333333333,2,success,
12153,0,3,4,,distance,levenshtein,0.40543317794799805,0.875,1.0,0.9333333333333333,4,success,
26253,0,2,8,,distance,levenshtein,0.40311098098754883,0.875,1.0,0.9333333333333333,8,success,
93884,0,2,6,,distance,levenshtein,0.26436400413513184,0.75,0.8571428571428571,0.8,6,success,
88322,0,2,7,,distance,levenshtein,1.0013339519500732,0.875,1.0,0.9333333333333333,7,success,
89095,0,2,6,,distance,levenshtein,0.9535400867462158,0.7777777777777778,1.0,0.875,6,success,
63198,0,2,5,,distance,levenshtein,2.7342190742492676,0.7777777777777778,1.0,0.875,5,success,
45,0,3,8,,distance,levenshtein,2.4219799041748047,1.0,1.0,1.0,8,success,
32584,0,2,5,,distance,levenshtein,6.988922834396362,0.8571428571428571,0.8571428571428571,0.8571428571428571,5,success,
12153,0,3,5,,distance,levenshtein,0.5552270412445068,0.875,1.0,0.9333333333333333,5,success,
6886,0,2,5,,distance,levenshtein,1.2692461013793945,1.0,1.0,1.0,5,success,
93884,0,2,7,,distance,levenshtein,0.43470096588134766,0.7777777777777778,1.0,0.875,7,success,
162,0,2,5,,distance,levenshtein,2.1570239067077637,0.7,1.0,0.8235294117647058,5,success,
63198,0,2,6,,distance,levenshtein,0.25869297981262207,0.7777777777777778,1.0,0.875,6,success,
26253,0,2,9,,distance,levenshtein,0.6357779502868652,0.875,1.0,0.9333333333333333,9,success,
89095,0,2,7,,distance,levenshtein,0.3609330654144287,0.7777777777777778,1.0,0.875,7,success,
31055,0,2,10,,distance,levenshtein,0.8675920963287354,0.7777777777777778,1.0,0.875,10,success,
88322,0,2,8,,distance,levenshtein,0.4600400924682617,0.875,1.0,0.9333333333333333,8,success,
8988,0,2,3,,distance,levenshtein,1.1329410076141357,0.875,1.0,0.9333333333333333,3,success,
31055,0,3,2,,distance,levenshtein,0.018013954162597656,0.7777777777777778,1.0,0.875,2,success,
162,0,2,6,,distance,levenshtein,0.21381187438964844,0.7,1.0,0.8235294117647058,6,success,
28998,0,1,9,,distance,levenshtein,9.07207202911377,1.0,1.0,1.0,9,success,
6886,0,2,6,,distance,levenshtein,0.31257200241088867,1.0,1.0,1.0,6,success,
84787,0,3,8,,distance,levenshtein,2.109783887863159,0.7777777777777778,1.0,0.875,8,success,
31055,0,3,3,,distance,levenshtein,0.10895490646362305,0.7777777777777778,1.0,0.875,3,success,
45,0,3,9,,distance,levenshtein,0.8008890151977539,1.0,1.0,1.0,9,success,
63198,0,2,7,,distance,levenshtein,0.340374231338501,0.7777777777777778,1.0,0.875,7,success,
31055,0,3,4,,distance,levenshtein,0.09283709526062012,0.7777777777777778,1.0,0.875,4,success,
93884,0,2,8,,distance,levenshtein,0.48876500129699707,0.7777777777777778,1.0,0.875,8,success,
32584,0,2,6,,distance,levenshtein,0.7620449066162109,0.875,1.0,0.9333333333333333,6,success,
89095,0,2,8,,distance,levenshtein,0.489534854888916,0.7777777777777778,1.0,0.875,8,success,
162,0,2,7,,distance,levenshtein,0.3654179573059082,0.7,1.0,0.8235294117647058,7,success,
31055,0,3,5,,distance,levenshtein,0.21716809272766113,0.7777777777777778,1.0,0.875,5,success,
11517,0,2,10,,distance,levenshtein,4.930349111557007,1.0,1.0,1.0,10,success,
58656,0,2,4,,distance,levenshtein,2.069108009338379,0.7777777777777778,1.0,0.875,4,success,
88322,0,2,9,,distance,levenshtein,0.5181369781494141,0.875,1.0,0.9333333333333333,9,success,
11517,0,3,2,,distance,levenshtein,0.02062392234802246,1.0,1.0,1.0,2,success,
55151,0,2,10,,distance,levenshtein,5.179118871688843,1.0,0.8571428571428571,0.9230769230769231,10,success,
6886,0,2,7,,distance,levenshtein,0.5058879852294922,1.0,1.0,1.0,7,success,
32584,0,2,7,,distance,levenshtein,0.36620092391967773,0.875,1.0,0.9333333333333333,7,success,
11517,0,3,3,,distance,levenshtein,0.08535313606262207,1.0,1.0,1.0,3,success,
63198,0,2,8,,distance,levenshtein,0.4605538845062256,0.7777777777777778,1.0,0.875,8,success,
55151,0,3,2,,distance,levenshtein,0.03352189064025879,1.0,1.0,1.0,2,success,
55151,0,3,3,,distance,levenshtein,0.04860496520996094,1.0,1.0,1.0,3,success,
58656,0,2,5,,distance,levenshtein,0.19720888137817383,0.7777777777777778,1.0,0.875,5,success,
11517,0,3,4,,distance,levenshtein,0.14981603622436523,1.0,1.0,1.0,4,success,
12153,0,3,6,,distance,levenshtein,1.5203981399536133,0.875,1.0,0.9333333333333333,6,success,
162,0,2,8,,distance,levenshtein,0.4668278694152832,0.7,1.0,0.8235294117647058,8,success,
55151,0,3,4,,distance,levenshtein,0.3027000427246094,1.0,1.0,1.0,4,success,
32584,0,2,8,,distance,levenshtein,0.3564260005950928,0.8571428571428571,0.8571428571428571,0.8571428571428571,8,success,
9471,0,2,8,,distance,levenshtein,10.63740587234497,1.0,1.0,1.0,8,success,
89095,0,2,9,,distance,levenshtein,0.7531900405883789,0.7777777777777778,1.0,0.875,9,success,
12153,0,3,7,,distance,levenshtein,0.3002290725708008,0.875,1.0,0.9333333333333333,7,success,
58656,0,2,6,,distance,levenshtein,0.32514500617980957,0.7777777777777778,1.0,0.875,6,success,
31055,0,3,6,,distance,levenshtein,0.9721739292144775,0.7777777777777778,1.0,0.875,6,success,
88322,0,2,10,,distance,levenshtein,0.7293441295623779,0.875,1.0,0.9333333333333333,10,success,
11517,0,3,5,,distance,levenshtein,0.5499541759490967,1.0,1.0,1.0,5,success,
9471,0,2,9,,distance,levenshtein,0.1365668773651123,1.0,1.0,1.0,9,success,
88322,0,3,2,,distance,levenshtein,0.028399944305419922,0.875,1.0,0.9333333333333333,2,success,
6886,0,2,8,,distance,levenshtein,0.7042639255523682,1.0,1.0,1.0,8,success,
55151,0,3,5,,distance,levenshtein,0.32146191596984863,1.0,1.0,1.0,5,success,
37843,0,2,8,,distance,levenshtein,3.934145927429199,0.8571428571428571,0.8571428571428571,0.8571428571428571,8,success,
88322,0,3,3,,distance,levenshtein,0.048232078552246094,0.875,1.0,0.9333333333333333,3,success,
88322,0,3,4,,distance,levenshtein,0.10005784034729004,0.875,1.0,0.9333333333333333,4,success,
33653,0,2,7,,distance,levenshtein,6.177555084228516,0.7777777777777778,1.0,0.875,7,success,
12153,0,3,8,,distance,levenshtein,0.3778572082519531,0.875,1.0,0.9333333333333333,8,success,
84787,0,3,9,,distance,levenshtein,2.0471880435943604,0.7777777777777778,1.0,0.875,9,success,
58656,0,2,7,,distance,levenshtein,0.48776793479919434,0.7777777777777778,1.0,0.875,7,success,
88322,0,3,5,,distance,levenshtein,0.32480812072753906,0.875,1.0,0.9333333333333333,5,success,
9471,0,2,10,,distance,levenshtein,0.4110400676727295,1.0,1.0,1.0,10,success,
63198,0,2,9,,distance,levenshtein,1.380176067352295,0.7777777777777778,1.0,0.875,9,success,
89095,0,2,10,,distance,levenshtein,0.7252001762390137,0.7777777777777778,1.0,0.875,10,success,
9471,0,3,2,,distance,levenshtein,0.04016399383544922,1.0,1.0,1.0,2,success,
11517,0,3,6,,distance,levenshtein,0.812673807144165,1.0,1.0,1.0,6,success,
89095,0,3,2,,distance,levenshtein,0.03184008598327637,0.7777777777777778,1.0,0.875,2,success,
89095,0,3,3,,distance,levenshtein,0.06873416900634766,0.7777777777777778,1.0,0.875,3,success,
12153,0,3,9,,distance,levenshtein,0.528325080871582,0.875,1.0,0.9333333333333333,9,success,
45,0,3,10,,distance,levenshtein,2.520265817642212,1.0,1.0,1.0,10,success,
6886,0,2,9,,distance,levenshtein,0.7837600708007812,1.0,1.0,1.0,9,success,
33653,0,2,8,,distance,levenshtein,0.5967919826507568,0.7777777777777778,1.0,0.875,8,success,
9471,0,3,3,,distance,levenshtein,0.3398430347442627,1.0,1.0,1.0,3,success,
89095,0,3,4,,distance,levenshtein,0.13647913932800293,0.7777777777777778,1.0,0.875,4,success,
45,0,4,2,,distance,levenshtein,0.08456110954284668,1.0,1.0,1.0,2,success,
45,0,4,3,,distance,levenshtein,0.08656191825866699,1.0,1.0,1.0,3,success,
32584,0,2,9,,distance,levenshtein,1.4982578754425049,0.875,1.0,0.9333333333333333,9,success,
12153,0,3,10,,distance,levenshtein,0.11805987358093262,0.875,1.0,0.9333333333333333,10,success,
58656,0,2,8,,distance,levenshtein,0.65152907371521,0.75,0.8571428571428571,0.8,8,success,
9471,0,3,4,,distance,levenshtein,0.22054791450500488,1.0,1.0,1.0,4,success,
12153,0,4,2,,distance,levenshtein,0.03610992431640625,0.875,1.0,0.9333333333333333,2,success,
12153,0,4,3,,distance,levenshtein,0.03360390663146973,0.875,1.0,0.9333333333333333,3,success,
45,0,4,4,,distance,levenshtein,0.20138287544250488,1.0,1.0,1.0,4,success,
55151,0,3,6,,distance,levenshtein,1.5137100219726562,1.0,1.0,1.0,6,success,
11517,0,3,7,,distance,levenshtein,0.6524419784545898,1.0,1.0,1.0,7,success,
88322,0,3,6,,distance,levenshtein,0.892449140548706,0.875,1.0,0.9333333333333333,6,success,
12153,0,4,4,,distance,levenshtein,0.1411120891571045,0.875,1.0,0.9333333333333333,4,success,
51338,0,3,6,,distance,levenshtein,5.121669054031372,0.875,1.0,0.9333333333333333,6,success,
89095,0,3,5,,distance,levenshtein,0.5487008094787598,0.7777777777777778,1.0,0.875,5,success,
32584,0,2,10,,distance,levenshtein,0.43822693824768066,0.875,1.0,0.9333333333333333,10,success,
32584,0,3,2,,distance,levenshtein,0.02606821060180664,0.875,1.0,0.9333333333333333,2,success,
11517,0,3,8,,distance,levenshtein,0.35047411918640137,1.0,1.0,1.0,8,success,
45,0,4,5,,distance,levenshtein,0.5546958446502686,1.0,1.0,1.0,5,success,
32584,0,3,3,,distance,levenshtein,0.12395811080932617,0.875,1.0,0.9333333333333333,3,success,
12153,0,4,5,,distance,levenshtein,0.5203549861907959,0.8571428571428571,0.8571428571428571,0.8571428571428571,5,success,
9471,0,3,5,,distance,levenshtein,0.8041059970855713,1.0,1.0,1.0,5,success,
88322,0,3,7,,distance,levenshtein,0.6197209358215332,0.875,1.0,0.9333333333333333,7,success,
6886,0,2,10,,distance,levenshtein,1.0111498832702637,1.0,1.0,1.0,10,success,
58656,0,2,9,,distance,levenshtein,0.7473180294036865,0.7777777777777778,1.0,0.875,9,success,
6886,0,3,2,,distance,levenshtein,0.03907299041748047,1.0,1.0,1.0,2,success,
51338,0,3,7,,distance,levenshtein,0.7852821350097656,0.875,1.0,0.9333333333333333,7,success,
6886,0,3,3,,distance,levenshtein,0.08226513862609863,1.0,1.0,1.0,3,success,
32584,0,3,4,,distance,levenshtein,0.3286881446838379,0.875,1.0,0.9333333333333333,4,success,
12153,0,4,6,,distance,levenshtein,0.30902886390686035,0.875,1.0,0.9333333333333333,6,success,
11517,0,3,9,,distance,levenshtein,0.4645118713378906,1.0,1.0,1.0,9,success,
6886,0,3,4,,distance,levenshtein,0.12771296501159668,1.0,1.0,1.0,4,success,
39871,0,3,7,,distance,levenshtein,9.397651195526123,1.0,1.0,1.0,7,success,
26253,0,2,10,,distance,levenshtein,4.967711925506592,0.875,1.0,0.9333333333333333,10,success,
12153,0,4,7,,distance,levenshtein,0.27701497077941895,0.875,1.0,0.9333333333333333,7,success,
26253,0,3,2,,distance,levenshtein,0.018383026123046875,0.875,1.0,0.9333333333333333,2,success,
6886,0,3,5,,distance,levenshtein,0.18702387809753418,1.0,1.0,1.0,5,success,
51338,0,3,8,,distance,levenshtein,0.3769490718841553,0.875,1.0,0.9333333333333333,8,success,
31055,0,3,7,,distance,levenshtein,3.459244966506958,0.7777777777777778,1.0,0.875,7,success,
26253,0,3,3,,distance,levenshtein,0.12870192527770996,0.875,1.0,0.9333333333333333,3,success,
84787,0,3,10,,distance,levenshtein,2.7615408897399902,0.7777777777777778,1.0,0.875,10,success,
84787,0,4,2,,distance,levenshtein,0.03828001022338867,0.7777777777777778,1.0,0.875,2,success,
11517,0,3,10,,distance,levenshtein,0.5306198596954346,1.0,1.0,1.0,10,success,
162,0,2,9,,distance,levenshtein,3.958451986312866,0.7,1.0,0.8235294117647058,9,success,
84787,0,4,3,,distance,levenshtein,0.04671192169189453,0.7777777777777778,1.0,0.875,3,success,
32584,0,3,5,,distance,levenshtein,0.7849719524383545,0.875,1.0,0.9333333333333333,5,success,
11517,0,4,2,,distance,levenshtein,0.046237945556640625,1.0,1.0,1.0,2,success,
26253,0,3,4,,distance,levenshtein,0.26458120346069336,0.875,1.0,0.9333333333333333,4,success,
84787,0,4,4,,distance,levenshtein,0.2087719440460205,0.7777777777777778,1.0,0.875,4,success,
11517,0,4,3,,distance,levenshtein,0.16220593452453613,1.0,1.0,1.0,3,success,
58656,0,2,10,,distance,levenshtein,0.976309061050415,0.7777777777777778,1.0,0.875,10,success,
51338,0,3,9,,distance,levenshtein,0.4145839214324951,0.875,1.0,0.9333333333333333,9,success,
58656,0,3,2,,distance,levenshtein,0.01663494110107422,0.7777777777777778,1.0,0.875,2,success,
58656,0,3,3,,distance,levenshtein,0.04315686225891113,0.7777777777777778,1.0,0.875,3,success,
9471,0,3,6,,distance,levenshtein,1.73710298538208,1.0,1.0,1.0,6,success,
93884,0,2,9,,distance,levenshtein,5.5537269115448,0.75,0.8571428571428571,0.8,9,success,
26253,0,3,5,,distance,levenshtein,0.4216752052307129,0.875,1.0,0.9333333333333333,5,success,
58656,0,3,4,,distance,levenshtein,0.15545201301574707,0.7777777777777778,1.0,0.875,4,success,
162,0,2,10,,distance,levenshtein,0.4896049499511719,0.7,1.0,0.8235294117647058,10,success,
11517,0,4,4,,distance,levenshtein,0.4303460121154785,1.0,1.0,1.0,4,success,
6886,0,3,6,,distance,levenshtein,1.1126561164855957,1.0,1.0,1.0,6,success,
162,0,3,2,,distance,levenshtein,0.02772212028503418,0.7,1.0,0.8235294117647058,2,success,
84787,0,4,5,,distance,levenshtein,0.5393049716949463,0.7142857142857143,0.7142857142857143,0.7142857142857143,5,success,
88322,0,3,8,,distance,levenshtein,2.030819892883301,0.875,1.0,0.9333333333333333,8,success,
162,0,3,3,,distance,levenshtein,0.1018519401550293,0.7,1.0,0.8235294117647058,3,success,
51338,0,3,10,,distance,levenshtein,0.5195250511169434,0.875,1.0,0.9333333333333333,10,success,
12153,0,4,8,,distance,levenshtein,1.4193720817565918,0.875,1.0,0.9333333333333333,8,success,
88322,0,3,9,,distance,levenshtein,0.07764005661010742,0.875,1.0,0.9333333333333333,9,success,
58656,0,3,5,,distance,levenshtein,0.40395212173461914,0.7777777777777778,1.0,0.875,5,success,
51338,0,4,2,,distance,levenshtein,0.04601693153381348,0.875,1.0,0.9333333333333333,2,success,
8988,0,2,4,,distance,levenshtein,6.746886968612671,0.875,1.0,0.9333333333333333,4,success,
9471,0,3,7,,distance,levenshtein,0.5085411071777344,1.0,1.0,1.0,7,success,
162,0,3,4,,distance,levenshtein,0.18927502632141113,0.7,1.0,0.8235294117647058,4,success,
84787,0,4,6,,distance,levenshtein,0.3711128234863281,0.7777777777777778,1.0,0.875,6,success,
51338,0,4,3,,distance,levenshtein,0.15428996086120605,0.875,1.0,0.9333333333333333,3,success,
37843,0,2,9,,distance,levenshtein,4.78863000869751,0.8571428571428571,0.8571428571428571,0.8571428571428571,9,success,
58656,0,3,6,,distance,levenshtein,0.19061899185180664,0.7777777777777778,1.0,0.875,6,success,
162,0,3,5,,distance,levenshtein,0.19944310188293457,0.7,1.0,0.8235294117647058,5,success,
39871,0,3,8,,distance,levenshtein,2.113485097885132,1.0,1.0,1.0,8,success,
93884,0,2,10,,distance,levenshtein,0.7777740955352783,0.75,0.8571428571428571,0.8,10,success,
9471,0,3,8,,distance,levenshtein,0.2795131206512451,1.0,1.0,1.0,8,success,
93884,0,3,2,,distance,levenshtein,0.019130945205688477,0.7777777777777778,1.0,0.875,2,success,
11517,0,4,5,,distance,levenshtein,0.923698902130127,1.0,1.0,1.0,5,success,
51338,0,4,4,,distance,levenshtein,0.3862159252166748,0.875,1.0,0.9333333333333333,4,success,
93884,0,3,3,,distance,levenshtein,0.08615398406982422,0.7777777777777778,1.0,0.875,3,success,
162,0,3,6,,distance,levenshtein,0.27477312088012695,0.7,1.0,0.8235294117647058,6,success,
8988,0,2,5,,distance,levenshtein,0.6447808742523193,0.875,1.0,0.9333333333333333,5,success,
93884,0,3,4,,distance,levenshtein,0.09174990653991699,0.7777777777777778,1.0,0.875,4,success,
6886,0,3,7,,distance,levenshtein,1.1756138801574707,1.0,1.0,1.0,7,success,
26253,0,3,6,,distance,levenshtein,1.4925041198730469,0.875,1.0,0.9333333333333333,6,success,
37843,0,2,10,,distance,levenshtein,0.5497689247131348,0.875,1.0,0.9333333333333333,10,success,
9471,0,3,9,,distance,levenshtein,0.44434499740600586,1.0,1.0,1.0,9,success,
8988,0,2,6,,distance,levenshtein,0.2324388027191162,0.875,1.0,0.9333333333333333,6,success,
37843,0,3,2,,distance,levenshtein,0.061734914779663086,0.875,1.0,0.9333333333333333,2,success,
93884,0,3,5,,distance,levenshtein,0.2660198211669922,0.7777777777777778,1.0,0.875,5,success,
37843,0,3,3,,distance,levenshtein,0.12202811241149902,0.875,1.0,0.9333333333333333,3,success,
162,0,3,7,,distance,levenshtein,0.5877070426940918,0.7,1.0,0.8235294117647058,7,success,
9471,0,3,10,,distance,levenshtein,0.14199495315551758,1.0,1.0,1.0,10,success,
9471,0,4,2,,distance,levenshtein,0.056665897369384766,1.0,1.0,1.0,2,success,
37843,0,3,4,,distance,levenshtein,0.24570989608764648,0.875,1.0,0.9333333333333333,4,success,
51338,0,4,5,,distance,levenshtein,1.0004639625549316,0.875,1.0,0.9333333333333333,5,success,
8988,0,2,7,,distance,levenshtein,0.35321497917175293,0.875,1.0,0.9333333333333333,7,success,
9471,0,4,3,,distance,levenshtein,0.1871938705444336,1.0,1.0,1.0,3,success,
9471,0,4,4,,distance,levenshtein,0.12864398956298828,1.0,1.0,1.0,4,success,
63198,0,2,10,,distance,levenshtein,6.004755973815918,0.7777777777777778,1.0,0.875,10,success,
63198,0,3,2,,distance,levenshtein,0.06412982940673828,0.7777777777777778,1.0,0.875,2,success,
93884,0,3,6,,distance,levenshtein,1.0750432014465332,0.7777777777777778,1.0,0.875,6,success,
37843,0,3,5,,distance,levenshtein,0.5603780746459961,0.8571428571428571,0.8571428571428571,0.8571428571428571,5,success,
9471,0,4,5,,distance,levenshtein,0.26624178886413574,1.0,1.0,1.0,5,success,
45,0,4,6,,distance,levenshtein,5.002522945404053,1.0,1.0,1.0,6,success,
63198,0,3,3,,distance,levenshtein,0.24838900566101074,0.7777777777777778,1.0,0.875,3,success,
8988,0,2,8,,distance,levenshtein,0.5968680381774902,0.875,1.0,0.9333333333333333,8,success,
88322,0,3,10,,distance,levenshtein,2.588710069656372,0.875,1.0,0.9333333333333333,10,success,
88322,0,4,2,,distance,levenshtein,0.03987479209899902,0.875,1.0,0.9333333333333333,2,success,
26253,0,3,7,,distance,levenshtein,1.663163185119629,0.875,1.0,0.9333333333333333,7,success,
88322,0,4,3,,distance,levenshtein,0.05114388465881348,0.875,1.0,0.9333333333333333,3,success,
51338,0,4,6,,distance,levenshtein,1.0039949417114258,0.875,1.0,0.9333333333333333,6,success,
9471,0,4,6,,distance,levenshtein,0.5702230930328369,1.0,1.0,1.0,6,success,
89095,0,3,6,,distance,levenshtein,6.220794916152954,0.7777777777777778,1.0,0.875,6,success,
88322,0,4,4,,distance,levenshtein,0.33568310737609863,0.875,1.0,0.9333333333333333,4,success,
58656,0,3,7,,distance,levenshtein,2.988001823425293,0.7777777777777778,1.0,0.875,7,success,
58656,0,3,8,,distance,levenshtein,0.057991981506347656,0.7777777777777778,1.0,0.875,8,success,
8988,0,2,9,,distance,levenshtein,0.6674120426177979,0.875,1.0,0.9333333333333333,9,success,
93884,0,3,7,,distance,levenshtein,1.1051769256591797,0.7777777777777778,1.0,0.875,7,success,
89095,0,3,7,,distance,levenshtein,0.4344499111175537,0.7777777777777778,1.0,0.875,7,success,
3075,0,1,8,,distance,levenshtein,20.351205110549927,0.7,1.0,0.8235294117647058,8,success,
88322,0,4,5,,distance,levenshtein,0.8180139064788818,0.75,0.42857142857142855,0.5454545454545454,5,success,
89095,0,3,8,,distance,levenshtein,0.2912890911102295,0.7777777777777778,1.0,0.875,8,success,
9471,0,4,7,,distance,levenshtein,1.063364028930664,1.0,1.0,1.0,7,success,
63198,0,3,4,,distance,levenshtein,1.6587049961090088,0.7777777777777778,1.0,0.875,4,success,
84787,0,4,7,,distance,levenshtein,4.125600099563599,0.7777777777777778,1.0,0.875,7,success,
68503,0,2,4,,distance,levenshtein,16.57214593887329,0.875,1.0,0.9333333333333333,4,success,
3075,0,1,9,,distance,levenshtein,0.3638288974761963,0.7,1.0,0.8235294117647058,9,success,
68503,0,2,5,,distance,levenshtein,0.14038610458374023,0.875,1.0,0.9333333333333333,5,success,
33653,0,2,9,,distance,levenshtein,8.214112997055054,0.7777777777777778,1.0,0.875,9,success,
89095,0,3,9,,distance,levenshtein,0.4618980884552002,0.7777777777777778,1.0,0.875,9,success,
3075,0,1,10,,distance,levenshtein,0.4518589973449707,0.7,1.0,0.8235294117647058,10,success,
26253,0,3,8,,distance,levenshtein,2.134917974472046,0.875,1.0,0.9333333333333333,8,success,
68503,0,2,6,,distance,levenshtein,0.20145201683044434,0.875,1.0,0.9333333333333333,6,success,
3075,0,2,2,,distance,levenshtein,0.1084449291229248,0.7,1.0,0.8235294117647058,2,success,
89095,0,3,10,,distance,levenshtein,0.1077120304107666,0.7777777777777778,1.0,0.875,10,success,
31055,0,3,8,,distance,levenshtein,6.726541042327881,0.7777777777777778,1.0,0.875,8,success,
89095,0,4,2,,distance,levenshtein,0.051612138748168945,0.7777777777777778,1.0,0.875,2,success,
68503,0,2,7,,distance,levenshtein,0.14335203170776367,0.875,1.0,0.9333333333333333,7,success,
84787,0,4,8,,distance,levenshtein,1.1539690494537354,0.7777777777777778,1.0,0.875,8,success,
89095,0,4,3,,distance,levenshtein,0.18295001983642578,0.7777777777777778,1.0,0.875,3,success,
55151,0,3,7,,distance,levenshtein,8.932492017745972,1.0,1.0,1.0,7,success,
88322,0,4,6,,distance,levenshtein,1.5382158756256104,0.875,1.0,0.9333333333333333,6,success,
89095,0,4,4,,distance,levenshtein,0.09096598625183105,0.7777777777777778,1.0,0.875,4,success,
3075,0,2,3,,distance,levenshtein,0.7671749591827393,0.7,1.0,0.8235294117647058,3,success,
11517,0,4,6,,distance,levenshtein,5.39705491065979,1.0,1.0,1.0,6,success,
15852,0,2,4,,distance,levenshtein,20.254483938217163,0.875,1.0,0.9333333333333333,4,success,
89095,0,4,5,,distance,levenshtein,0.21922898292541504,0.7777777777777778,1.0,0.875,5,success,
63198,0,3,5,,distance,levenshtein,1.8410131931304932,0.7777777777777778,1.0,0.875,5,success,
55151,0,3,8,,distance,levenshtein,0.626284122467041,1.0,1.0,1.0,8,success,
84787,0,4,9,,distance,levenshtein,0.829470157623291,0.7777777777777778,1.0,0.875,9,success,
26253,0,3,9,,distance,levenshtein,1.8396260738372803,0.875,1.0,0.9333333333333333,9,success,
89095,0,4,6,,distance,levenshtein,0.8246691226959229,0.7777777777777778,1.0,0.875,6,success,
15852,0,2,5,,distance,levenshtein,0.882727861404419,0.8571428571428571,0.8571428571428571,0.8571428571428571,5,success,
32584,0,3,6,,distance,levenshtein,8.711737155914307,0.875,1.0,0.9333333333333333,6,success,
15852,0,2,6,,distance,levenshtein,0.5034840106964111,0.875,1.0,0.9333333333333333,6,success,
6886,0,3,8,,distance,levenshtein,7.059612989425659,1.0,1.0,1.0,8,success,
3075,0,2,4,,distance,levenshtein,1.9140360355377197,0.7,1.0,0.8235294117647058,4,success,
63198,0,3,6,,distance,levenshtein,1.779062032699585,0.7777777777777778,1.0,0.875,6,success,
89095,0,4,7,,distance,levenshtein,1.005568027496338,0.7777777777777778,1.0,0.875,7,success,
33653,0,2,10,,distance,levenshtein,3.125807046890259,0.7777777777777778,1.0,0.875,10,success,
33653,0,3,2,,distance,levenshtein,0.05793404579162598,0.7777777777777778,1.0,0.875,2,success,
33653,0,3,3,,distance,levenshtein,0.0668489933013916,0.7777777777777778,1.0,0.875,3,success,
3075,0,2,5,,distance,levenshtein,0.2383880615234375,0.7,1.0,0.8235294117647058,5,success,
33653,0,3,4,,distance,levenshtein,0.12312579154968262,0.7777777777777778,1.0,0.875,4,success,
63198,0,3,7,,distance,levenshtein,0.31977009773254395,0.7777777777777778,1.0,0.875,7,success,
68503,0,2,8,,distance,levenshtein,2.9930479526519775,0.875,1.0,0.9333333333333333,8,success,
33653,0,3,5,,distance,levenshtein,0.28566503524780273,0.7777777777777778,1.0,0.875,5,success,
3075,0,2,6,,distance,levenshtein,0.4079399108886719,0.7,1.0,0.8235294117647058,6,success,
162,0,3,8,,distance,levenshtein,7.53676700592041,0.7,1.0,0.8235294117647058,8,success,
37843,0,3,6,,distance,levenshtein,6.825803995132446,0.875,1.0,0.9333333333333333,6,success,
32584,0,3,7,,distance,levenshtein,1.6946420669555664,0.875,1.0,0.9333333333333333,7,success,
63198,0,3,8,,distance,levenshtein,0.5016918182373047,0.7777777777777778,1.0,0.875,8,success,
84787,0,4,10,,distance,levenshtein,2.696833848953247,0.7777777777777778,1.0,0.875,10,success,
84787,0,5,2,,distance,levenshtein,0.047636985778808594,0.7777777777777778,1.0,0.875,2,success,
33653,0,3,6,,distance,levenshtein,0.4205899238586426,0.7777777777777778,1.0,0.875,6,success,
84787,0,5,3,,distance,levenshtein,0.07628607749938965,0.7777777777777778,1.0,0.875,3,success,
37843,0,3,7,,distance,levenshtein,0.3283810615539551,0.875,1.0,0.9333333333333333,7,success,
93884,0,3,8,,distance,levenshtein,6.099295139312744,0.7777777777777778,1.0,0.875,8,success,
68503,0,2,9,,distance,levenshtein,0.9949979782104492,0.875,1.0,0.9333333333333333,9,success,
37843,0,3,8,,distance,levenshtein,0.13003087043762207,0.875,1.0,0.9333333333333333,8,success,
33653,0,3,7,,distance,levenshtein,0.4267289638519287,0.7777777777777778,1.0,0.875,7,success,
63198,0,3,9,,distance,levenshtein,0.53450608253479,0.7777777777777778,1.0,0.875,9,success,
28998,0,1,10,,distance,levenshtein,17.049964904785156,1.0,1.0,1.0,10,success,
8988,0,2,10,,distance,levenshtein,6.637020826339722,0.875,1.0,0.9333333333333333,10,success,
28998,0,2,2,,distance,levenshtein,0.07079505920410156,1.0,1.0,1.0,2,success,
8988,0,3,2,,distance,levenshtein,0.04274702072143555,0.875,1.0,0.9333333333333333,2,success,
89095,0,4,8,,distance,levenshtein,2.4609458446502686,0.7777777777777778,1.0,0.875,8,success,
8988,0,3,3,,distance,levenshtein,0.1677379608154297,0.875,1.0,0.9333333333333333,3,success,
3075,0,2,7,,distance,levenshtein,1.5089221000671387,0.7,1.0,0.8235294117647058,7,success,
37843,0,3,9,,distance,levenshtein,0.5784759521484375,0.875,1.0,0.9333333333333333,9,success,
6886,0,3,9,,distance,levenshtein,2.7447450160980225,1.0,1.0,1.0,9,success,
63198,0,3,10,,distance,levenshtein,0.6121881008148193,0.7777777777777778,1.0,0.875,10,success,
63198,0,4,2,,distance,levenshtein,0.042124032974243164,0.7777777777777778,1.0,0.875,2,success,
68503,0,2,10,,distance,levenshtein,0.6463079452514648,0.875,1.0,0.9333333333333333,10,success,
28998,0,2,3,,distance,levenshtein,0.6344170570373535,1.0,1.0,1.0,3,success,
68503,0,3,2,,distance,levenshtein,0.06817102432250977,0.875,1.0,0.9333333333333333,2,success,
8988,0,3,4,,distance,levenshtein,0.31723499298095703,0.875,1.0,0.9333333333333333,4,success,
63198,0,4,3,,distance,levenshtein,0.3339090347290039,0.7777777777777778,1.0,0.875,3,success,
84787,0,5,4,,distance,levenshtein,1.7916979789733887,0.7777777777777778,1.0,0.875,4,success,
37843,0,3,10,,distance,levenshtein,0.480557918548584,0.875,1.0,0.9333333333333333,10,success,
37843,0,4,2,,distance,levenshtein,0.0321040153503418,0.875,1.0,0.9333333333333333,2,success,
3075,0,2,8,,distance,levenshtein,0.5748779773712158,0.7,1.0,0.8235294117647058,8,success,
68503,0,3,3,,distance,levenshtein,0.3354179859161377,0.875,1.0,0.9333333333333333,3,success,
37843,0,4,3,,distance,levenshtein,0.09000396728515625,0.875,1.0,0.9333333333333333,3,success,
6886,0,3,10,,distance,levenshtein,0.8805181980133057,1.0,1.0,1.0,10,success,
63198,0,4,4,,distance,levenshtein,0.33466410636901855,0.7777777777777778,1.0,0.875,4,success,
37843,0,4,4,,distance,levenshtein,0.16394400596618652,0.875,1.0,0.9333333333333333,4,success,
6886,0,4,2,,distance,levenshtein,0.04819202423095703,1.0,1.0,1.0,2,success,
12153,0,4,9,,distance,levenshtein,12.24486494064331,0.875,1.0,0.9333333333333333,9,success,
8988,0,3,5,,distance,levenshtein,0.8320918083190918,0.875,1.0,0.9333333333333333,5,success,
28998,0,2,4,,distance,levenshtein,0.9364480972290039,1.0,1.0,1.0,4,success,
63198,0,4,5,,distance,levenshtein,0.3274800777435303,0.7777777777777778,1.0,0.875,5,success,
28998,0,2,5,,distance,levenshtein,0.09845614433288574,1.0,1.0,1.0,5,success,
162,0,3,9,,distance,levenshtein,3.462839126586914,0.7,1.0,0.8235294117647058,9,success,
6886,0,4,3,,distance,levenshtein,0.673975944519043,1.0,1.0,1.0,3,success,
28998,0,2,6,,distance,levenshtein,0.2552220821380615,1.0,1.0,1.0,6,success,
3075,0,2,9,,distance,levenshtein,0.875830888748169,0.7,1.0,0.8235294117647058,9,success,
8988,0,3,6,,distance,levenshtein,0.9111001491546631,0.875,1.0,0.9333333333333333,6,success,
28998,0,2,7,,distance,levenshtein,0.3481869697570801,1.0,1.0,1.0,7,success,
37843,0,4,5,,distance,levenshtein,1.2889161109924316,0.875,1.0,0.9333333333333333,5,success,
6886,0,4,4,,distance,levenshtein,0.667374849319458,1.0,1.0,1.0,4,success,
84787,0,5,5,,distance,levenshtein,2.1264779567718506,0.7777777777777778,1.0,0.875,5,success,
162,0,3,10,,distance,levenshtein,0.9258930683135986,0.7,1.0,0.8235294117647058,10,success,
162,0,4,2,,distance,levenshtein,0.03726696968078613,0.7,1.0,0.8235294117647058,2,success,
28998,0,2,8,,distance,levenshtein,0.3538029193878174,1.0,1.0,1.0,8,success,
162,0,4,3,,distance,levenshtein,0.1138451099395752,0.7,1.0,0.8235294117647058,3,success,
84787,0,5,6,,distance,levenshtein,0.2092118263244629,0.7777777777777778,1.0,0.875,6,success,
9471,0,4,8,,distance,levenshtein,10.011221170425415,1.0,1.0,1.0,8,success,
89095,0,4,9,,distance,levenshtein,3.41292405128479,0.7777777777777778,1.0,0.875,9,success,
45,0,4,7,,distance,levenshtein,11.855627059936523,1.0,1.0,1.0,7,success,
37843,0,4,6,,distance,levenshtein,0.8388628959655762,0.875,1.0,0.9333333333333333,6,success,
63198,0,4,6,,distance,levenshtein,1.9630770683288574,0.7777777777777778,1.0,0.875,6,success,
162,0,4,4,,distance,levenshtein,0.32244205474853516,0.7,1.0,0.8235294117647058,4,success,
39871,0,3,9,,distance,levenshtein,14.132773876190186,1.0,1.0,1.0,9,success,
89095,0,4,10,,distance,levenshtein,0.09665799140930176,0.7777777777777778,1.0,0.875,10,success,
84787,0,5,7,,distance,levenshtein,0.40578293800354004,0.7777777777777778,1.0,0.875,7,success,
28998,0,2,9,,distance,levenshtein,0.5198581218719482,1.0,1.0,1.0,9,success,
68503,0,3,4,,distance,levenshtein,3.002837896347046,0.875,1.0,0.9333333333333333,4,success,
89095,0,5,2,,distance,levenshtein,0.07406187057495117,0.7777777777777778,1.0,0.875,2,success,
45,0,4,8,,distance,levenshtein,0.43932294845581055,1.0,1.0,1.0,8,success,
39871,0,3,10,,distance,levenshtein,0.5087170600891113,1.0,1.0,1.0,10,success,
84787,0,5,8,,distance,levenshtein,0.4418621063232422,0.7777777777777778,1.0,0.875,8,success,
39871,0,4,2,,distance,levenshtein,0.04239201545715332,1.0,1.0,1.0,2,success,
89095,0,5,3,,distance,levenshtein,0.6419758796691895,0.7777777777777778,1.0,0.875,3,success,
39871,0,4,3,,distance,levenshtein,0.1853649616241455,1.0,1.0,1.0,3,success,
28998,0,2,10,,distance,levenshtein,0.6414530277252197,1.0,1.0,1.0,10,success,
31055,0,3,9,,distance,levenshtein,10.26515817642212,0.7777777777777778,1.0,0.875,9,success,
45,0,4,9,,distance,levenshtein,0.5032730102539062,1.0,1.0,1.0,9,success,
28998,0,3,2,,distance,levenshtein,0.01638484001159668,1.0,1.0,1.0,2,success,
162,0,4,5,,distance,levenshtein,1.1869778633117676,0.7,1.0,0.8235294117647058,5,success,
28998,0,3,3,,distance,levenshtein,0.06768202781677246,1.0,1.0,1.0,3,success,
37843,0,4,7,,distance,levenshtein,1.3429450988769531,0.875,1.0,0.9333333333333333,7,success,
31055,0,3,10,,distance,levenshtein,0.11529397964477539,0.7777777777777778,1.0,0.875,10,success,
28998,0,3,4,,distance,levenshtein,0.08113503456115723,1.0,1.0,1.0,4,success,
31055,0,4,2,,distance,levenshtein,0.03231692314147949,0.7777777777777778,1.0,0.875,2,success,
84787,0,5,9,,distance,levenshtein,0.47914814949035645,0.7777777777777778,1.0,0.875,9,success,
39871,0,4,4,,distance,levenshtein,0.3970661163330078,1.0,1.0,1.0,4,success,
58656,0,3,9,,distance,levenshtein,12.657286882400513,0.7777777777777778,1.0,0.875,9,success,
45,0,4,10,,distance,levenshtein,0.1490168571472168,1.0,1.0,1.0,10,success,
31055,0,4,3,,distance,levenshtein,0.14389991760253906,0.7777777777777778,1.0,0.875,3,success,
45,0,5,2,,distance,levenshtein,0.0611729621887207,1.0,1.0,1.0,2,success,
68503,0,3,5,,distance,levenshtein,1.420423984527588,0.875,1.0,0.9333333333333333,5,success,
28998,0,3,5,,distance,levenshtein,0.28824687004089355,1.0,1.0,1.0,5,success,
63198,0,4,7,,distance,levenshtein,1.8199620246887207,0.7777777777777778,1.0,0.875,7,success,
58656,0,3,10,,distance,levenshtein,0.07450604438781738,0.7777777777777778,1.0,0.875,10,success,
45,0,5,3,,distance,levenshtein,0.14525699615478516,1.0,1.0,1.0,3,success,
89095,0,5,4,,distance,levenshtein,0.8721349239349365,0.7777777777777778,1.0,0.875,4,success,
58656,0,4,2,,distance,levenshtein,0.052345991134643555,0.7777777777777778,1.0,0.875,2,success,
31055,0,4,4,,distance,levenshtein,0.2314910888671875,0.7777777777777778,1.0,0.875,4,success,
3075,0,2,10,,distance,levenshtein,3.487725019454956,0.7,1.0,0.8235294117647058,10,success,
45,0,5,4,,distance,levenshtein,0.21560096740722656,1.0,1.0,1.0,4,success,
3075,0,3,2,,distance,levenshtein,0.012586832046508789,0.7,1.0,0.8235294117647058,2,success,
58656,0,4,3,,distance,levenshtein,0.24509787559509277,0.7777777777777778,1.0,0.875,3,success,
3075,0,3,3,,distance,levenshtein,0.07042193412780762,0.7,1.0,0.8235294117647058,3,success,
84787,0,5,10,,distance,levenshtein,0.6510660648345947,0.7777777777777778,1.0,0.875,10,success,
3075,0,3,4,,distance,levenshtein,0.03354787826538086,0.7,1.0,0.8235294117647058,4,success,
28998,0,3,6,,distance,levenshtein,0.6175048351287842,1.0,1.0,1.0,6,success,
84787,0,6,2,,distance,levenshtein,0.013672828674316406,0.7777777777777778,1.0,0.875,2,success,
84787,0,6,3,,distance,levenshtein,0.019495010375976562,0.7777777777777778,1.0,0.875,3,success,
3075,0,3,5,,distance,levenshtein,0.12382388114929199,0.7,1.0,0.8235294117647058,5,success,
39871,0,4,5,,distance,levenshtein,1.0228819847106934,1.0,1.0,1.0,5,success,
45,0,5,5,,distance,levenshtein,0.38126492500305176,1.0,1.0,1.0,5,success,
84787,0,6,4,,distance,levenshtein,0.05628395080566406,0.7777777777777778,1.0,0.875,4,success,
88322,0,4,7,,distance,levenshtein,11.499121904373169,0.875,1.0,0.9333333333333333,7,success,
31055,0,4,5,,distance,levenshtein,0.71207594871521,0.7777777777777778,1.0,0.875,5,success,
84787,0,6,5,,distance,levenshtein,0.03909897804260254,0.7777777777777778,1.0,0.875,5,success,
3075,0,3,6,,distance,levenshtein,0.08928894996643066,0.7,1.0,0.8235294117647058,6,success,
33653,0,3,8,,distance,levenshtein,7.34053111076355,0.7777777777777778,1.0,0.875,8,success,
3075,0,3,7,,distance,levenshtein,0.10165691375732422,0.7,1.0,0.8235294117647058,7,success,
84787,0,6,6,,distance,levenshtein,0.2036421298980713,0.7777777777777778,1.0,0.875,6,success,
9471,0,4,9,,distance,levenshtein,3.2567660808563232,1.0,1.0,1.0,9,success,
88322,0,4,8,,distance,levenshtein,0.40735483169555664,0.875,1.0,0.9333333333333333,8,success,
84787,0,6,7,,distance,levenshtein,0.17092299461364746,0.7777777777777778,1.0,0.875,7,success,
11517,0,4,7,,distance,levenshtein,11.844712018966675,1.0,1.0,1.0,7,success,
162,0,4,6,,distance,levenshtein,2.0991549491882324,0.7,1.0,0.8235294117647058,6,success,
3075,0,3,8,,distance,levenshtein,0.5796928405761719,0.7,1.0,0.8235294117647058,8,success,
68503,0,3,6,,distance,levenshtein,1.8469488620758057,0.875,1.0,0.9333333333333333,6,success,
28998,0,3,7,,distance,levenshtein,1.100147008895874,1.0,1.0,1.0,7,success,
88322,0,4,9,,distance,levenshtein,0.45513916015625,0.875,1.0,0.9333333333333333,9,success,
31055,0,4,6,,distance,levenshtein,1.1368341445922852,0.7777777777777778,1.0,0.875,6,success,
89095,0,5,5,,distance,levenshtein,2.0423388481140137,0.7777777777777778,1.0,0.875,5,success,
88322,0,4,10,,distance,levenshtein,0.17319989204406738,0.875,1.0,0.9333333333333333,10,success,
11517,0,4,8,,distance,levenshtein,0.7946269512176514,1.0,1.0,1.0,8,success,
88322,0,5,2,,distance,levenshtein,0.03482389450073242,0.875,1.0,0.9333333333333333,2,success,
84787,0,6,8,,distance,levenshtein,1.087069034576416,0.7777777777777778,1.0,0.875,8,success,
63198,0,4,8,,distance,levenshtein,2.5234761238098145,0.7777777777777778,1.0,0.875,8,success,
89095,0,5,6,,distance,levenshtein,0.25072693824768066,0.7777777777777778,1.0,0.875,6,success,
58656,0,4,4,,distance,levenshtein,2.1770999431610107,0.7777777777777778,1.0,0.875,4,success,
39871,0,4,6,,distance,levenshtein,1.7982220649719238,1.0,1.0,1.0,6,success,
68503,0,3,7,,distance,levenshtein,0.7192230224609375,0.875,1.0,0.9333333333333333,7,success,
88322,0,5,3,,distance,levenshtein,0.10185408592224121,0.875,1.0,0.9333333333333333,3,success,
84787,0,6,9,,distance,levenshtein,0.07039403915405273,0.7777777777777778,1.0,0.875,9,success,
3075,0,3,9,,distance,levenshtein,0.9333949089050293,0.7,1.0,0.8235294117647058,9,success,
15852,0,2,7,,distance,levenshtein,11.206981897354126,0.875,1.0,0.9333333333333333,7,success,
84787,0,6,10,,distance,levenshtein,0.07102417945861816,0.7777777777777778,1.0,0.875,10,success,
31055,0,4,7,,distance,levenshtein,0.6346590518951416,0.7777777777777778,1.0,0.875,7,success,
45,0,5,6,,distance,levenshtein,2.0451149940490723,1.0,1.0,1.0,6,success,
88322,0,5,4,,distance,levenshtein,0.22338390350341797,0.875,1.0,0.9333333333333333,4,success,
84787,1,0,2,,distance,levenshtein,0.06208086013793945,0.2647058823529412,1.0,0.4186046511627907,2,success,
89095,0,5,7,,distance,levenshtein,0.2543470859527588,0.7777777777777778,1.0,0.875,7,success,
11517,0,4,9,,distance,levenshtein,0.5229198932647705,1.0,1.0,1.0,9,success,
68503,0,3,8,,distance,levenshtein,0.331773042678833,0.875,1.0,0.9333333333333333,8,success,
63198,0,4,9,,distance,levenshtein,0.48879408836364746,0.7777777777777778,1.0,0.875,9,success,
33653,0,3,9,,distance,levenshtein,2.191027879714966,0.7777777777777778,1.0,0.875,9,success,
31055,0,4,8,,distance,levenshtein,0.2839798927307129,0.7777777777777778,1.0,0.875,8,success,
84787,1,0,3,,distance,levenshtein,0.23986101150512695,0.2571428571428571,1.0,0.4090909090909091,3,success,
88322,0,5,5,,distance,levenshtein,0.5204751491546631,0.875,1.0,0.9333333333333333,5,success,
89095,0,5,8,,distance,levenshtein,0.44301414489746094,0.7777777777777778,1.0,0.875,8,success,
28998,0,3,8,,distance,levenshtein,1.8981969356536865,1.0,1.0,1.0,8,success,
84787,1,0,4,,distance,levenshtein,0.4091451168060303,0.2571428571428571,1.0,0.4090909090909091,4,success,
6886,0,4,5,,distance,levenshtein,6.737512111663818,1.0,1.0,1.0,5,success,
11517,0,4,10,,distance,levenshtein,0.49425220489501953,1.0,1.0,1.0,10,success,
31055,0,4,9,,distance,levenshtein,0.4460868835449219,0.7777777777777778,1.0,0.875,9,success,
68503,0,3,9,,distance,levenshtein,0.5109632015228271,0.875,1.0,0.9333333333333333,9,success,
28998,0,3,9,,distance,levenshtein,0.0935671329498291,1.0,1.0,1.0,9,success,
63198,0,4,10,,distance,levenshtein,0.5524349212646484,0.7777777777777778,1.0,0.875,10,success,
11517,0,5,2,,distance,levenshtein,0.09078407287597656,1.0,1.0,1.0,2,success,
55151,0,3,9,,distance,levenshtein,14.096497058868408,1.0,1.0,1.0,9,success,
63198,0,5,2,,distance,levenshtein,0.03877711296081543,0.7777777777777778,1.0,0.875,2,success,
6886,0,4,6,,distance,levenshtein,0.24599814414978027,1.0,1.0,1.0,6,success,
63198,0,5,3,,distance,levenshtein,0.14560604095458984,0.7777777777777778,1.0,0.875,3,success,
88322,0,5,6,,distance,levenshtein,0.7233340740203857,0.875,1.0,0.9333333333333333,6,success,
55151,0,3,10,,distance,levenshtein,0.10980820655822754,1.0,1.0,1.0,10,success,
58656,0,4,5,,distance,levenshtein,1.8065438270568848,0.7777777777777778,1.0,0.875,5,success,
89095,0,5,9,,distance,levenshtein,0.5755548477172852,0.7777777777777778,1.0,0.875,9,success,
55151,0,4,2,,distance,levenshtein,0.05405592918395996,1.0,1.0,1.0,2,success,
3075,0,3,10,,distance,levenshtein,1.7749249935150146,0.7,1.0,0.8235294117647058,10,success,
31055,0,4,10,,distance,levenshtein,0.5035960674285889,0.7777777777777778,1.0,0.875,10,success,
3075,0,4,2,,distance,levenshtein,0.022550106048583984,0.7,1.0,0.8235294117647058,2,success,
31055,0,5,2,,distance,levenshtein,0.06664204597473145,0.7777777777777778,1.0,0.875,2,success,
58656,0,4,6,,distance,levenshtein,0.19308114051818848,0.7777777777777778,1.0,0.875,6,success,
39871,0,4,7,,distance,levenshtein,2.117219924926758,1.0,1.0,1.0,7,success,
68503,0,3,10,,distance,levenshtein,0.6438660621643066,0.875,1.0,0.9333333333333333,10,success,
63198,0,5,4,,distance,levenshtein,0.4735751152038574,0.7777777777777778,1.0,0.875,4,success,
55151,0,4,3,,distance,levenshtein,0.28552699089050293,1.0,1.0,1.0,3,success,
3075,0,4,3,,distance,levenshtein,0.12990903854370117,0.7,1.0,0.8235294117647058,3,success,
68503,0,4,2,,distance,levenshtein,0.0637669563293457,0.875,1.0,0.9333333333333333,2,success,
6886,0,4,7,,distance,levenshtein,0.7760500907897949,1.0,1.0,1.0,7,success,
68503,0,4,3,,distance,levenshtein,0.18619394302368164,0.875,1.0,0.9333333333333333,3,success,
58656,0,4,7,,distance,levenshtein,0.33354902267456055,0.7777777777777778,1.0,0.875,7,success,
39871,0,4,8,,distance,levenshtein,0.38698482513427734,1.0,1.0,1.0,8,success,
89095,0,5,10,,distance,levenshtein,0.6873009204864502,0.7777777777777778,1.0,0.875,10,success,
3075,0,4,4,,distance,levenshtein,0.5557518005371094,0.7,1.0,0.8235294117647058,4,success,
63198,0,5,5,,distance,levenshtein,0.661545991897583,0.7142857142857143,0.7142857142857143,0.7142857142857143,5,success,
89095,0,6,2,,distance,levenshtein,0.04260993003845215,0.7777777777777778,1.0,0.875,2,success,
11517,0,5,3,,distance,levenshtein,1.5530478954315186,1.0,1.0,1.0,3,success,
55151,0,4,4,,distance,levenshtein,0.6888301372528076,1.0,1.0,1.0,4,success,
68503,0,4,4,,distance,levenshtein,0.47926902770996094,0.875,1.0,0.9333333333333333,4,success,
89095,0,6,3,,distance,levenshtein,0.12685513496398926,0.7777777777777778,1.0,0.875,3,success,
6886,0,4,8,,distance,levenshtein,0.4272630214691162,1.0,1.0,1.0,8,success,
33653,0,3,10,,distance,levenshtein,2.579029083251953,0.7777777777777778,1.0,0.875,10,success,
33653,0,4,2,,distance,levenshtein,0.03952789306640625,0.7777777777777778,1.0,0.875,2,success,
39871,0,4,9,,distance,levenshtein,0.4917619228363037,1.0,1.0,1.0,9,success,
89095,0,6,4,,distance,levenshtein,0.31134796142578125,0.7777777777777778,1.0,0.875,4,success,
89095,0,6,5,,distance,levenshtein,0.03880000114440918,0.7777777777777778,1.0,0.875,5,success,
33653,0,4,3,,distance,levenshtein,0.20600199699401855,0.7777777777777778,1.0,0.875,3,success,
3075,0,4,5,,distance,levenshtein,0.6557250022888184,0.7,1.0,0.8235294117647058,5,success,
6886,0,4,9,,distance,levenshtein,0.5617620944976807,1.0,1.0,1.0,9,success,
89095,0,6,6,,distance,levenshtein,0.21806097030639648,0.7777777777777778,1.0,0.875,6,success,
31055,0,5,3,,distance,levenshtein,1.8716681003570557,0.7777777777777778,1.0,0.875,3,success,
28998,0,3,10,,distance,levenshtein,2.604954957962036,1.0,1.0,1.0,10,success,
11517,0,5,4,,distance,levenshtein,1.1044189929962158,1.0,1.0,1.0,4,success,
28998,0,4,2,,distance,levenshtein,0.07461380958557129,1.0,1.0,1.0,2,success,
39871,0,4,10,,distance,levenshtein,0.5353579521179199,1.0,1.0,1.0,10,success,
33653,0,4,4,,distance,levenshtein,0.45392799377441406,0.7777777777777778,1.0,0.875,4,success,
8988,0,3,7,,distance,levenshtein,10.262702941894531,0.875,1.0,0.9333333333333333,7,success,
39871,0,5,2,,distance,levenshtein,0.04541015625,1.0,1.0,1.0,2,success,
68503,0,4,5,,distance,levenshtein,1.3013198375701904,0.875,1.0,0.9333333333333333,5,success,
89095,0,6,7,,distance,levenshtein,0.43461108207702637,0.7777777777777778,1.0,0.875,7,success,
39871,0,5,3,,distance,levenshtein,0.23026704788208008,1.0,0.8571428571428571,0.9230769230769231,3,success,
58656,0,4,8,,distance,levenshtein,1.9050381183624268,0.7777777777777778,1.0,0.875,8,success,
6886,0,4,10,,distance,levenshtein,0.6911139488220215,1.0,1.0,1.0,10,success,
37843,0,4,8,,distance,levenshtein,8.311144828796387,0.875,1.0,0.9333333333333333,8,success,
84787,1,0,5,,distance,levenshtein,3.8290531635284424,0.25,1.0,0.4,5,success,
6886,0,5,2,,distance,levenshtein,0.05951404571533203,1.0,1.0,1.0,2,success,
55151,0,4,5,,distance,levenshtein,1.96958589553833,1.0,1.0,1.0,5,success,
6886,0,5,3,,distance,levenshtein,0.16298198699951172,1.0,1.0,1.0,3,success,
89095,0,6,8,,distance,levenshtein,0.6106059551239014,0.7777777777777778,1.0,0.875,8,success,
33653,0,4,5,,distance,levenshtein,1.0312860012054443,0.7777777777777778,1.0,0.875,5,success,
28998,0,4,3,,distance,levenshtein,1.1239888668060303,1.0,1.0,1.0,3,success,
58656,0,4,9,,distance,levenshtein,0.5418491363525391,0.7777777777777778,1.0,0.875,9,success,
55151,0,4,6,,distance,levenshtein,0.25655698776245117,1.0,1.0,1.0,6,success,
39871,0,5,4,,distance,levenshtein,0.9045898914337158,1.0,1.0,1.0,4,success,
6886,0,5,4,,distance,levenshtein,0.4040811061859131,1.0,1.0,1.0,4,success,
89095,0,6,9,,distance,levenshtein,0.3348848819732666,0.7777777777777778,1.0,0.875,9,success,
31055,0,5,4,,distance,levenshtein,1.677220106124878,0.7777777777777778,1.0,0.875,4,success,
8988,0,3,8,,distance,levenshtein,1.4871118068695068,0.875,1.0,0.9333333333333333,8,success,
55151,0,4,7,,distance,levenshtein,0.30551886558532715,1.0,1.0,1.0,7,success,
28998,0,4,4,,distance,levenshtein,0.5401289463043213,1.0,1.0,1.0,4,success,
31055,0,5,5,,distance,levenshtein,0.24160408973693848,0.7777777777777778,1.0,0.875,5,success,
58656,0,4,10,,distance,levenshtein,0.6634678840637207,0.7777777777777778,1.0,0.875,10,success,
58656,0,5,2,,distance,levenshtein,0.07130193710327148,0.7777777777777778,1.0,0.875,2,success,
162,0,4,7,,distance,levenshtein,7.805566072463989,0.7,1.0,0.8235294117647058,7,success,
89095,0,6,10,,distance,levenshtein,0.580935001373291,0.7777777777777778,1.0,0.875,10,success,
55151,0,4,8,,distance,levenshtein,0.5102331638336182,1.0,1.0,1.0,8,success,
89095,1,0,2,,distance,levenshtein,0.10037899017333984,0.2647058823529412,1.0,0.4186046511627907,2,success,
6886,0,5,5,,distance,levenshtein,0.9958810806274414,1.0,1.0,1.0,5,success,
11517,0,5,5,,distance,levenshtein,2.567896842956543,1.0,1.0,1.0,5,success,
31055,0,5,6,,distance,levenshtein,0.450761079788208,0.7777777777777778,1.0,0.875,6,success,
93884,0,3,9,,distance,levenshtein,16.46792697906494,0.7777777777777778,1.0,0.875,9,success,
84787,1,0,6,,distance,levenshtein,2.0216901302337646,0.2571428571428571,1.0,0.4090909090909091,6,success,
162,0,4,8,,distance,levenshtein,0.39962100982666016,0.7,1.0,0.8235294117647058,8,success,
89095,1,0,3,,distance,levenshtein,0.38503408432006836,0.24324324324324326,1.0,0.391304347826087,3,success,
28998,0,4,5,,distance,levenshtein,1.162621021270752,1.0,0.7142857142857143,0.8333333333333334,5,success,
58656,0,5,3,,distance,levenshtein,0.9403831958770752,0.7777777777777778,1.0,0.875,3,success,
31055,0,5,7,,distance,levenshtein,0.5553359985351562,0.7777777777777778,1.0,0.875,7,success,
28998,0,4,6,,distance,levenshtein,0.28791093826293945,1.0,1.0,1.0,6,success,
162,0,4,9,,distance,levenshtein,0.37195301055908203,0.7,1.0,0.8235294117647058,9,success,
39871,0,5,5,,distance,levenshtein,2.085278034210205,1.0,1.0,1.0,5,success,
11517,0,5,6,,distance,levenshtein,1.0306811332702637,1.0,1.0,1.0,6,success,
63198,0,5,6,,distance,levenshtein,5.080564975738525,0.7777777777777778,1.0,0.875,6,success,
26253,0,3,10,,distance,levenshtein,20.44364094734192,0.875,1.0,0.9333333333333333,10,success,
39871,0,5,6,,distance,levenshtein,0.25552797317504883,1.0,1.0,1.0,6,success,
28998,0,4,7,,distance,levenshtein,0.3857560157775879,1.0,1.0,1.0,7,success,
26253,0,4,2,,distance,levenshtein,0.07656002044677734,0.875,1.0,0.9333333333333333,2,success,
32584,0,3,8,,distance,levenshtein,18.280637979507446,0.875,1.0,0.9333333333333333,8,success,
89095,1,0,4,,distance,levenshtein,1.0832760334014893,0.23684210526315788,1.0,0.3829787234042553,4,success,
162,0,4,10,,distance,levenshtein,0.5163190364837646,0.7,1.0,0.8235294117647058,10,success,
58656,0,5,4,,distance,levenshtein,0.9042360782623291,0.7777777777777778,1.0,0.875,4,success,
162,0,5,2,,distance,levenshtein,0.051013946533203125,0.7,1.0,0.8235294117647058,2,success,
31055,0,5,8,,distance,levenshtein,0.7544598579406738,0.7777777777777778,1.0,0.875,8,success,
88322,0,5,7,,distance,levenshtein,6.941245079040527,0.875,1.0,0.9333333333333333,7,success,
39871,0,5,7,,distance,levenshtein,0.33916401863098145,1.0,1.0,1.0,7,success,
11517,0,5,7,,distance,levenshtein,0.45657801628112793,1.0,1.0,1.0,7,success,
3075,0,4,6,,distance,levenshtein,5.221914052963257,0.7,1.0,0.8235294117647058,6,success,
162,0,5,3,,distance,levenshtein,0.22951507568359375,0.7,1.0,0.8235294117647058,3,success,
28998,0,4,8,,distance,levenshtein,0.44359493255615234,1.0,1.0,1.0,8,success,
6886,0,5,6,,distance,levenshtein,2.225553035736084,1.0,1.0,1.0,6,success,
88322,0,5,8,,distance,levenshtein,0.3524661064147949,0.875,1.0,0.9333333333333333,8,success,
3075,0,4,7,,distance,levenshtein,0.23938798904418945,0.7,1.0,0.8235294117647058,7,success,
39871,0,5,8,,distance,levenshtein,0.4445018768310547,1.0,1.0,1.0,8,success,
26253,0,4,3,,distance,levenshtein,0.9801180362701416,0.875,1.0,0.9333333333333333,3,success,
11517,0,5,8,,distance,levenshtein,0.5534360408782959,1.0,1.0,1.0,8,success,
28998,0,4,9,,distance,levenshtein,0.5486249923706055,1.0,1.0,1.0,9,success,
31055,0,5,9,,distance,levenshtein,0.8218748569488525,0.7777777777777778,1.0,0.875,9,success,
162,0,5,4,,distance,levenshtein,0.731071949005127,0.7,1.0,0.8235294117647058,4,success,
88322,0,5,9,,distance,levenshtein,0.4555950164794922,0.875,1.0,0.9333333333333333,9,success,
63198,0,5,7,,distance,levenshtein,1.6482608318328857,0.7777777777777778,1.0,0.875,7,success,
93884,0,3,10,,distance,levenshtein,2.7640020847320557,0.7777777777777778,1.0,0.875,10,success,
3075,0,4,8,,distance,levenshtein,0.38187313079833984,0.7,1.0,0.8235294117647058,8,success,
55151,0,4,9,,distance,levenshtein,3.1275978088378906,1.0,1.0,1.0,9,success,
93884,0,4,2,,distance,levenshtein,0.04155898094177246,0.7777777777777778,1.0,0.875,2,success,
39871,0,5,9,,distance,levenshtein,0.5346560478210449,1.0,1.0,1.0,9,success,
88322,0,5,10,,distance,levenshtein,0.13680505752563477,0.875,1.0,0.9333333333333333,10,success,
88322,0,6,2,,distance,levenshtein,0.030162811279296875,0.875,1.0,0.9333333333333333,2,success,
88322,0,6,3,,distance,levenshtein,0.03875303268432617,0.875,1.0,0.9333333333333333,3,success,
93884,0,4,3,,distance,levenshtein,0.33326292037963867,0.7777777777777778,1.0,0.875,3,success,
11517,0,5,9,,distance,levenshtein,0.6717829704284668,1.0,1.0,1.0,9,success,
88322,0,6,4,,distance,levenshtein,0.036993980407714844,0.875,1.0,0.9333333333333333,4,success,
3075,0,4,9,,distance,levenshtein,0.400285005569458,0.7,1.0,0.8235294117647058,9,success,
26253,0,4,4,,distance,levenshtein,1.0753860473632812,0.875,1.0,0.9333333333333333,4,success,
88322,0,6,5,,distance,levenshtein,0.06765198707580566,0.875,1.0,0.9333333333333333,5,success,
93884,0,4,4,,distance,levenshtein,0.1406850814819336,0.7777777777777778,1.0,0.875,4,success,
58656,0,5,5,,distance,levenshtein,1.9802830219268799,0.7777777777777778,1.0,0.875,5,success,
28998,0,4,10,,distance,levenshtein,0.8155028820037842,1.0,1.0,1.0,10,success,
88322,0,6,6,,distance,levenshtein,0.17890214920043945,0.875,1.0,0.9333333333333333,6,success,
55151,0,4,10,,distance,levenshtein,0.6494369506835938,1.0,1.0,1.0,10,success,
63198,0,5,8,,distance,levenshtein,0.8282439708709717,0.7777777777777778,1.0,0.875,8,success,
28998,0,5,2,,distance,levenshtein,0.07260489463806152,1.0,1.0,1.0,2,success,
58656,0,5,6,,distance,levenshtein,0.25469303131103516,0.7777777777777778,1.0,0.875,6,success,
55151,0,5,2,,distance,levenshtein,0.11238884925842285,1.0,1.0,1.0,2,success,
88322,0,6,7,,distance,levenshtein,0.1662731170654297,0.875,1.0,0.9333333333333333,7,success,
33653,0,4,6,,distance,levenshtein,5.847048997879028,0.7777777777777778,1.0,0.875,6,success,
31055,0,5,10,,distance,levenshtein,1.0624058246612549,0.7777777777777778,1.0,0.875,10,success,
3075,0,4,10,,distance,levenshtein,0.43195509910583496,0.7,1.0,0.8235294117647058,10,success,
31055,0,6,2,,distance,levenshtein,0.013358116149902344,0.7777777777777778,1.0,0.875,2,success,
28998,0,5,3,,distance,levenshtein,0.19992709159851074,1.0,1.0,1.0,3,success,
31055,0,6,3,,distance,levenshtein,0.019420146942138672,0.7777777777777778,1.0,0.875,3,success,
3075,0,5,2,,distance,levenshtein,0.04876708984375,0.7,1.0,0.8235294117647058,2,success,
31055,0,6,4,,distance,levenshtein,0.0576319694519043,0.7777777777777778,1.0,0.875,4,success,
11517,0,5,10,,distance,levenshtein,0.725039005279541,1.0,0.8571428571428571,0.9230769230769231,10,success,
31055,0,6,5,,distance,levenshtein,0.020182132720947266,0.7777777777777778,1.0,0.875,5,success,
63198,0,5,9,,distance,levenshtein,0.4006831645965576,0.7777777777777778,1.0,0.875,9,success,
11517,0,6,2,,distance,levenshtein,0.013092041015625,1.0,1.0,1.0,2,success,
68503,0,4,6,,distance,levenshtein,7.016978025436401,0.875,1.0,0.9333333333333333,6,success,
6886,0,5,7,,distance,levenshtein,2.2699079513549805,1.0,1.0,1.0,7,success,
11517,0,6,3,,distance,levenshtein,0.059237003326416016,1.0,1.0,1.0,3,success,
55151,0,5,3,,distance,levenshtein,0.38778185844421387,1.0,1.0,1.0,3,success,
58656,0,5,7,,distance,levenshtein,0.38712596893310547,0.7777777777777778,1.0,0.875,7,success,
11517,0,6,4,,distance,levenshtein,0.056131839752197266,1.0,1.0,1.0,4,success,
31055,0,6,6,,distance,levenshtein,0.18258190155029297,0.7777777777777778,1.0,0.875,6,success,
11517,0,6,5,,distance,levenshtein,0.03694295883178711,1.0,1.0,1.0,5,success,
93884,0,4,5,,distance,levenshtein,1.1086368560791016,0.7777777777777778,1.0,0.875,5,success,
28998,0,5,4,,distance,levenshtein,0.573930025100708,1.0,1.0,1.0,4,success,
31055,0,6,7,,distance,levenshtein,0.169050931930542,0.7777777777777778,1.0,0.875,7,success,
68503,0,4,7,,distance,levenshtein,0.34705400466918945,0.875,1.0,0.9333333333333333,7,success,
6886,0,5,8,,distance,levenshtein,0.36537885665893555,1.0,1.0,1.0,8,success,
11517,0,6,6,,distance,levenshtein,0.2034621238708496,1.0,1.0,1.0,6,success,
63198,0,5,10,,distance,levenshtein,0.43831896781921387,0.7777777777777778,1.0,0.875,10,success,
63198,0,6,2,,distance,levenshtein,0.01330709457397461,0.7777777777777778,1.0,0.875,2,success,
3075,0,5,3,,distance,levenshtein,0.828516960144043,0.7,1.0,0.8235294117647058,3,success,
162,0,5,5,,distance,levenshtein,2.367936849594116,0.7,1.0,0.8235294117647058,5,success,
63198,0,6,3,,distance,levenshtein,0.0186309814453125,0.7777777777777778,1.0,0.875,3,success,
63198,0,6,4,,distance,levenshtein,0.03665804862976074,0.7777777777777778,1.0,0.875,4,success,
11517,0,6,7,,distance,levenshtein,0.17346906661987305,1.0,1.0,1.0,7,success,
58656,0,5,8,,distance,levenshtein,0.4825429916381836,0.7777777777777778,1.0,0.875,8,success,
63198,0,6,5,,distance,levenshtein,0.03701901435852051,0.7777777777777778,1.0,0.875,5,success,
88322,0,6,8,,distance,levenshtein,1.2960469722747803,0.875,1.0,0.9333333333333333,8,success,
68503,0,4,8,,distance,levenshtein,0.3081181049346924,0.875,1.0,0.9333333333333333,8,success,
162,0,5,6,,distance,levenshtein,0.2334291934967041,0.7,1.0,0.8235294117647058,6,success,
88322,0,6,9,,distance,levenshtein,0.07318902015686035,0.875,1.0,0.9333333333333333,9,success,
28998,0,5,5,,distance,levenshtein,0.5704548358917236,1.0,0.8571428571428571,0.9230769230769231,5,success,
9471,0,4,10,,distance,levenshtein,14.234323024749756,1.0,1.0,1.0,10,success,
63198,0,6,6,,distance,levenshtein,0.18866991996765137,0.7777777777777778,1.0,0.875,6,success,
6886,0,5,9,,distance,levenshtein,0.5082230567932129,1.0,1.0,1.0,9,success,
9471,0,5,2,,distance,levenshtein,0.04468202590942383,1.0,1.0,1.0,2,success,
88322,0,6,10,,distance,levenshtein,0.06821084022521973,0.875,1.0,0.9333333333333333,10,success,
45,0,5,7,,distance,levenshtein,12.795233011245728,1.0,1.0,1.0,7,success,
63198,0,6,7,,distance,levenshtein,0.1668701171875,0.7777777777777778,1.0,0.875,7,success,
88322,1,0,2,,distance,levenshtein,0.06323814392089844,0.13846153846153847,1.0,0.24324324324324326,2,success,
33653,0,4,7,,distance,levenshtein,1.6645288467407227,0.7777777777777778,1.0,0.875,7,success,
9471,0,5,3,,distance,levenshtein,0.1698169708251953,1.0,1.0,1.0,3,success,
28998,0,5,6,,distance,levenshtein,0.29397010803222656,1.0,1.0,1.0,6,success,
162,0,5,7,,distance,levenshtein,0.3230628967285156,0.7,1.0,0.8235294117647058,7,success,
31055,0,6,8,,distance,levenshtein,1.0876960754394531,0.7777777777777778,1.0,0.875,8,success,
68503,0,4,9,,distance,levenshtein,0.5116188526153564,0.875,1.0,0.9333333333333333,9,success,
31055,0,6,9,,distance,levenshtein,0.05416703224182129,0.7777777777777778,1.0,0.875,9,success,
45,0,5,8,,distance,levenshtein,0.32783007621765137,1.0,1.0,1.0,8,success,
33653,0,4,8,,distance,levenshtein,0.3074660301208496,0.7777777777777778,1.0,0.875,8,success,
31055,0,6,10,,distance,levenshtein,0.05303692817687988,0.7777777777777778,1.0,0.875,10,success,
9471,0,5,4,,distance,levenshtein,0.39536499977111816,1.0,1.0,1.0,4,success,
6886,0,5,10,,distance,levenshtein,0.5948801040649414,1.0,1.0,1.0,10,success,
31055,1,0,2,,distance,levenshtein,0.08996105194091797,0.140625,1.0,0.2465753424657534,2,success,
28998,0,5,7,,distance,levenshtein,0.3802051544189453,1.0,1.0,1.0,7,success,
88322,1,0,3,,distance,levenshtein,0.6285109519958496,0.2647058823529412,1.0,0.4186046511627907,3,success,
6886,0,6,2,,distance,levenshtein,0.016436100006103516,1.0,1.0,1.0,2,success,
11517,0,6,8,,distance,levenshtein,1.3476438522338867,1.0,1.0,1.0,8,success,
6886,0,6,3,,distance,levenshtein,0.09929203987121582,1.0,1.0,1.0,3,success,
162,0,5,8,,distance,levenshtein,0.5295228958129883,0.7,1.0,0.8235294117647058,8,success,
11517,0,6,9,,distance,levenshtein,0.054437875747680664,1.0,1.0,1.0,9,success,
45,0,5,9,,distance,levenshtein,0.4499809741973877,1.0,1.0,1.0,9,success,
6886,0,6,4,,distance,levenshtein,0.18871498107910156,1.0,1.0,1.0,4,success,
33653,0,4,9,,distance,levenshtein,0.4553709030151367,0.7777777777777778,1.0,0.875,9,success,
11517,0,6,10,,distance,levenshtein,0.05442500114440918,1.0,1.0,1.0,10,success,
63198,0,6,8,,distance,levenshtein,1.100830078125,0.7777777777777778,1.0,0.875,8,success,
28998,0,5,8,,distance,levenshtein,0.25198888778686523,1.0,1.0,1.0,8,success,
31055,1,0,3,,distance,levenshtein,0.46262288093566895,0.25,1.0,0.4,3,success,
11517,1,0,2,,distance,levenshtein,0.052778005599975586,0.23684210526315788,1.0,0.3829787234042553,2,success,
58656,0,5,9,,distance,levenshtein,1.685107946395874,0.7777777777777778,1.0,0.875,9,success,
51338,0,4,7,,distance,levenshtein,30.895803928375244,0.875,1.0,0.9333333333333333,7,success,
63198,0,6,9,,distance,levenshtein,0.053292036056518555,0.7777777777777778,1.0,0.875,9,success,
39871,0,5,10,,distance,levenshtein,4.048634052276611,1.0,1.0,1.0,10,success,
63198,0,6,10,,distance,levenshtein,0.07316803932189941,0.7777777777777778,1.0,0.875,10,success,
39871,0,6,2,,distance,levenshtein,0.021710872650146484,1.0,1.0,1.0,2,success,
63198,1,0,2,,distance,levenshtein,0.04804491996765137,0.25,1.0,0.4,2,success,
39871,0,6,3,,distance,levenshtein,0.053787946701049805,1.0,1.0,1.0,3,success,
9471,0,5,5,,distance,levenshtein,1.013645887374878,1.0,1.0,1.0,5,success,
11517,1,0,3,,distance,levenshtein,0.44240689277648926,0.21951219512195122,1.0,0.36,3,success,
45,0,5,10,,distance,levenshtein,0.48447608947753906,1.0,1.0,1.0,10,success,
33653,0,4,10,,distance,levenshtein,0.509472131729126,0.7777777777777778,1.0,0.875,10,success,
6886,0,6,5,,distance,levenshtein,0.6853220462799072,1.0,1.0,1.0,5,success,
89095,1,0,5,,distance,levenshtein,6.362051010131836,0.24324324324324326,1.0,0.391304347826087,5,success,
63198,1,0,3,,distance,levenshtein,0.14853501319885254,0.25,1.0,0.4,3,success,
39871,0,6,4,,distance,levenshtein,0.19539093971252441,1.0,1.0,1.0,4,success,
45,0,6,2,,distance,levenshtein,0.020009994506835938,1.0,1.0,1.0,2,success,
33653,0,5,2,,distance,levenshtein,0.06224203109741211,0.7777777777777778,1.0,0.875,2,success,
6886,0,6,6,,distance,levenshtein,0.07157611846923828,1.0,1.0,1.0,6,success,
28998,0,5,9,,distance,levenshtein,0.7478280067443848,1.0,1.0,1.0,9,success,
45,0,6,3,,distance,levenshtein,0.1813809871673584,1.0,1.0,1.0,3,success,
3075,0,5,4,,distance,levenshtein,2.8330419063568115,0.7,1.0,0.8235294117647058,4,success,
6886,0,6,7,,distance,levenshtein,0.09898495674133301,1.0,1.0,1.0,7,success,
11517,1,0,4,,distance,levenshtein,0.3637831211090088,0.225,1.0,0.3673469387755102,4,success,
58656,0,5,10,,distance,levenshtein,0.6823909282684326,0.7777777777777778,1.0,0.875,10,success,
58656,0,6,2,,distance,levenshtein,0.0203549861907959,0.7777777777777778,1.0,0.875,2,success,
39871,0,6,5,,distance,levenshtein,0.4101409912109375,1.0,1.0,1.0,5,success,
33653,0,5,3,,distance,levenshtein,0.33307886123657227,0.7777777777777778,1.0,0.875,3,success,
45,0,6,4,,distance,levenshtein,0.23655009269714355,1.0,1.0,1.0,4,success,
58656,0,6,3,,distance,levenshtein,0.16626214981079102,0.7777777777777778,1.0,0.875,3,success,
31055,1,0,4,,distance,levenshtein,1.3676211833953857,0.25,1.0,0.4,4,success,
45,0,6,5,,distance,levenshtein,0.25655603408813477,1.0,1.0,1.0,5,success,
63198,1,0,4,,distance,levenshtein,0.8473749160766602,0.24324324324324326,1.0,0.391304347826087,4,success,
58656,0,6,4,,distance,levenshtein,0.1799790859222412,0.7777777777777778,1.0,0.875,4,success,
45,0,6,6,,distance,levenshtein,0.055275917053222656,1.0,1.0,1.0,6,success,
39871,0,6,6,,distance,levenshtein,0.5085599422454834,1.0,1.0,1.0,6,success,
6886,0,6,8,,distance,levenshtein,0.630810022354126,1.0,1.0,1.0,8,success,
55151,0,5,4,,distance,levenshtein,4.3055078983306885,1.0,1.0,1.0,4,success,
58656,0,6,5,,distance,levenshtein,0.26765012741088867,0.7777777777777778,1.0,0.875,5,success,
55151,0,5,5,,distance,levenshtein,0.18770098686218262,1.0,1.0,1.0,5,success,
58656,0,6,6,,distance,levenshtein,0.1660468578338623,0.7777777777777778,1.0,0.875,6,success,
45,0,6,7,,distance,levenshtein,0.3878788948059082,1.0,1.0,1.0,7,success,
6886,0,6,9,,distance,levenshtein,0.595393180847168,1.0,1.0,1.0,9,success,
39871,0,6,7,,distance,levenshtein,0.724829912185669,1.0,1.0,1.0,7,success,
55151,0,5,6,,distance,levenshtein,0.28869009017944336,1.0,1.0,1.0,6,success,
68503,0,4,10,,distance,levenshtein,3.290644884109497,0.875,1.0,0.9333333333333333,10,success,
3075,0,5,5,,distance,levenshtein,1.4964981079101562,0.7,1.0,0.8235294117647058,5,success,
162,0,5,9,,distance,levenshtein,2.7369120121002197,0.7,1.0,0.8235294117647058,9,success,
68503,0,5,2,,distance,levenshtein,0.08441591262817383,0.875,1.0,0.9333333333333333,2,success,
33653,0,5,4,,distance,levenshtein,1.4030859470367432,0.7777777777777778,1.0,0.875,4,success,
58656,0,6,7,,distance,levenshtein,0.4660360813140869,0.7777777777777778,1.0,0.875,7,success,
63198,1,0,5,,distance,levenshtein,1.1344389915466309,0.24324324324324326,1.0,0.391304347826087,5,success,
45,0,6,8,,distance,levenshtein,0.522536039352417,1.0,1.0,1.0,8,success,
88322,1,0,4,,distance,levenshtein,3.320781946182251,0.2647058823529412,1.0,0.4186046511627907,4,success,
93884,0,4,6,,distance,levenshtein,5.194844961166382,0.7777777777777778,1.0,0.875,6,success,
3075,0,5,6,,distance,levenshtein,0.17846989631652832,0.7,1.0,0.8235294117647058,6,success,
68503,0,5,3,,distance,levenshtein,0.12861895561218262,0.875,1.0,0.9333333333333333,3,success,
33653,0,5,5,,distance,levenshtein,0.2067859172821045,0.7777777777777778,1.0,0.875,5,success,
55151,0,5,7,,distance,levenshtein,0.4514739513397217,1.0,1.0,1.0,7,success,
3075,0,5,7,,distance,levenshtein,0.29233503341674805,0.7,1.0,0.8235294117647058,7,success,
68503,0,5,4,,distance,levenshtein,0.4812188148498535,0.875,1.0,0.9333333333333333,4,success,
6886,0,6,10,,distance,levenshtein,0.8737988471984863,1.0,1.0,1.0,10,success,
58656,0,6,8,,distance,levenshtein,0.6362709999084473,0.7777777777777778,1.0,0.875,8,success,
162,0,5,10,,distance,levenshtein,0.6677510738372803,0.7,1.0,0.8235294117647058,10,success,
39871,0,6,8,,distance,levenshtein,1.0222108364105225,1.0,1.0,1.0,8,success,
6886,1,0,2,,distance,levenshtein,0.08619499206542969,0.2727272727272727,1.0,0.42857142857142855,2,success,
11517,1,0,5,,distance,levenshtein,2.601393938064575,0.23076923076923078,1.0,0.375,5,success,
162,0,6,2,,distance,levenshtein,0.0316159725189209,0.7,1.0,0.8235294117647058,2,success,
45,0,6,9,,distance,levenshtein,0.7768049240112305,1.0,1.0,1.0,9,success,
162,0,6,3,,distance,levenshtein,0.03782486915588379,0.7,1.0,0.8235294117647058,3,success,
162,0,6,4,,distance,levenshtein,0.03706693649291992,0.7,1.0,0.8235294117647058,4,success,
39871,0,6,9,,distance,levenshtein,0.09234213829040527,1.0,1.0,1.0,9,success,
63198,1,0,6,,distance,levenshtein,1.0175390243530273,0.23684210526315788,1.0,0.3829787234042553,6,success,
162,0,6,5,,distance,levenshtein,0.02006816864013672,0.7,1.0,0.8235294117647058,5,success,
33653,0,5,6,,distance,levenshtein,0.854651927947998,0.7777777777777778,1.0,0.875,6,success,
162,0,6,6,,distance,levenshtein,0.17996001243591309,0.7,1.0,0.8235294117647058,6,success,
6886,1,0,3,,distance,levenshtein,0.4064209461212158,0.2647058823529412,1.0,0.4186046511627907,3,success,
9471,0,5,6,,distance,levenshtein,3.8616931438446045,1.0,1.0,1.0,6,success,
162,0,6,7,,distance,levenshtein,0.16684699058532715,0.7,1.0,0.8235294117647058,7,success,
58656,0,6,9,,distance,levenshtein,0.7893471717834473,0.7777777777777778,1.0,0.875,9,success,
84787,1,0,7,,distance,levenshtein,11.583546161651611,0.2571428571428571,1.0,0.4090909090909091,7,success,
3075,0,5,8,,distance,levenshtein,0.9412479400634766,0.7,1.0,0.8235294117647058,8,success,
68503,0,5,5,,distance,levenshtein,1.1964960098266602,0.875,1.0,0.9333333333333333,5,success,
33653,0,5,7,,distance,levenshtein,0.4800848960876465,0.7777777777777778,1.0,0.875,7,success,
93884,0,4,7,,distance,levenshtein,1.7478370666503906,0.7777777777777778,1.0,0.875,7,success,
45,0,6,10,,distance,levenshtein,0.9833657741546631,1.0,1.0,1.0,10,success,
45,1,0,2,,distance,levenshtein,0.08591508865356445,0.15517241379310345,1.0,0.26865671641791045,2,success,
3075,0,5,9,,distance,levenshtein,0.5596730709075928,0.7,1.0,0.8235294117647058,9,success,
93884,0,4,8,,distance,levenshtein,0.44006991386413574,0.7777777777777778,1.0,0.875,8,success,
58656,0,6,10,,distance,levenshtein,0.8156189918518066,0.7777777777777778,1.0,0.875,10,success,
45,1,0,3,,distance,levenshtein,0.40169787406921387,0.23076923076923078,1.0,0.375,3,success,
33653,0,5,8,,distance,levenshtein,0.4848339557647705,0.7777777777777778,1.0,0.875,8,success,
58656,1,0,2,,distance,levenshtein,0.1267378330230713,0.14516129032258066,1.0,0.2535211267605634,2,success,
162,0,6,8,,distance,levenshtein,1.265657901763916,0.7,1.0,0.8235294117647058,8,success,
162,0,6,9,,distance,levenshtein,0.07611203193664551,0.7,1.0,0.8235294117647058,9,success,
93884,0,4,9,,distance,levenshtein,0.35455989837646484,0.7777777777777778,1.0,0.875,9,success,
58656,1,0,3,,distance,levenshtein,0.3615381717681885,0.24324324324324326,1.0,0.391304347826087,3,success,
162,0,6,10,,distance,levenshtein,0.09235620498657227,0.7,1.0,0.8235294117647058,10,success,
15852,0,2,8,,distance,levenshtein,20.26801300048828,0.875,1.0,0.9333333333333333,8,success,
162,1,0,2,,distance,levenshtein,0.05859780311584473,0.13846153846153847,1.0,0.24324324324324326,2,success,
3075,0,5,10,,distance,levenshtein,0.6932220458984375,0.7,1.0,0.8235294117647058,10,success,
93884,0,4,10,,distance,levenshtein,0.14905810356140137,0.7777777777777778,1.0,0.875,10,success,
3075,0,6,2,,distance,levenshtein,0.013089895248413086,0.7,1.0,0.8235294117647058,2,success,
55151,0,5,8,,distance,levenshtein,3.0356531143188477,1.0,1.0,1.0,8,success,
28998,0,5,10,,distance,levenshtein,5.319936990737915,1.0,0.8571428571428571,0.9230769230769231,10,success,
3075,0,6,3,,distance,levenshtein,0.03715801239013672,0.7,1.0,0.8235294117647058,3,success,
93884,0,5,2,,distance,levenshtein,0.029661893844604492,0.7777777777777778,1.0,0.875,2,success,
28998,0,6,2,,distance,levenshtein,0.013054132461547852,1.0,1.0,1.0,2,success,
28998,0,6,3,,distance,levenshtein,0.01981186866760254,1.0,1.0,1.0,3,success,
3075,0,6,4,,distance,levenshtein,0.06049609184265137,0.7,1.0,0.8235294117647058,4,success,
33653,0,5,9,,distance,levenshtein,0.7857739925384521,0.7777777777777778,1.0,0.875,9,success,
89095,1,0,6,,distance,levenshtein,5.940848112106323,0.23684210526315788,1.0,0.3829787234042553,6,success,
93884,0,5,3,,distance,levenshtein,0.11318588256835938,0.7777777777777778,1.0,0.875,3,success,
28998,0,6,4,,distance,levenshtein,0.03749394416809082,1.0,1.0,1.0,4,success,
68503,0,5,6,,distance,levenshtein,1.8207950592041016,0.875,1.0,0.9333333333333333,6,success,
3075,0,6,5,,distance,levenshtein,0.020676136016845703,0.7,1.0,0.8235294117647058,5,success,
28998,0,6,5,,distance,levenshtein,0.01973104476928711,1.0,1.0,1.0,5,success,
162,1,0,3,,distance,levenshtein,0.45491695404052734,0.28125,1.0,0.43902439024390244,3,success,
93884,0,5,4,,distance,levenshtein,0.14656996726989746,0.7777777777777778,1.0,0.875,4,success,
31055,1,0,5,,distance,levenshtein,5.404011964797974,0.25,1.0,0.4,5,success,
3075,0,6,6,,distance,levenshtein,0.1841411590576172,0.7,1.0,0.8235294117647058,6,success,
28998,0,6,6,,distance,levenshtein,0.1798698902130127,1.0,1.0,1.0,6,success,
45,1,0,4,,distance,levenshtein,1.4356231689453125,0.23076923076923078,1.0,0.375,4,success,
93884,0,5,5,,distance,levenshtein,0.17801403999328613,0.7777777777777778,1.0,0.875,5,success,
3075,0,6,7,,distance,levenshtein,0.17374587059020996,0.7,1.0,0.8235294117647058,7,success,
63198,1,0,7,,distance,levenshtein,3.167530059814453,0.23684210526315788,1.0,0.3829787234042553,7,success,
28998,0,6,7,,distance,levenshtein,0.19442391395568848,1.0,1.0,1.0,7,success,
37843,0,4,9,,distance,levenshtein,16.786747932434082,0.875,1.0,0.9333333333333333,9,success,
55151,0,5,9,,distance,levenshtein,0.6930530071258545,1.0,1.0,1.0,9,success,
6886,1,0,4,,distance,levenshtein,3.288501024246216,0.2571428571428571,1.0,0.4090909090909091,4,success,
39871,0,6,10,,distance,levenshtein,3.607909917831421,1.0,1.0,1.0,10,success,
15852,0,2,9,,distance,levenshtein,1.0571880340576172,0.875,1.0,0.9333333333333333,9,success,
26253,0,4,5,,distance,levenshtein,11.30418086051941,0.875,1.0,0.9333333333333333,5,success,
11517,1,0,6,,distance,levenshtein,3.936479091644287,0.21951219512195122,1.0,0.36,6,success,
37843,0,4,10,,distance,levenshtein,0.09432721138000488,0.875,1.0,0.9333333333333333,10,success,
88322,1,0,5,,distance,levenshtein,4.842180013656616,0.2647058823529412,1.0,0.4186046511627907,5,success,
39871,1,0,2,,distance,levenshtein,0.12625789642333984,0.13432835820895522,1.0,0.23684210526315788,2,success,
37843,0,5,2,,distance,levenshtein,0.08103680610656738,0.875,1.0,0.9333333333333333,2,success,
26253,0,4,6,,distance,levenshtein,0.21497511863708496,0.875,1.0,0.9333333333333333,6,success,
58656,1,0,4,,distance,levenshtein,1.9326012134552002,0.25,1.0,0.4,4,success,
93884,0,5,6,,distance,levenshtein,1.0345978736877441,0.7777777777777778,1.0,0.875,6,success,
39871,1,0,3,,distance,levenshtein,0.4478120803833008,0.28125,1.0,0.43902439024390244,3,success,
3075,0,6,8,,distance,levenshtein,1.330090045928955,0.7,1.0,0.8235294117647058,8,success,
28998,0,6,8,,distance,levenshtein,1.2821669578552246,1.0,1.0,1.0,8,success,
55151,0,5,10,,distance,levenshtein,0.8752191066741943,1.0,1.0,1.0,10,success,
55151,0,6,2,,distance,levenshtein,0.013082027435302734,1.0,1.0,1.0,2,success,
3075,0,6,9,,distance,levenshtein,0.07558083534240723,0.7,1.0,0.8235294117647058,9,success,
28998,0,6,9,,distance,levenshtein,0.06927680969238281,1.0,1.0,1.0,9,success,
55151,0,6,3,,distance,levenshtein,0.06174492835998535,1.0,1.0,1.0,3,success,
3075,0,6,10,,distance,levenshtein,0.05509805679321289,0.7,1.0,0.8235294117647058,10,success,
28998,0,6,10,,distance,levenshtein,0.07163095474243164,1.0,1.0,1.0,10,success,
55151,0,6,4,,distance,levenshtein,0.05807614326477051,1.0,1.0,1.0,4,success,
55151,0,6,5,,distance,levenshtein,0.02022695541381836,1.0,1.0,1.0,5,success,
3075,1,0,2,,distance,levenshtein,0.06723713874816895,0.14285714285714285,1.0,0.25,2,success,
28998,1,0,2,,distance,levenshtein,0.10314321517944336,0.12162162162162163,1.0,0.21686746987951808,2,success,
37843,0,5,3,,distance,levenshtein,1.2496418952941895,0.875,1.0,0.9333333333333333,3,success,
162,1,0,4,,distance,levenshtein,2.3816630840301514,0.2727272727272727,1.0,0.42857142857142855,4,success,
55151,0,6,6,,distance,levenshtein,0.1812150478363037,1.0,1.0,1.0,6,success,
15852,0,2,10,,distance,levenshtein,1.393399953842163,0.875,1.0,0.9333333333333333,10,success,
93884,0,5,7,,distance,levenshtein,1.1462600231170654,0.7777777777777778,1.0,0.875,7,success,
55151,0,6,7,,distance,levenshtein,0.19306182861328125,1.0,1.0,1.0,7,success,
15852,0,3,2,,distance,levenshtein,0.03539395332336426,0.875,1.0,0.9333333333333333,2,success,
3075,1,0,3,,distance,levenshtein,0.4518439769744873,0.23684210526315788,1.0,0.3829787234042553,3,success,
39871,1,0,4,,distance,levenshtein,1.1770801544189453,0.28125,1.0,0.43902439024390244,4,success,
15852,0,3,3,,distance,levenshtein,0.07101202011108398,0.875,1.0,0.9333333333333333,3,success,
58656,1,0,5,,distance,levenshtein,1.5382440090179443,0.24324324324324326,1.0,0.391304347826087,5,success,
28998,1,0,3,,distance,levenshtein,0.6105082035064697,0.36,1.0,0.5294117647058824,3,success,
8988,0,3,9,,distance,levenshtein,18.291628122329712,0.875,1.0,0.9333333333333333,9,success,
26253,0,4,7,,distance,levenshtein,2.029486894607544,0.875,1.0,0.9333333333333333,7,success,
15852,0,3,4,,distance,levenshtein,0.8002300262451172,0.875,1.0,0.9333333333333333,4,success,
6886,1,0,5,,distance,levenshtein,2.973457098007202,0.2571428571428571,1.0,0.4090909090909091,5,success,
8988,0,3,10,,distance,levenshtein,0.5189158916473389,0.875,1.0,0.9333333333333333,10,success,
8988,0,4,2,,distance,levenshtein,0.06250190734863281,0.875,1.0,0.9333333333333333,2,success,
26253,0,4,8,,distance,levenshtein,0.4619138240814209,0.875,1.0,0.9333333333333333,8,success,
55151,0,6,8,,distance,levenshtein,1.2907390594482422,1.0,1.0,1.0,8,success,
8988,0,4,3,,distance,levenshtein,0.06957793235778809,0.875,1.0,0.9333333333333333,3,success,
15852,0,3,5,,distance,levenshtein,0.37848806381225586,0.875,1.0,0.9333333333333333,5,success,
55151,0,6,9,,distance,levenshtein,0.07508707046508789,1.0,1.0,1.0,9,success,
28998,1,0,4,,distance,levenshtein,1.2510361671447754,0.36,1.0,0.5294117647058824,4,success,
3075,1,0,4,,distance,levenshtein,1.476344108581543,0.21621621621621623,0.8888888888888888,0.34782608695652173,4,success,
55151,0,6,10,,distance,levenshtein,0.052522897720336914,1.0,1.0,1.0,10,success,
8988,0,4,4,,distance,levenshtein,0.28641390800476074,0.875,1.0,0.9333333333333333,4,success,
55151,1,0,2,,distance,levenshtein,0.09133410453796387,0.140625,1.0,0.2465753424657534,2,success,
93884,0,5,8,,distance,levenshtein,1.8807499408721924,0.7777777777777778,1.0,0.875,8,success,
26253,0,4,9,,distance,levenshtein,0.614436149597168,0.875,1.0,0.9333333333333333,9,success,
63198,1,0,8,,distance,levenshtein,4.495330095291138,0.25,1.0,0.4,8,success,
55151,1,0,3,,distance,levenshtein,0.6348569393157959,0.25,1.0,0.4,3,success,
45,1,0,5,,distance,levenshtein,5.056035995483398,0.23684210526315788,1.0,0.3829787234042553,5,success,
26253,0,4,10,,distance,levenshtein,0.645805835723877,0.875,1.0,0.9333333333333333,10,success,
39871,1,0,5,,distance,levenshtein,3.024163007736206,0.28125,1.0,0.43902439024390244,5,success,
26253,0,5,2,,distance,levenshtein,0.06865882873535156,0.875,1.0,0.9333333333333333,2,success,
11517,1,0,7,,distance,levenshtein,5.06902003288269,0.225,1.0,0.3673469387755102,7,success,
162,1,0,5,,distance,levenshtein,3.8023579120635986,0.2727272727272727,1.0,0.42857142857142855,5,success,
26253,0,5,3,,distance,levenshtein,0.6421921253204346,0.875,1.0,0.9333333333333333,3,success,
55151,1,0,4,,distance,levenshtein,1.7104978561401367,0.25,1.0,0.4,4,success,
8988,0,4,5,,distance,levenshtein,2.7449870109558105,0.875,1.0,0.9333333333333333,5,success,
93884,0,5,9,,distance,levenshtein,2.457726001739502,0.7777777777777778,1.0,0.875,9,success,
3075,1,0,5,,distance,levenshtein,3.0267958641052246,0.23684210526315788,1.0,0.3829787234042553,5,success,
32584,0,3,9,,distance,levenshtein,20.41141700744629,0.875,1.0,0.9333333333333333,9,success,
93884,0,5,10,,distance,levenshtein,0.13388299942016602,0.7777777777777778,1.0,0.875,10,success,
93884,0,6,2,,distance,levenshtein,0.03900599479675293,0.7777777777777778,1.0,0.875,2,success,
51338,0,4,8,,distance,levenshtein,14.488372087478638,0.875,1.0,0.9333333333333333,8,success,
93884,0,6,3,,distance,levenshtein,0.20453786849975586,0.7777777777777778,1.0,0.875,3,success,
8988,0,4,6,,distance,levenshtein,0.7290201187133789,0.875,1.0,0.9333333333333333,6,success,
93884,0,6,4,,distance,levenshtein,0.19913291931152344,0.7777777777777778,1.0,0.875,4,success,
32584,0,3,10,,distance,levenshtein,0.5114471912384033,0.875,1.0,0.9333333333333333,10,success,
32584,0,4,2,,distance,levenshtein,0.06418681144714355,0.875,1.0,0.9333333333333333,2,success,
51338,0,4,9,,distance,levenshtein,0.5708658695220947,0.875,1.0,0.9333333333333333,9,success,
93884,0,6,5,,distance,levenshtein,0.28852391242980957,0.7777777777777778,1.0,0.875,5,success,
32584,0,4,3,,distance,levenshtein,0.18413901329040527,0.875,1.0,0.9333333333333333,3,success,
93884,0,6,6,,distance,levenshtein,0.18239188194274902,0.7777777777777778,1.0,0.875,6,success,
26253,0,5,4,,distance,levenshtein,2.1482322216033936,0.875,1.0,0.9333333333333333,4,success,
32584,0,4,4,,distance,levenshtein,0.30028510093688965,0.8,0.5714285714285714,0.6666666666666666,4,success,
28998,1,0,5,,distance,levenshtein,4.77140212059021,0.375,1.0,0.5454545454545454,5,success,
33653,0,5,10,,distance,levenshtein,9.296302080154419,0.7777777777777778,1.0,0.875,10,success,
33653,0,6,2,,distance,levenshtein,0.013264894485473633,0.7777777777777778,1.0,0.875,2,success,
93884,0,6,7,,distance,levenshtein,0.43039393424987793,0.7777777777777778,1.0,0.875,7,success,
33653,0,6,3,,distance,levenshtein,0.05553293228149414,0.7777777777777778,1.0,0.875,3,success,
33653,0,6,4,,distance,levenshtein,0.05377793312072754,0.7777777777777778,1.0,0.875,4,success,
33653,0,6,5,,distance,levenshtein,0.05713295936584473,0.7777777777777778,1.0,0.875,5,success,
37843,0,5,4,,distance,levenshtein,7.327877044677734,0.875,1.0,0.9333333333333333,4,success,
15852,0,3,6,,distance,levenshtein,5.535195827484131,0.875,1.0,0.9333333333333333,6,success,
33653,0,6,6,,distance,levenshtein,0.2044968605041504,0.7777777777777778,1.0,0.875,6,success,
93884,0,6,8,,distance,levenshtein,0.6158769130706787,0.7777777777777778,1.0,0.875,8,success,
32584,0,4,5,,distance,levenshtein,1.0121009349822998,0.875,1.0,0.9333333333333333,5,success,
33653,0,6,7,,distance,levenshtein,0.22047901153564453,0.7777777777777778,1.0,0.875,7,success,
37843,0,5,5,,distance,levenshtein,0.6810269355773926,0.875,1.0,0.9333333333333333,5,success,
55151,1,0,5,,distance,levenshtein,3.540722131729126,0.25,1.0,0.4,5,success,
88322,1,0,6,,distance,levenshtein,9.834564208984375,0.2647058823529412,1.0,0.4186046511627907,6,success,
93884,0,6,9,,distance,levenshtein,0.7982070446014404,0.7777777777777778,1.0,0.875,9,success,
51338,0,4,10,,distance,levenshtein,2.37137508392334,0.875,1.0,0.9333333333333333,10,success,
51338,0,5,2,,distance,levenshtein,0.07102417945861816,0.875,1.0,0.9333333333333333,2,success,
31055,1,0,6,,distance,levenshtein,11.417747020721436,0.25,1.0,0.4,6,success,
33653,0,6,8,,distance,levenshtein,1.1381042003631592,0.7777777777777778,1.0,0.875,8,success,
32584,0,4,6,,distance,levenshtein,1.307887077331543,0.875,1.0,0.9333333333333333,6,success,
33653,0,6,9,,distance,levenshtein,0.06922602653503418,0.7777777777777778,1.0,0.875,9,success,
51338,0,5,3,,distance,levenshtein,0.2746620178222656,0.875,1.0,0.9333333333333333,3,success,
58656,1,0,6,,distance,levenshtein,8.711150884628296,0.24324324324324326,1.0,0.391304347826087,6,success,
37843,0,5,6,,distance,levenshtein,0.8319828510284424,0.875,1.0,0.9333333333333333,6,success,
33653,0,6,10,,distance,levenshtein,0.07232499122619629,0.7777777777777778,1.0,0.875,10,success,
28998,1,0,6,,distance,levenshtein,2.5914719104766846,0.36,1.0,0.5294117647058824,6,success,
33653,1,0,2,,distance,levenshtein,0.07819414138793945,0.14285714285714285,1.0,0.25,2,success,
93884,0,6,10,,distance,levenshtein,0.8720049858093262,0.7777777777777778,1.0,0.875,10,success,
37843,0,5,7,,distance,levenshtein,0.4130840301513672,0.875,1.0,0.9333333333333333,7,success,
63198,1,0,9,,distance,levenshtein,7.275399923324585,0.25,1.0,0.4,9,success,
33653,1,0,3,,distance,levenshtein,0.3132820129394531,0.24324324324324326,1.0,0.391304347826087,3,success,
93884,1,0,2,,distance,levenshtein,0.08298993110656738,0.12162162162162163,1.0,0.21686746987951808,2,success,
32584,0,4,7,,distance,levenshtein,0.8696398735046387,0.875,1.0,0.9333333333333333,7,success,
32584,0,4,8,,distance,levenshtein,0.12688302993774414,0.875,1.0,0.9333333333333333,8,success,
93884,1,0,3,,distance,levenshtein,0.45096707344055176,0.391304347826087,1.0,0.5625,3,success,
68503,0,5,7,,distance,levenshtein,13.303602933883667,0.875,1.0,0.9333333333333333,7,success,
162,1,0,6,,distance,levenshtein,6.807809829711914,0.2727272727272727,1.0,0.42857142857142855,6,success,
37843,0,5,8,,distance,levenshtein,0.6208310127258301,0.875,1.0,0.9333333333333333,8,success,
32584,0,4,9,,distance,levenshtein,0.46602797508239746,0.875,1.0,0.9333333333333333,9,success,
33653,1,0,4,,distance,levenshtein,1.126357078552246,0.24324324324324326,1.0,0.391304347826087,4,success,
68503,0,5,8,,distance,levenshtein,0.3953108787536621,0.875,1.0,0.9333333333333333,8,success,
51338,0,5,4,,distance,levenshtein,1.979651927947998,0.875,1.0,0.9333333333333333,4,success,
12153,0,4,10,,distance,levenshtein,42.745189905166626,0.875,1.0,0.9333333333333333,10,success,
3075,1,0,6,,distance,levenshtein,6.59481406211853,0.23684210526315788,1.0,0.3829787234042553,6,success,
37843,0,5,9,,distance,levenshtein,0.7483031749725342,0.875,1.0,0.9333333333333333,9,success,
12153,0,5,2,,distance,levenshtein,0.07290005683898926,0.875,1.0,0.9333333333333333,2,success,
32584,0,4,10,,distance,levenshtein,0.5301580429077148,0.875,1.0,0.9333333333333333,10,success,
68503,0,5,9,,distance,levenshtein,0.4940938949584961,0.875,1.0,0.9333333333333333,9,success,
32584,0,5,2,,distance,levenshtein,0.08381915092468262,0.875,1.0,0.9333333333333333,2,success,
12153,0,5,3,,distance,levenshtein,0.10217690467834473,0.875,1.0,0.9333333333333333,3,success,
12153,0,5,4,,distance,levenshtein,0.17969107627868652,0.875,1.0,0.9333333333333333,4,success,
68503,0,5,10,,distance,levenshtein,0.5153789520263672,0.875,1.0,0.9333333333333333,10,success,
68503,0,6,2,,distance,levenshtein,0.03779411315917969,0.875,1.0,0.9333333333333333,2,success,
26253,0,5,5,,distance,levenshtein,6.370320081710815,0.875,1.0,0.9333333333333333,5,success,
68503,0,6,3,,distance,levenshtein,0.21186017990112305,0.875,1.0,0.9333333333333333,3,success,
26253,0,5,6,,distance,levenshtein,0.12038898468017578,0.875,1.0,0.9333333333333333,6,success,
51338,0,5,5,,distance,levenshtein,1.8442721366882324,0.875,1.0,0.9333333333333333,5,success,
32584,0,5,3,,distance,levenshtein,1.1430730819702148,0.875,1.0,0.9333333333333333,3,success,
9471,0,5,7,,distance,levenshtein,18.219797134399414,1.0,1.0,1.0,7,success,
12153,0,5,5,,distance,levenshtein,0.9009370803833008,0.875,1.0,0.9333333333333333,5,success,
68503,0,6,4,,distance,levenshtein,0.18326997756958008,0.875,1.0,0.9333333333333333,4,success,
51338,0,5,6,,distance,levenshtein,0.25721096992492676,0.875,1.0,0.9333333333333333,6,success,
68503,0,6,5,,distance,levenshtein,0.29958605766296387,0.875,1.0,0.9333333333333333,5,success,
93884,1,0,4,,distance,levenshtein,3.2159061431884766,0.391304347826087,1.0,0.5625,4,success,
68503,0,6,6,,distance,levenshtein,0.18799495697021484,0.875,1.0,0.9333333333333333,6,success,
45,1,0,6,,distance,levenshtein,11.135156154632568,0.23684210526315788,1.0,0.3829787234042553,6,success,
51338,0,5,7,,distance,levenshtein,0.31696581840515137,0.875,1.0,0.9333333333333333,7,success,
26253,0,5,7,,distance,levenshtein,0.7622799873352051,0.875,1.0,0.9333333333333333,7,success,
32584,0,5,4,,distance,levenshtein,1.044956922531128,0.875,1.0,0.9333333333333333,4,success,
68503,0,6,7,,distance,levenshtein,0.4038279056549072,0.875,1.0,0.9333333333333333,7,success,
39871,1,0,6,,distance,levenshtein,11.098965883255005,0.28125,1.0,0.43902439024390244,6,success,
68503,0,6,8,,distance,levenshtein,0.08574700355529785,0.875,1.0,0.9333333333333333,8,success,
32584,0,5,5,,distance,levenshtein,0.25666189193725586,0.875,1.0,0.9333333333333333,5,success,
26253,0,5,8,,distance,levenshtein,0.4324920177459717,0.875,1.0,0.9333333333333333,8,success,
51338,0,5,8,,distance,levenshtein,0.4669361114501953,0.875,1.0,0.9333333333333333,8,success,
55151,1,0,6,,distance,levenshtein,6.525959014892578,0.25,1.0,0.4,6,success,
37843,0,5,10,,distance,levenshtein,2.947240114212036,0.875,1.0,0.9333333333333333,10,success,
37843,0,6,2,,distance,levenshtein,0.018594980239868164,0.875,1.0,0.9333333333333333,2,success,
32584,0,5,6,,distance,levenshtein,0.28431200981140137,0.875,1.0,0.9333333333333333,6,success,
84787,1,0,8,,distance,levenshtein,20.105882167816162,0.2571428571428571,1.0,0.4090909090909091,8,success,
11517,1,0,8,,distance,levenshtein,11.655383825302124,0.225,1.0,0.3673469387755102,8,success,
37843,0,6,3,,distance,levenshtein,0.1866159439086914,0.875,1.0,0.9333333333333333,3,success,
37843,0,6,4,,distance,levenshtein,0.17878508567810059,0.875,1.0,0.9333333333333333,4,success,
26253,0,5,9,,distance,levenshtein,0.5767450332641602,0.875,1.0,0.9333333333333333,9,success,
68503,0,6,9,,distance,levenshtein,0.8312830924987793,0.875,1.0,0.9333333333333333,9,success,
37843,0,6,5,,distance,levenshtein,0.2520599365234375,0.875,1.0,0.9333333333333333,5,success,
9471,0,5,8,,distance,levenshtein,2.6497089862823486,1.0,1.0,1.0,8,success,
26253,0,5,10,,distance,levenshtein,0.19103002548217773,0.875,1.0,0.9333333333333333,10,success,
37843,0,6,6,,distance,levenshtein,0.16830706596374512,0.875,1.0,0.9333333333333333,6,success,
26253,0,6,2,,distance,levenshtein,0.030070066452026367,0.875,1.0,0.9333333333333333,2,success,
6886,1,0,6,,distance,levenshtein,14.952449083328247,0.2571428571428571,1.0,0.4090909090909091,6,success,
26253,0,6,3,,distance,levenshtein,0.0381169319152832,0.875,1.0,0.9333333333333333,3,success,
45,1,0,7,,distance,levenshtein,2.094717025756836,0.23076923076923078,1.0,0.375,7,success,
26253,0,6,4,,distance,levenshtein,0.03709912300109863,0.875,1.0,0.9333333333333333,4,success,
26253,0,6,5,,distance,levenshtein,0.03666281700134277,0.875,1.0,0.9333333333333333,5,success,
32584,0,5,7,,distance,levenshtein,1.0662710666656494,0.875,1.0,0.9333333333333333,7,success,
58656,1,0,7,,distance,levenshtein,7.29234504699707,0.24324324324324326,1.0,0.391304347826087,7,success,
37843,0,6,7,,distance,levenshtein,0.37870001792907715,0.875,1.0,0.9333333333333333,7,success,
26253,0,6,6,,distance,levenshtein,0.201246976852417,0.875,1.0,0.9333333333333333,6,success,
68503,0,6,10,,distance,levenshtein,0.8697710037231445,0.875,1.0,0.9333333333333333,10,success,
9471,0,5,9,,distance,levenshtein,0.5419559478759766,1.0,1.0,1.0,9,success,
37843,0,6,8,,distance,levenshtein,0.10271406173706055,0.875,1.0,0.9333333333333333,8,success,
68503,1,0,2,,distance,levenshtein,0.12896394729614258,0.140625,1.0,0.2465753424657534,2,success,
15852,0,3,7,,distance,levenshtein,9.622994899749756,0.875,1.0,0.9333333333333333,7,success,
26253,0,6,7,,distance,levenshtein,0.19047307968139648,0.875,1.0,0.9333333333333333,7,success,
8988,0,4,7,,distance,levenshtein,11.532794952392578,0.875,1.0,0.9333333333333333,7,success,
84787,1,0,9,,distance,levenshtein,1.7446579933166504,0.2571428571428571,1.0,0.4090909090909091,9,success,
32584,0,5,8,,distance,levenshtein,0.6273539066314697,0.875,1.0,0.9333333333333333,8,success,
9471,0,5,10,,distance,levenshtein,0.5911989212036133,1.0,1.0,1.0,10,success,
8988,0,4,8,,distance,levenshtein,0.2992279529571533,0.875,1.0,0.9333333333333333,8,success,
45,1,0,8,,distance,levenshtein,1.246617078781128,0.23076923076923078,1.0,0.375,8,success,
9471,0,6,2,,distance,levenshtein,0.0786440372467041,1.0,1.0,1.0,2,success,
37843,0,6,9,,distance,levenshtein,0.8233821392059326,0.875,1.0,0.9333333333333333,9,success,
68503,1,0,3,,distance,levenshtein,0.9343299865722656,0.28125,1.0,0.43902439024390244,3,success,
15852,0,3,8,,distance,levenshtein,0.8818359375,0.875,1.0,0.9333333333333333,8,success,
51338,0,5,9,,distance,levenshtein,2.988193988800049,0.875,1.0,0.9333333333333333,9,success,
9471,0,6,3,,distance,levenshtein,0.20689702033996582,1.0,1.0,1.0,3,success,
32584,0,5,9,,distance,levenshtein,0.7054619789123535,0.875,1.0,0.9333333333333333,9,success,
9471,0,6,4,,distance,levenshtein,0.23412299156188965,1.0,1.0,1.0,4,success,
26253,0,6,8,,distance,levenshtein,1.3162360191345215,0.875,1.0,0.9333333333333333,8,success,
8988,0,4,9,,distance,levenshtein,0.5466158390045166,0.875,1.0,0.9333333333333333,9,success,
26253,0,6,9,,distance,levenshtein,0.07359504699707031,0.875,1.0,0.9333333333333333,9,success,
9471,0,6,5,,distance,levenshtein,0.237746000289917,1.0,1.0,1.0,5,success,
26253,0,6,10,,distance,levenshtein,0.05425381660461426,0.875,1.0,0.9333333333333333,10,success,
84787,1,0,10,,distance,levenshtein,1.3654189109802246,0.25,1.0,0.4,10,success,
9471,0,6,6,,distance,levenshtein,0.07336783409118652,1.0,1.0,1.0,6,success,
26253,1,0,2,,distance,levenshtein,0.09333181381225586,0.14285714285714285,1.0,0.25,2,success,
37843,0,6,10,,distance,levenshtein,0.8859939575195312,0.875,1.0,0.9333333333333333,10,success,
51338,0,5,10,,distance,levenshtein,0.6953949928283691,0.875,1.0,0.9333333333333333,10,success,
51338,0,6,2,,distance,levenshtein,0.01673412322998047,0.8571428571428571,0.8571428571428571,0.8571428571428571,2,success,
45,1,0,9,,distance,levenshtein,1.053406000137329,0.23076923076923078,1.0,0.375,9,success,
37843,1,0,2,,distance,levenshtein,0.07211494445800781,0.2903225806451613,1.0,0.45,2,success,
8988,0,4,10,,distance,levenshtein,0.48998379707336426,0.875,1.0,0.9333333333333333,10,success,
51338,0,6,3,,distance,levenshtein,0.04232382774353027,0.875,1.0,0.9333333333333333,3,success,
8988,0,5,2,,distance,levenshtein,0.11058187484741211,0.875,1.0,0.9333333333333333,2,success,
68503,1,0,4,,distance,levenshtein,1.3070998191833496,0.28125,1.0,0.43902439024390244,4,success,
9471,0,6,7,,distance,levenshtein,0.40140700340270996,1.0,1.0,1.0,7,success,
51338,0,6,4,,distance,levenshtein,0.20621800422668457,0.875,1.0,0.9333333333333333,4,success,
84787,1,2,2,,distance,levenshtein,0.45676207542419434,0.0,0.0,0.0,2,success,
32584,0,5,10,,distance,levenshtein,0.9287059307098389,0.875,1.0,0.9333333333333333,10,success,
26253,1,0,3,,distance,levenshtein,0.5920639038085938,0.2647058823529412,1.0,0.4186046511627907,3,success,
32584,0,6,2,,distance,levenshtein,0.0355989933013916,0.875,1.0,0.9333333333333333,2,success,
37843,1,0,3,,distance,levenshtein,0.4572629928588867,0.2903225806451613,1.0,0.45,3,success,
32584,0,6,3,,distance,levenshtein,0.01904606819152832,0.875,1.0,0.9333333333333333,3,success,
51338,0,6,5,,distance,levenshtein,0.21289396286010742,0.8571428571428571,0.8571428571428571,0.8571428571428571,5,success,
32584,0,6,4,,distance,levenshtein,0.05387711524963379,0.875,1.0,0.9333333333333333,4,success,
45,1,0,10,,distance,levenshtein,0.44027090072631836,0.23076923076923078,1.0,0.375,10,success,
32584,0,6,5,,distance,levenshtein,0.019852161407470703,0.875,1.0,0.9333333333333333,5,success,
9471,0,6,8,,distance,levenshtein,0.5675480365753174,1.0,1.0,1.0,8,success,
32584,0,6,6,,distance,levenshtein,0.20460009574890137,0.875,1.0,0.9333333333333333,6,success,
45,1,2,2,,distance,levenshtein,0.2393970489501953,0.0,0.0,0.0,2,success,
51338,0,6,6,,distance,levenshtein,0.49175190925598145,0.8571428571428571,0.8571428571428571,0.8571428571428571,6,success,
12153,0,5,6,,distance,levenshtein,7.070209980010986,0.875,1.0,0.9333333333333333,6,success,
32584,0,6,7,,distance,levenshtein,0.21365690231323242,0.875,1.0,0.9333333333333333,7,success,
63198,1,0,10,,distance,levenshtein,10.573232173919678,0.24324324324324326,1.0,0.391304347826087,10,success,
93884,1,0,5,,distance,levenshtein,6.701763868331909,0.391304347826087,1.0,0.5625,5,success,
8988,0,5,3,,distance,levenshtein,1.4266300201416016,0.875,1.0,0.9333333333333333,3,success,
63198,1,2,2,,distance,levenshtein,0.2209160327911377,0.2571428571428571,1.0,0.4090909090909091,2,success,
9471,0,6,9,,distance,levenshtein,0.7995388507843018,1.0,1.0,1.0,9,success,
26253,1,0,4,,distance,levenshtein,1.8601219654083252,0.2571428571428571,1.0,0.4090909090909091,4,success,
33653,1,0,5,,distance,levenshtein,10.43228793144226,0.24324324324324326,1.0,0.391304347826087,5,success,
31055,1,0,7,,distance,levenshtein,12.693882942199707,0.25,1.0,0.4,7,success,
32584,0,6,8,,distance,levenshtein,1.2825639247894287,0.875,1.0,0.9333333333333333,8,success,
37843,1,0,4,,distance,levenshtein,2.178584098815918,0.2903225806451613,1.0,0.45,4,success,
32584,0,6,9,,distance,levenshtein,0.05281496047973633,0.875,1.0,0.9333333333333333,9,success,
32584,0,6,10,,distance,levenshtein,0.0943760871887207,0.875,1.0,0.9333333333333333,10,success,
51338,0,6,7,,distance,levenshtein,1.81306791305542,0.875,1.0,0.9333333333333333,7,success,
9471,0,6,10,,distance,levenshtein,1.016530990600586,1.0,1.0,1.0,10,success,
32584,1,0,2,,distance,levenshtein,0.10358786582946777,0.15517241379310345,1.0,0.26865671641791045,2,success,
51338,0,6,8,,distance,levenshtein,0.09170007705688477,0.875,1.0,0.9333333333333333,8,success,
9471,1,0,2,,distance,levenshtein,0.11617302894592285,0.14516129032258066,1.0,0.2535211267605634,2,success,
51338,0,6,9,,distance,levenshtein,0.07587790489196777,0.875,1.0,0.9333333333333333,9,success,
32584,1,0,3,,distance,levenshtein,0.3930480480194092,0.225,1.0,0.3673469387755102,3,success,
51338,0,6,10,,distance,levenshtein,0.12196207046508789,0.8571428571428571,0.8571428571428571,0.8571428571428571,10,success,
45,1,2,3,,distance,levenshtein,2.7784900665283203,0.23076923076923078,1.0,0.375,3,success,
51338,1,0,2,,distance,levenshtein,0.1275489330291748,0.225,1.0,0.3673469387755102,2,success,
9471,1,0,3,,distance,levenshtein,0.9450440406799316,0.2571428571428571,1.0,0.4090909090909091,3,success,
51338,1,0,3,,distance,levenshtein,0.41465306282043457,0.225,1.0,0.3673469387755102,3,success,
6886,1,0,7,,distance,levenshtein,8.321094036102295,0.2571428571428571,1.0,0.4090909090909091,7,success,
37843,1,0,5,,distance,levenshtein,3.1048049926757812,0.28125,1.0,0.43902439024390244,5,success,
51338,1,0,4,,distance,levenshtein,1.434316873550415,0.225,1.0,0.3673469387755102,4,success,
68503,1,0,5,,distance,levenshtein,5.741397142410278,0.2727272727272727,1.0,0.42857142857142855,5,success,
84787,1,2,3,,distance,levenshtein,6.000643968582153,0.2571428571428571,1.0,0.4090909090909091,3,success,
6886,1,0,8,,distance,levenshtein,0.8706729412078857,0.2571428571428571,1.0,0.4090909090909091,8,success,
32584,1,0,4,,distance,levenshtein,2.9430480003356934,0.225,1.0,0.3673469387755102,4,success,
9471,1,0,4,,distance,levenshtein,2.390676975250244,0.25,1.0,0.4,4,success,
6886,1,0,9,,distance,levenshtein,0.4247610569000244,0.2647058823529412,1.0,0.4186046511627907,9,success,
51338,1,0,5,,distance,levenshtein,1.2540631294250488,0.225,1.0,0.3673469387755102,5,success,
33653,1,0,6,,distance,levenshtein,4.806549787521362,0.24324324324324326,1.0,0.391304347826087,6,success,
6886,1,0,10,,distance,levenshtein,0.6233749389648438,0.2571428571428571,1.0,0.4090909090909091,10,success,
93884,1,0,6,,distance,levenshtein,6.753435850143433,0.391304347826087,1.0,0.5625,6,success,
88322,1,0,7,,distance,levenshtein,19.2605459690094,0.2647058823529412,1.0,0.4186046511627907,7,success,
26253,1,0,5,,distance,levenshtein,6.159908056259155,0.2571428571428571,1.0,0.4090909090909091,5,success,
6886,1,2,2,,distance,levenshtein,0.5919828414916992,0.0,0.0,0.0,2,success,
33653,1,0,7,,distance,levenshtein,2.303295135498047,0.24324324324324326,1.0,0.391304347826087,7,success,
51338,1,0,6,,distance,levenshtein,2.691030979156494,0.225,1.0,0.3673469387755102,6,success,
11517,1,0,9,,distance,levenshtein,15.292043209075928,0.21951219512195122,1.0,0.36,9,success,
88322,1,0,8,,distance,levenshtein,2.99153208732605,0.2647058823529412,1.0,0.4186046511627907,8,success,
39871,1,0,7,,distance,levenshtein,16.33558201789856,0.28125,1.0,0.43902439024390244,7,success,
32584,1,0,5,,distance,levenshtein,6.226624011993408,0.225,1.0,0.3673469387755102,5,success,
8988,0,5,4,,distance,levenshtein,12.109969139099121,0.875,1.0,0.9333333333333333,4,success,
68503,1,0,6,,distance,levenshtein,8.132617950439453,0.28125,1.0,0.43902439024390244,6,success,
31055,1,0,8,,distance,levenshtein,11.554837942123413,0.25,1.0,0.4,8,success,
28998,1,0,7,,distance,levenshtein,24.098916053771973,0.36,1.0,0.5294117647058824,7,success,
12153,0,5,7,,distance,levenshtein,13.663477897644043,0.875,1.0,0.9333333333333333,7,success,
8988,0,5,5,,distance,levenshtein,1.1162080764770508,0.875,1.0,0.9333333333333333,5,success,
12153,0,5,8,,distance,levenshtein,0.0919809341430664,0.875,1.0,0.9333333333333333,8,success,
8988,0,5,6,,distance,levenshtein,0.08854794502258301,0.875,1.0,0.9333333333333333,6,success,
89095,1,0,7,,distance,levenshtein,37.43957185745239,0.23684210526315788,1.0,0.3829787234042553,7,success,
3075,1,0,7,,distance,levenshtein,22.898510932922363,0.23684210526315788,1.0,0.3829787234042553,7,success,
31055,1,0,9,,distance,levenshtein,0.957061767578125,0.25,1.0,0.4,9,success,
26253,1,0,6,,distance,levenshtein,6.977417945861816,0.2647058823529412,1.0,0.4186046511627907,6,success,
12153,0,5,9,,distance,levenshtein,0.4072589874267578,0.875,1.0,0.9333333333333333,9,success,
58656,1,0,8,,distance,levenshtein,18.367171049118042,0.24324324324324326,1.0,0.391304347826087,8,success,
28998,1,0,8,,distance,levenshtein,1.7715740203857422,0.36,1.0,0.5294117647058824,8,success,
162,1,0,7,,distance,levenshtein,24.840954065322876,0.2727272727272727,1.0,0.42857142857142855,7,success,
12153,0,5,10,,distance,levenshtein,0.449019193649292,0.875,1.0,0.9333333333333333,10,success,
12153,0,6,2,,distance,levenshtein,0.013604164123535156,0.875,1.0,0.9333333333333333,2,success,
12153,0,6,3,,distance,levenshtein,0.03799104690551758,0.875,1.0,0.9333333333333333,3,success,
12153,0,6,4,,distance,levenshtein,0.05674314498901367,0.875,1.0,0.9333333333333333,4,success,
12153,0,6,5,,distance,levenshtein,0.020727872848510742,0.875,1.0,0.9333333333333333,5,success,
6886,1,2,3,,distance,levenshtein,7.868997097015381,0.2571428571428571,1.0,0.4090909090909091,3,success,
8988,0,5,7,,distance,levenshtein,1.4125659465789795,0.875,1.0,0.9333333333333333,7,success,
31055,1,0,10,,distance,levenshtein,1.2686610221862793,0.25,1.0,0.4,10,success,
12153,0,6,6,,distance,levenshtein,0.20164704322814941,0.875,1.0,0.9333333333333333,6,success,
88322,1,0,9,,distance,levenshtein,5.279396057128906,0.2647058823529412,1.0,0.4186046511627907,9,success,
37843,1,0,6,,distance,levenshtein,11.306615829467773,0.2903225806451613,1.0,0.45,6,success,
55151,1,0,7,,distance,levenshtein,21.624133825302124,0.25,1.0,0.4,7,success,
12153,0,6,7,,distance,levenshtein,0.18975496292114258,0.875,1.0,0.9333333333333333,7,success,
89095,1,0,8,,distance,levenshtein,1.863461971282959,0.23684210526315788,1.0,0.3829787234042553,8,success,
31055,1,2,2,,distance,levenshtein,0.6466481685638428,0.012987012987012988,0.1111111111111111,0.023255813953488372,2,success,
12153,0,6,8,,distance,levenshtein,1.3258531093597412,0.875,1.0,0.9333333333333333,8,success,
12153,0,6,9,,distance,levenshtein,0.11104702949523926,0.875,1.0,0.9333333333333333,9,success,
12153,0,6,10,,distance,levenshtein,0.11299896240234375,0.875,1.0,0.9333333333333333,10,success,
58656,1,0,9,,distance,levenshtein,3.16241192817688,0.24324324324324326,1.0,0.391304347826087,9,success,
15852,0,3,9,,distance,levenshtein,20.537508010864258,0.875,1.0,0.9333333333333333,9,success,
9471,1,0,5,,distance,levenshtein,12.645328044891357,0.2571428571428571,1.0,0.4090909090909091,5,success,
12153,1,0,2,,distance,levenshtein,0.12311601638793945,0.15254237288135594,1.0,0.2647058823529412,2,success,
89095,1,0,9,,distance,levenshtein,1.6811950206756592,0.24324324324324326,1.0,0.391304347826087,9,success,
15852,0,3,10,,distance,levenshtein,0.18254303932189941,0.875,1.0,0.9333333333333333,10,success,
15852,0,4,2,,distance,levenshtein,0.06215786933898926,0.875,1.0,0.9333333333333333,2,success,
8988,0,5,8,,distance,levenshtein,2.8179030418395996,0.8571428571428571,0.8571428571428571,0.8571428571428571,8,success,
28998,1,0,9,,distance,levenshtein,3.6692731380462646,0.375,1.0,0.5454545454545454,9,success,
12153,1,0,3,,distance,levenshtein,0.8033459186553955,0.24324324324324326,1.0,0.391304347826087,3,success,
15852,0,4,3,,distance,levenshtein,0.6481761932373047,0.875,1.0,0.9333333333333333,3,success,
8988,0,5,9,,distance,levenshtein,0.7331972122192383,0.875,1.0,0.9333333333333333,9,success,
63198,1,2,3,,distance,levenshtein,19.58871102333069,0.24324324324324326,1.0,0.391304347826087,3,success,
28998,1,0,10,,distance,levenshtein,1.3124690055847168,0.36,1.0,0.5294117647058824,10,success,
8988,0,5,10,,distance,levenshtein,0.6117861270904541,0.875,1.0,0.9333333333333333,10,success,
8988,0,6,2,,distance,levenshtein,0.03209400177001953,0.875,1.0,0.9333333333333333,2,success,
8988,0,6,3,,distance,levenshtein,0.08108901977539062,0.875,1.0,0.9333333333333333,3,success,
28998,1,2,2,,distance,levenshtein,0.29464292526245117,0.3333333333333333,0.7777777777777778,0.4666666666666667,2,success,
8988,0,6,4,,distance,levenshtein,0.03796982765197754,0.875,1.0,0.9333333333333333,4,success,
8988,0,6,5,,distance,levenshtein,0.03768110275268555,0.875,1.0,0.9333333333333333,5,success,
12153,1,0,4,,distance,levenshtein,2.0422511100769043,0.23684210526315788,1.0,0.3829787234042553,4,success,
89095,1,0,10,,distance,levenshtein,2.8369970321655273,0.23684210526315788,1.0,0.3829787234042553,10,success,
88322,1,0,10,,distance,levenshtein,5.090299129486084,0.2647058823529412,1.0,0.4186046511627907,10,success,
8988,0,6,6,,distance,levenshtein,0.2520780563354492,0.875,1.0,0.9333333333333333,6,success,
15852,0,4,4,,distance,levenshtein,2.022394895553589,0.875,1.0,0.9333333333333333,4,success,
8988,0,6,7,,distance,levenshtein,0.19049787521362305,0.875,1.0,0.9333333333333333,7,success,
89095,1,2,2,,distance,levenshtein,0.25799012184143066,0.012658227848101266,0.1111111111111111,0.022727272727272728,2,success,
88322,1,2,2,,distance,levenshtein,0.3968069553375244,0.012658227848101266,0.1111111111111111,0.022727272727272728,2,success,
15852,0,4,5,,distance,levenshtein,0.784735918045044,0.875,1.0,0.9333333333333333,5,success,
15852,0,4,6,,distance,levenshtein,0.28391194343566895,0.875,1.0,0.9333333333333333,6,success,
8988,0,6,8,,distance,levenshtein,1.3346669673919678,0.875,1.0,0.9333333333333333,8,success,
8988,0,6,9,,distance,levenshtein,0.05338788032531738,0.875,1.0,0.9333333333333333,9,success,
15852,0,4,7,,distance,levenshtein,0.37728285789489746,0.875,1.0,0.9333333333333333,7,success,
8988,0,6,10,,distance,levenshtein,0.11403298377990723,0.875,1.0,0.9333333333333333,10,success,
8988,1,0,2,,distance,levenshtein,0.12043881416320801,0.12857142857142856,1.0,0.22784810126582278,2,success,
8988,1,0,3,,distance,levenshtein,0.5695321559906006,0.3,1.0,0.46153846153846156,3,success,
12153,1,0,5,,distance,levenshtein,3.212714910507202,0.24324324324324326,1.0,0.391304347826087,5,success,
32584,1,0,6,,distance,levenshtein,13.506789922714233,0.225,1.0,0.3673469387755102,6,success,
8988,1,0,4,,distance,levenshtein,1.076138973236084,0.3103448275862069,1.0,0.47368421052631576,4,success,
93884,1,0,7,,distance,levenshtein,18.67515206336975,0.391304347826087,1.0,0.5625,7,success,
15852,0,4,8,,distance,levenshtein,2.2123398780822754,0.875,1.0,0.9333333333333333,8,success,
8988,1,0,5,,distance,levenshtein,0.7273271083831787,0.3,1.0,0.46153846153846156,5,success,
15852,0,4,9,,distance,levenshtein,0.5806350708007812,0.875,1.0,0.9333333333333333,9,success,
89095,1,2,3,,distance,levenshtein,5.21489691734314,0.21621621621621623,0.8888888888888888,0.34782608695652173,3,success,
26253,1,0,7,,distance,levenshtein,12.830209970474243,0.2647058823529412,1.0,0.4186046511627907,7,success,
15852,0,4,10,,distance,levenshtein,0.8054709434509277,0.8571428571428571,0.8571428571428571,0.8571428571428571,10,success,
39871,1,0,8,,distance,levenshtein,17.128429174423218,0.28125,1.0,0.43902439024390244,8,success,
37843,1,0,7,,distance,levenshtein,11.605904817581177,0.2903225806451613,1.0,0.45,7,success,
15852,0,5,2,,distance,levenshtein,0.10093021392822266,0.875,1.0,0.9333333333333333,2,success,
93884,1,0,8,,distance,levenshtein,2.0273590087890625,0.391304347826087,1.0,0.5625,8,success,
15852,0,5,3,,distance,levenshtein,0.30958986282348633,0.875,1.0,0.9333333333333333,3,success,
51338,1,0,7,,distance,levenshtein,19.336048126220703,0.21951219512195122,1.0,0.36,7,success,
37843,1,0,8,,distance,levenshtein,1.08048677444458,0.28125,1.0,0.43902439024390244,8,success,
51338,1,0,8,,distance,levenshtein,0.8824028968811035,0.21951219512195122,1.0,0.36,8,success,
39871,1,0,9,,distance,levenshtein,1.527458906173706,0.28125,1.0,0.43902439024390244,9,success,
28998,1,2,3,,distance,levenshtein,8.531649112701416,0.36,1.0,0.5294117647058824,3,success,
8988,1,0,6,,distance,levenshtein,3.4023821353912354,0.3,1.0,0.46153846153846156,6,success,
26253,1,0,8,,distance,levenshtein,2.515756130218506,0.2647058823529412,1.0,0.4186046511627907,8,success,
93884,1,0,9,,distance,levenshtein,2.3111109733581543,0.391304347826087,1.0,0.5625,9,success,
15852,0,5,4,,distance,levenshtein,2.435202121734619,0.875,1.0,0.9333333333333333,4,success,
37843,1,0,9,,distance,levenshtein,1.829345941543579,0.28125,1.0,0.43902439024390244,9,success,
88322,1,2,3,,distance,levenshtein,9.307991981506348,0.24242424242424243,0.8888888888888888,0.38095238095238093,3,success,
9471,1,0,6,,distance,levenshtein,13.07854413986206,0.25,1.0,0.4,6,success,
26253,1,0,9,,distance,levenshtein,1.7872660160064697,0.2647058823529412,1.0,0.4186046511627907,9,success,
15852,0,5,5,,distance,levenshtein,1.7042291164398193,0.875,1.0,0.9333333333333333,5,success,
68503,1,0,7,,distance,levenshtein,19.801308155059814,0.28125,1.0,0.43902439024390244,7,success,
51338,1,0,9,,distance,levenshtein,3.2556018829345703,0.225,1.0,0.3673469387755102,9,success,
15852,0,5,6,,distance,levenshtein,0.2193601131439209,0.875,1.0,0.9333333333333333,6,success,
93884,1,0,10,,distance,levenshtein,2.342602014541626,0.391304347826087,1.0,0.5625,10,success,
39871,1,0,10,,distance,levenshtein,3.622421979904175,0.28125,1.0,0.43902439024390244,10,success,
15852,0,5,7,,distance,levenshtein,0.3162050247192383,0.875,1.0,0.9333333333333333,7,success,
93884,1,2,2,,distance,levenshtein,0.30823302268981934,0.0,0.0,0.0,2,success,
26253,1,0,10,,distance,levenshtein,1.2868249416351318,0.2571428571428571,1.0,0.4090909090909091,10,success,
37843,1,0,10,,distance,levenshtein,2.2782068252563477,0.2903225806451613,1.0,0.45,10,success,
68503,1,0,8,,distance,levenshtein,0.776893138885498,0.2727272727272727,1.0,0.42857142857142855,8,success,
51338,1,0,10,,distance,levenshtein,0.5815620422363281,0.21951219512195122,1.0,0.36,10,success,
39871,1,2,2,,distance,levenshtein,0.412168025970459,0.0,0.0,0.0,2,success,
51338,1,2,2,,distance,levenshtein,0.17143893241882324,0.0,0.0,0.0,2,success,
15852,0,5,8,,distance,levenshtein,0.4723520278930664,0.875,1.0,0.9333333333333333,8,success,
26253,1,2,2,,distance,levenshtein,0.39945006370544434,0.0,0.0,0.0,2,success,
37843,1,2,2,,distance,levenshtein,0.4600028991699219,0.0,0.0,0.0,2,success,
68503,1,0,9,,distance,levenshtein,0.5966579914093018,0.2727272727272727,1.0,0.42857142857142855,9,success,
15852,0,5,9,,distance,levenshtein,0.5751888751983643,0.875,1.0,0.9333333333333333,9,success,
8988,1,0,7,,distance,levenshtein,5.325538158416748,0.3,1.0,0.46153846153846156,7,success,
15852,0,5,10,,distance,levenshtein,0.744635820388794,0.875,1.0,0.9333333333333333,10,success,
15852,0,6,2,,distance,levenshtein,0.03297019004821777,0.875,1.0,0.9333333333333333,2,success,
15852,0,6,3,,distance,levenshtein,0.09695315361022949,0.875,1.0,0.9333333333333333,3,success,
33653,1,0,8,,distance,levenshtein,27.665427923202515,0.24324324324324326,1.0,0.391304347826087,8,success,
15852,0,6,4,,distance,levenshtein,0.176163911819458,0.875,1.0,0.9333333333333333,4,success,
93884,1,2,3,,distance,levenshtein,2.8413310050964355,0.391304347826087,1.0,0.5625,3,success,
15852,0,6,5,,distance,levenshtein,0.5753500461578369,0.875,1.0,0.9333333333333333,5,success,
32584,1,0,7,,distance,levenshtein,11.918517827987671,0.225,1.0,0.3673469387755102,7,success,
15852,0,6,6,,distance,levenshtein,0.21541881561279297,0.875,1.0,0.9333333333333333,6,success,
15852,0,6,7,,distance,levenshtein,0.12224006652832031,0.875,1.0,0.9333333333333333,7,success,
33653,1,0,9,,distance,levenshtein,1.2792019844055176,0.24324324324324326,1.0,0.391304347826087,9,success,
26253,1,2,3,,distance,levenshtein,3.4084908962249756,0.2571428571428571,1.0,0.4090909090909091,3,success,
68503,1,0,10,,distance,levenshtein,3.352051019668579,0.2727272727272727,1.0,0.42857142857142855,10,success,
39871,1,2,3,,distance,levenshtein,4.335586071014404,0.28125,1.0,0.43902439024390244,3,success,
15852,0,6,8,,distance,levenshtein,0.6784231662750244,0.875,1.0,0.9333333333333333,8,success,
33653,1,0,10,,distance,levenshtein,0.5379951000213623,0.24324324324324326,1.0,0.391304347826087,10,success,
15852,0,6,9,,distance,levenshtein,0.14598512649536133,0.875,1.0,0.9333333333333333,9,success,
63198,1,2,4,,distance,levenshtein,18.801637887954712,0.24324324324324326,1.0,0.391304347826087,4,success,
37843,1,2,3,,distance,levenshtein,4.41341495513916,0.28125,1.0,0.43902439024390244,3,success,
68503,1,2,2,,distance,levenshtein,0.4039039611816406,0.25,0.8888888888888888,0.3902439024390244,2,success,
12153,1,0,6,,distance,levenshtein,14.295691967010498,0.23684210526315788,1.0,0.3829787234042553,6,success,
15852,0,6,10,,distance,levenshtein,0.1465749740600586,0.875,1.0,0.9333333333333333,10,success,
32584,1,0,8,,distance,levenshtein,1.59962797164917,0.225,1.0,0.3673469387755102,8,success,
15852,1,0,2,,distance,levenshtein,0.11185693740844727,0.225,1.0,0.3673469387755102,2,success,
33653,1,2,2,,distance,levenshtein,0.602471113204956,0.0,0.0,0.0,2,success,
11517,1,0,10,,distance,levenshtein,29.298372983932495,0.225,1.0,0.3673469387755102,10,success,
15852,1,0,3,,distance,levenshtein,0.29374098777770996,0.21951219512195122,1.0,0.36,3,success,
11517,1,2,2,,distance,levenshtein,0.15192008018493652,0.0,0.0,0.0,2,success,
84787,1,2,4,,distance,levenshtein,35.632351875305176,0.2571428571428571,1.0,0.4090909090909091,4,success,
15852,1,0,4,,distance,levenshtein,0.8060901165008545,0.21428571428571427,1.0,0.35294117647058826,4,success,
32584,1,0,9,,distance,levenshtein,1.176516056060791,0.225,1.0,0.3673469387755102,9,success,
11517,1,2,3,,distance,levenshtein,1.6061367988586426,0.21052631578947367,0.8888888888888888,0.3404255319148936,3,success,
15852,1,0,5,,distance,levenshtein,1.3764350414276123,0.21951219512195122,1.0,0.36,5,success,
33653,1,2,3,,distance,levenshtein,3.8072619438171387,0.24324324324324326,1.0,0.391304347826087,3,success,
32584,1,0,10,,distance,levenshtein,3.1590349674224854,0.225,1.0,0.3673469387755102,10,success,
68503,1,2,3,,distance,levenshtein,5.5279340744018555,0.2727272727272727,1.0,0.42857142857142855,3,success,
32584,1,2,2,,distance,levenshtein,0.5142948627471924,0.0,0.0,0.0,2,success,
84787,1,2,5,,distance,levenshtein,4.536908864974976,0.25,1.0,0.4,5,success,
51338,1,2,3,,distance,levenshtein,11.659162044525146,0.225,1.0,0.3673469387755102,3,success,
9471,1,0,7,,distance,levenshtein,14.525707960128784,0.2571428571428571,1.0,0.4090909090909091,7,success,
15852,1,0,6,,distance,levenshtein,3.9963009357452393,0.21951219512195122,1.0,0.36,6,success,
8988,1,0,8,,distance,levenshtein,11.897507190704346,0.3,1.0,0.46153846153846156,8,success,
9471,1,0,8,,distance,levenshtein,1.5800678730010986,0.25,1.0,0.4,8,success,
9471,1,0,9,,distance,levenshtein,1.1991188526153564,0.25,1.0,0.4,9,success,
84787,1,2,6,,distance,levenshtein,4.031239986419678,0.22857142857142856,0.8888888888888888,0.36363636363636365,6,success,
3075,1,0,8,,distance,levenshtein,35.54563903808594,0.23684210526315788,1.0,0.3829787234042553,8,success,
3075,1,0,9,,distance,levenshtein,0.5528590679168701,0.23684210526315788,1.0,0.3829787234042553,9,success,
15852,1,0,7,,distance,levenshtein,4.768661022186279,0.21951219512195122,1.0,0.36,7,success,
11517,1,2,4,,distance,levenshtein,10.438606977462769,0.225,1.0,0.3673469387755102,4,success,
55151,1,0,8,,distance,levenshtein,36.157668113708496,0.25,1.0,0.4,8,success,
3075,1,0,10,,distance,levenshtein,1.4013409614562988,0.21621621621621623,0.8888888888888888,0.34782608695652173,10,success,
9471,1,0,10,,distance,levenshtein,3.2092480659484863,0.25,1.0,0.4,10,success,
3075,1,2,2,,distance,levenshtein,0.6858620643615723,0.0,0.0,0.0,2,success,
28998,1,2,4,,distance,levenshtein,23.433339834213257,0.375,1.0,0.5454545454545454,4,success,
45,1,2,4,,distance,levenshtein,50.83102297782898,0.23684210526315788,1.0,0.3829787234042553,4,success,
9471,1,2,2,,distance,levenshtein,0.4230630397796631,0.012658227848101266,0.1111111111111111,0.022727272727272728,2,success,
55151,1,0,9,,distance,levenshtein,1.1682829856872559,0.25,1.0,0.4,9,success,
11517,1,2,5,,distance,levenshtein,1.4768710136413574,0.20512820512820512,0.8888888888888888,0.3333333333333333,5,success,
12153,1,0,7,,distance,levenshtein,15.161149978637695,0.23684210526315788,1.0,0.3829787234042553,7,success,
28998,1,2,5,,distance,levenshtein,1.2914931774139404,0.36,1.0,0.5294117647058824,5,success,
11517,1,2,6,,distance,levenshtein,0.7625348567962646,0.20512820512820512,0.8888888888888888,0.3333333333333333,6,success,
162,1,0,8,,distance,levenshtein,40.53887701034546,0.2727272727272727,1.0,0.42857142857142855,8,success,
12153,1,0,8,,distance,levenshtein,1.1769561767578125,0.23684210526315788,1.0,0.3829787234042553,8,success,
37843,1,2,4,,distance,levenshtein,16.685178995132446,0.25806451612903225,0.8888888888888888,0.4,4,success,
11517,1,2,7,,distance,levenshtein,1.1639149188995361,0.21951219512195122,1.0,0.36,7,success,
89095,1,2,4,,distance,levenshtein,29.286257028579712,0.21621621621621623,0.8888888888888888,0.34782608695652173,4,success,
12153,1,0,9,,distance,levenshtein,0.5016660690307617,0.23684210526315788,1.0,0.3829787234042553,9,success,
55151,1,0,10,,distance,levenshtein,2.839402914047241,0.25,1.0,0.4,10,success,
162,1,0,9,,distance,levenshtein,1.0660371780395508,0.2727272727272727,1.0,0.42857142857142855,9,success,
12153,1,0,10,,distance,levenshtein,0.5762600898742676,0.23684210526315788,1.0,0.3829787234042553,10,success,
55151,1,2,2,,distance,levenshtein,0.38734006881713867,0.0,0.0,0.0,2,success,
12153,1,2,2,,distance,levenshtein,0.24360895156860352,0.0,0.0,0.0,2,success,
28998,1,2,6,,distance,levenshtein,3.4642550945281982,0.36,1.0,0.5294117647058824,6,success,
162,1,0,10,,distance,levenshtein,1.3994901180267334,0.2727272727272727,1.0,0.42857142857142855,10,success,
58656,1,0,10,,distance,levenshtein,40.523507833480835,0.25,1.0,0.4,10,success,
162,1,2,2,,distance,levenshtein,0.24079585075378418,0.0,0.0,0.0,2,success,
37843,1,2,5,,distance,levenshtein,3.036412000656128,0.28125,1.0,0.43902439024390244,5,success,
58656,1,2,2,,distance,levenshtein,0.5714900493621826,0.0,0.0,0.0,2,success,
162,1,2,3,,distance,levenshtein,0.9922730922698975,0.22580645161290322,0.7777777777777778,0.35,3,success,
37843,1,2,6,,distance,levenshtein,1.2713940143585205,0.28125,1.0,0.43902439024390244,6,success,
11517,1,2,8,,distance,levenshtein,4.3126630783081055,0.21951219512195122,1.0,0.36,8,success,
89095,1,2,5,,distance,levenshtein,4.796446800231934,0.21621621621621623,0.8888888888888888,0.34782608695652173,5,success,
93884,1,2,4,,distance,levenshtein,25.039235830307007,0.36363636363636365,0.8888888888888888,0.5161290322580645,4,success,
12153,1,2,3,,distance,levenshtein,4.061621904373169,0.23684210526315788,1.0,0.3829787234042553,3,success,
32584,1,2,3,,distance,levenshtein,17.297352075576782,0.225,1.0,0.3673469387755102,3,success,
51338,1,2,4,,distance,levenshtein,16.29429793357849,0.225,1.0,0.3673469387755102,4,success,
55151,1,2,3,,distance,levenshtein,6.261784076690674,0.25,1.0,0.4,3,success,
51338,1,2,5,,distance,levenshtein,1.647134780883789,0.21951219512195122,1.0,0.36,5,success,
28998,1,2,7,,distance,levenshtein,6.001451015472412,0.36,1.0,0.5294117647058824,7,success,
37843,1,2,7,,distance,levenshtein,3.9115679264068604,0.28125,1.0,0.43902439024390244,7,success,
63198,1,2,5,,distance,levenshtein,26.303754806518555,0.23684210526315788,1.0,0.3829787234042553,5,success,
89095,1,2,6,,distance,levenshtein,4.423622131347656,0.2222222222222222,0.8888888888888888,0.35555555555555557,6,success,
51338,1,2,6,,distance,levenshtein,3.061713933944702,0.21951219512195122,1.0,0.36,6,success,
63198,1,2,6,,distance,levenshtein,1.9697809219360352,0.23684210526315788,1.0,0.3829787234042553,6,success,
8988,1,0,9,,distance,levenshtein,20.331475019454956,0.3103448275862069,1.0,0.47368421052631576,9,success,
3075,1,2,3,,distance,levenshtein,14.803831100463867,0.23684210526315788,1.0,0.3829787234042553,3,success,
11517,1,2,9,,distance,levenshtein,7.413123846054077,0.225,1.0,0.3673469387755102,9,success,
84787,1,2,7,,distance,levenshtein,19.09883999824524,0.25,1.0,0.4,7,success,
37843,1,2,8,,distance,levenshtein,4.225198030471802,0.28125,1.0,0.43902439024390244,8,success,
15852,1,0,8,,distance,levenshtein,18.22874116897583,0.21951219512195122,1.0,0.36,8,success,
9471,1,2,3,,distance,levenshtein,16.215611934661865,0.25,1.0,0.4,3,success,
28998,1,2,8,,distance,levenshtein,5.153870105743408,0.375,1.0,0.5454545454545454,8,success,
162,1,2,4,,distance,levenshtein,11.069215059280396,0.2727272727272727,1.0,0.42857142857142855,4,success,
63198,1,2,7,,distance,levenshtein,3.6482961177825928,0.24324324324324326,1.0,0.391304347826087,7,success,
51338,1,2,7,,distance,levenshtein,4.594316005706787,0.21951219512195122,1.0,0.36,7,success,
26253,1,2,4,,distance,levenshtein,34.52412986755371,0.2571428571428571,1.0,0.4090909090909091,4,success,
26253,1,2,5,,distance,levenshtein,2.6924870014190674,0.2647058823529412,1.0,0.4186046511627907,5,success,
33653,1,2,4,,distance,levenshtein,32.213661909103394,0.24324324324324326,1.0,0.391304347826087,4,success,
51338,1,2,8,,distance,levenshtein,3.798207998275757,0.225,1.0,0.3673469387755102,8,success,
12153,1,2,4,,distance,levenshtein,15.515874147415161,0.24324324324324326,1.0,0.391304347826087,4,success,
11517,1,2,10,,distance,levenshtein,8.920534133911133,0.225,1.0,0.3673469387755102,10,success,
11517,1,3,2,,distance,levenshtein,0.08754992485046387,0.23684210526315788,1.0,0.3829787234042553,2,success,
11517,1,3,3,,distance,levenshtein,1.0583009719848633,0.225,1.0,0.3673469387755102,3,success,
63198,1,2,8,,distance,levenshtein,7.983742952346802,0.24324324324324326,1.0,0.391304347826087,8,success,
12153,1,2,5,,distance,levenshtein,2.234792947769165,0.23684210526315788,1.0,0.3829787234042553,5,success,
39871,1,2,4,,distance,levenshtein,42.251237869262695,0.28125,1.0,0.43902439024390244,4,success,
26253,1,2,6,,distance,levenshtein,6.956849098205566,0.2571428571428571,1.0,0.4090909090909091,6,success,
28998,1,2,9,,distance,levenshtein,12.191358089447021,0.36,1.0,0.5294117647058824,9,success,
33653,1,2,5,,distance,levenshtein,6.905844211578369,0.24324324324324326,1.0,0.391304347826087,5,success,
51338,1,2,9,,distance,levenshtein,6.089201927185059,0.21951219512195122,1.0,0.36,9,success,
11517,1,3,4,,distance,levenshtein,4.369199991226196,0.21951219512195122,1.0,0.36,4,success,
63198,1,2,9,,distance,levenshtein,3.5991029739379883,0.25,1.0,0.4,9,success,
12153,1,2,6,,distance,levenshtein,4.667346000671387,0.21621621621621623,0.8888888888888888,0.34782608695652173,6,success,
162,1,2,5,,distance,levenshtein,13.833508968353271,0.22580645161290322,0.7777777777777778,0.35,5,success,
31055,1,2,3,,distance,levenshtein,68.82170581817627,0.25,1.0,0.4,3,success,
84787,1,2,8,,distance,levenshtein,16.43754482269287,0.22857142857142856,0.8888888888888888,0.36363636363636365,8,success,
15852,1,0,9,,distance,levenshtein,16.142203092575073,0.21951219512195122,1.0,0.36,9,success,
37843,1,2,9,,distance,levenshtein,16.805700063705444,0.28125,1.0,0.43902439024390244,9,success,
11517,1,3,5,,distance,levenshtein,3.526110887527466,0.225,1.0,0.3673469387755102,5,success,
162,1,2,6,,distance,levenshtein,2.0345189571380615,0.2727272727272727,1.0,0.42857142857142855,6,success,
89095,1,2,7,,distance,levenshtein,21.314221143722534,0.21621621621621623,0.8888888888888888,0.34782608695652173,7,success,
12153,1,2,7,,distance,levenshtein,2.7051799297332764,0.23684210526315788,1.0,0.3829787234042553,7,success,
15852,1,0,10,,distance,levenshtein,4.479273080825806,0.21951219512195122,1.0,0.36,10,success,
15852,1,2,2,,distance,levenshtein,0.5648930072784424,0.0,0.0,0.0,2,success,
26253,1,2,7,,distance,levenshtein,9.873300075531006,0.2571428571428571,1.0,0.4090909090909091,7,success,
28998,1,2,10,,distance,levenshtein,9.975280046463013,0.36,1.0,0.5294117647058824,10,success,
63198,1,2,10,,distance,levenshtein,8.93140196800232,0.23684210526315788,1.0,0.3829787234042553,10,success,
28998,1,3,2,,distance,levenshtein,0.22211313247680664,0.09722222222222222,0.7777777777777778,0.1728395061728395,2,success,
63198,1,3,2,,distance,levenshtein,0.19087982177734375,0.14516129032258066,1.0,0.2535211267605634,2,success,
26253,1,2,8,,distance,levenshtein,0.6128630638122559,0.2647058823529412,1.0,0.4186046511627907,8,success,
89095,1,2,8,,distance,levenshtein,5.681815147399902,0.21621621621621623,0.8888888888888888,0.34782608695652173,8,success,
33653,1,2,6,,distance,levenshtein,10.99400782585144,0.24324324324324326,1.0,0.391304347826087,6,success,
51338,1,2,10,,distance,levenshtein,11.53643798828125,0.225,1.0,0.3673469387755102,10,success,
51338,1,3,2,,distance,levenshtein,0.13518595695495605,0.0,0.0,0.0,2,success,
162,1,2,7,,distance,levenshtein,7.5808961391448975,0.22580645161290322,0.7777777777777778,0.35,7,success,
63198,1,3,3,,distance,levenshtein,1.8266630172729492,0.23684210526315788,1.0,0.3829787234042553,3,success,
28998,1,3,3,,distance,levenshtein,2.0012710094451904,0.36,1.0,0.5294117647058824,3,success,
12153,1,2,8,,distance,levenshtein,8.476058006286621,0.24324324324324326,1.0,0.391304347826087,8,success,
51338,1,3,3,,distance,levenshtein,1.6760139465332031,0.21951219512195122,1.0,0.36,3,success,
84787,1,2,9,,distance,levenshtein,11.418514966964722,0.25,1.0,0.4,9,success,
63198,1,3,4,,distance,levenshtein,2.6691360473632812,0.23684210526315788,1.0,0.3829787234042553,4,success,
12153,1,2,9,,distance,levenshtein,2.9032771587371826,0.23684210526315788,1.0,0.3829787234042553,9,success,
32584,1,2,4,,distance,levenshtein,38.45363187789917,0.225,1.0,0.3673469387755102,4,success,
12153,1,2,10,,distance,levenshtein,3.082857131958008,0.24324324324324326,1.0,0.391304347826087,10,success,
51338,1,3,4,,distance,levenshtein,6.943759918212891,0.21951219512195122,1.0,0.36,4,success,
12153,1,3,2,,distance,levenshtein,0.14490699768066406,0.0,0.0,0.0,2,success,
162,1,2,8,,distance,levenshtein,8.5559401512146,0.2727272727272727,1.0,0.42857142857142855,8,success,
33653,1,2,7,,distance,levenshtein,9.937668085098267,0.24324324324324326,1.0,0.391304347826087,7,success,
26253,1,2,9,,distance,levenshtein,10.668446063995361,0.2647058823529412,1.0,0.4186046511627907,9,success,
37843,1,2,10,,distance,levenshtein,20.076663970947266,0.28125,1.0,0.43902439024390244,10,success,
12153,1,3,3,,distance,levenshtein,3.036679983139038,0.24324324324324326,1.0,0.391304347826087,3,success,
37843,1,3,2,,distance,levenshtein,0.2920107841491699,0.0,0.0,0.0,2,success,
89095,1,2,9,,distance,levenshtein,13.913740873336792,0.21621621621621623,0.8888888888888888,0.34782608695652173,9,success,
63198,1,3,5,,distance,levenshtein,10.355624914169312,0.24324324324324326,1.0,0.391304347826087,5,success,
28998,1,3,4,,distance,levenshtein,14.94411301612854,0.375,1.0,0.5454545454545454,4,success,
37843,1,3,3,,distance,levenshtein,3.159641981124878,0.28125,1.0,0.43902439024390244,3,success,
84787,1,2,10,,distance,levenshtein,12.816867113113403,0.25,1.0,0.4,10,success,
9471,1,2,4,,distance,levenshtein,41.407665967941284,0.25,1.0,0.4,4,success,
84787,1,3,2,,distance,levenshtein,0.11676406860351562,0.1935483870967742,0.6666666666666666,0.3,2,success,
11517,1,3,6,,distance,levenshtein,24.953855991363525,0.225,1.0,0.3673469387755102,6,success,
84787,1,3,3,,distance,levenshtein,1.8971679210662842,0.25,1.0,0.4,3,success,
12153,1,3,4,,distance,levenshtein,7.098749160766602,0.23684210526315788,1.0,0.3829787234042553,4,success,
11517,1,3,7,,distance,levenshtein,2.0658061504364014,0.23076923076923078,1.0,0.375,7,success,
9471,1,2,5,,distance,levenshtein,4.205960988998413,0.25,1.0,0.4,5,success,
33653,1,2,8,,distance,levenshtein,11.052145004272461,0.24324324324324326,1.0,0.391304347826087,8,success,
26253,1,2,10,,distance,levenshtein,10.954761981964111,0.2571428571428571,1.0,0.4090909090909091,10,success,
26253,1,3,2,,distance,levenshtein,0.30037593841552734,0.11290322580645161,0.7777777777777778,0.19718309859154928,2,success,
11517,1,3,8,,distance,levenshtein,3.5230600833892822,0.225,1.0,0.3673469387755102,8,success,
9471,1,2,6,,distance,levenshtein,3.1122868061065674,0.25,1.0,0.4,6,success,
26253,1,3,3,,distance,levenshtein,2.38270902633667,0.2571428571428571,1.0,0.4090909090909091,3,success,
162,1,2,9,,distance,levenshtein,14.835411071777344,0.28125,1.0,0.43902439024390244,9,success,
11517,1,3,9,,distance,levenshtein,1.7074151039123535,0.23076923076923078,1.0,0.375,9,success,
84787,1,3,4,,distance,levenshtein,7.263960838317871,0.2571428571428571,1.0,0.4090909090909091,4,success,
37843,1,3,4,,distance,levenshtein,11.778751134872437,0.28125,1.0,0.43902439024390244,4,success,
58656,1,2,3,,distance,levenshtein,64.15001082420349,0.24324324324324326,1.0,0.391304347826087,3,success,
11517,1,3,10,,distance,levenshtein,2.7332751750946045,0.225,1.0,0.3673469387755102,10,success,
11517,1,4,2,,distance,levenshtein,0.09755611419677734,0.0,0.0,0.0,2,success,
11517,1,4,3,,distance,levenshtein,1.4505441188812256,0.21951219512195122,1.0,0.36,3,success,
15852,1,2,3,,distance,levenshtein,35.065670013427734,0.21951219512195122,1.0,0.36,3,success,
9471,1,2,7,,distance,levenshtein,7.5113561153411865,0.25,1.0,0.4,7,success,
6886,1,2,4,,distance,levenshtein,112.36462688446045,0.2571428571428571,1.0,0.4090909090909091,4,success,
11517,1,4,4,,distance,levenshtein,3.779729127883911,0.225,1.0,0.3673469387755102,4,success,
12153,1,3,5,,distance,levenshtein,16.620943069458008,0.24324324324324326,1.0,0.391304347826087,5,success,
162,1,2,10,,distance,levenshtein,12.63362979888916,0.28125,1.0,0.43902439024390244,10,success,
162,1,3,2,,distance,levenshtein,0.1831648349761963,0.0,0.0,0.0,2,success,
6886,1,2,5,,distance,levenshtein,5.186298847198486,0.2571428571428571,1.0,0.4090909090909091,5,success,
8988,1,0,10,,distance,levenshtein,65.48345589637756,0.3,1.0,0.46153846153846156,10,success,
12153,1,3,6,,distance,levenshtein,2.426240921020508,0.24324324324324326,1.0,0.391304347826087,6,success,
84787,1,3,5,,distance,levenshtein,13.242198944091797,0.25,1.0,0.4,5,success,
8988,1,2,2,,distance,levenshtein,0.48781800270080566,0.28,0.7777777777777778,0.4117647058823529,2,success,
84787,1,3,6,,distance,levenshtein,0.38427305221557617,0.25,1.0,0.4,6,success,
162,1,3,3,,distance,levenshtein,1.8077058792114258,0.2727272727272727,1.0,0.42857142857142855,3,success,
26253,1,3,4,,distance,levenshtein,15.904880046844482,0.2571428571428571,1.0,0.4090909090909091,4,success,
28998,1,3,5,,distance,levenshtein,24.816992044448853,0.375,1.0,0.5454545454545454,5,success,
63198,1,3,6,,distance,levenshtein,27.370959997177124,0.23684210526315788,1.0,0.3829787234042553,6,success,
84787,1,3,7,,distance,levenshtein,2.163975954055786,0.25,1.0,0.4,7,success,
28998,1,3,6,,distance,levenshtein,2.259955883026123,0.36,1.0,0.5294117647058824,6,success,
63198,1,3,7,,distance,levenshtein,1.5374560356140137,0.23684210526315788,1.0,0.3829787234042553,7,success,
12153,1,3,7,,distance,levenshtein,4.233654022216797,0.23684210526315788,1.0,0.3829787234042553,7,success,
162,1,3,4,,distance,levenshtein,4.469083070755005,0.2727272727272727,1.0,0.42857142857142855,4,success,
28998,1,3,7,,distance,levenshtein,1.5810070037841797,0.36,1.0,0.5294117647058824,7,success,
11517,1,4,5,,distance,levenshtein,11.459811925888062,0.21951219512195122,1.0,0.36,5,success,
12153,1,3,8,,distance,levenshtein,2.072075843811035,0.23684210526315788,1.0,0.3829787234042553,8,success,
84787,1,3,8,,distance,levenshtein,4.2863030433654785,0.2571428571428571,1.0,0.4090909090909091,8,success,
89095,1,2,10,,distance,levenshtein,33.470391035079956,0.21621621621621623,0.8888888888888888,0.34782608695652173,10,success,
89095,1,3,2,,distance,levenshtein,0.14859890937805176,0.0,0.0,0.0,2,success,
84787,1,3,9,,distance,levenshtein,1.5080008506774902,0.25,1.0,0.4,9,success,
63198,1,3,8,,distance,levenshtein,5.9028260707855225,0.23684210526315788,1.0,0.3829787234042553,8,success,
51338,1,3,5,,distance,levenshtein,40.76866388320923,0.21951219512195122,1.0,0.36,5,success,
28998,1,3,8,,distance,levenshtein,4.944153070449829,0.375,1.0,0.5454545454545454,8,success,
37843,1,3,5,,distance,levenshtein,22.444674015045166,0.25806451612903225,0.8888888888888888,0.4,5,success,
89095,1,3,3,,distance,levenshtein,3.3108952045440674,0.23684210526315788,1.0,0.3829787234042553,3,success,
12153,1,3,9,,distance,levenshtein,5.411503076553345,0.24324324324324326,1.0,0.391304347826087,9,success,
162,1,3,5,,distance,levenshtein,7.542423963546753,0.2727272727272727,1.0,0.42857142857142855,5,success,
84787,1,3,10,,distance,levenshtein,3.9395830631256104,0.25,1.0,0.4,10,success,
37843,1,3,6,,distance,levenshtein,2.196563959121704,0.28125,1.0,0.43902439024390244,6,success,
28998,1,3,9,,distance,levenshtein,2.299567937850952,0.375,1.0,0.5454545454545454,9,success,
51338,1,3,6,,distance,levenshtein,2.9743189811706543,0.21951219512195122,1.0,0.36,6,success,
84787,1,4,2,,distance,levenshtein,0.13819217681884766,0.0,0.0,0.0,2,success,
84787,1,4,3,,distance,levenshtein,0.7933309078216553,0.25,1.0,0.4,3,success,
37843,1,3,7,,distance,levenshtein,2.568657875061035,0.28125,1.0,0.43902439024390244,7,success,
26253,1,3,5,,distance,levenshtein,15.649953842163086,0.2571428571428571,1.0,0.4090909090909091,5,success,
63198,1,3,9,,distance,levenshtein,6.32256293296814,0.24324324324324326,1.0,0.391304347826087,9,success,
9471,1,2,8,,distance,levenshtein,24.833299160003662,0.25,1.0,0.4,8,success,
28998,1,3,10,,distance,levenshtein,4.7119951248168945,0.375,1.0,0.5454545454545454,10,success,
51338,1,3,7,,distance,levenshtein,4.829648971557617,0.21951219512195122,1.0,0.36,7,success,
12153,1,3,10,,distance,levenshtein,5.963239908218384,0.23684210526315788,1.0,0.3829787234042553,10,success,
6886,1,2,6,,distance,levenshtein,19.533640146255493,0.2647058823529412,1.0,0.4186046511627907,6,success,
12153,1,4,2,,distance,levenshtein,0.15825796127319336,0.0,0.0,0.0,2,success,
28998,1,4,2,,distance,levenshtein,0.2962028980255127,0.0,0.0,0.0,2,success,
26253,1,3,6,,distance,levenshtein,2.6370151042938232,0.2571428571428571,1.0,0.4090909090909091,6,success,
63198,1,3,10,,distance,levenshtein,2.9106199741363525,0.24324324324324326,1.0,0.391304347826087,10,success,
12153,1,4,3,,distance,levenshtein,0.8833398818969727,0.23684210526315788,1.0,0.3829787234042553,3,success,
63198,1,4,2,,distance,levenshtein,0.22475385665893555,0.0,0.0,0.0,2,success,
33653,1,2,9,,distance,levenshtein,39.08283185958862,0.24324324324324326,1.0,0.391304347826087,9,success,
28998,1,4,3,,distance,levenshtein,2.0516841411590576,0.375,1.0,0.5454545454545454,3,success,
63198,1,4,3,,distance,levenshtein,1.3569920063018799,0.24324324324324326,1.0,0.391304347826087,3,success,
84787,1,4,4,,distance,levenshtein,7.7934889793396,0.20588235294117646,0.7777777777777778,0.32558139534883723,4,success,
32584,1,2,5,,distance,levenshtein,56.28216791152954,0.225,1.0,0.3673469387755102,5,success,
51338,1,3,8,,distance,levenshtein,4.126039981842041,0.21951219512195122,1.0,0.36,8,success,
12153,1,4,4,,distance,levenshtein,3.180021047592163,0.24324324324324326,1.0,0.391304347826087,4,success,
37843,1,3,8,,distance,levenshtein,7.192275047302246,0.2903225806451613,1.0,0.45,8,success,
6886,1,2,7,,distance,levenshtein,5.41438102722168,0.2571428571428571,1.0,0.4090909090909091,7,success,
26253,1,3,7,,distance,levenshtein,5.607767105102539,0.2571428571428571,1.0,0.4090909090909091,7,success,
63198,1,4,4,,distance,levenshtein,3.6612629890441895,0.24324324324324326,1.0,0.391304347826087,4,success,
8988,1,2,3,,distance,levenshtein,26.47412395477295,0.3,1.0,0.46153846153846156,3,success,
33653,1,2,10,,distance,levenshtein,4.77637791633606,0.24324324324324326,1.0,0.391304347826087,10,success,
33653,1,3,2,,distance,levenshtein,0.12032103538513184,0.12903225806451613,0.8888888888888888,0.22535211267605634,2,success,
45,1,2,5,,distance,levenshtein,108.19922494888306,0.23076923076923078,1.0,0.375,5,success,
93884,1,2,5,,distance,levenshtein,99.9898669719696,0.391304347826087,1.0,0.5625,5,success,
12153,1,4,5,,distance,levenshtein,3.887136936187744,0.23684210526315788,1.0,0.3829787234042553,5,success,
32584,1,2,6,,distance,levenshtein,4.774420976638794,0.225,1.0,0.3673469387755102,6,success,
33653,1,3,3,,distance,levenshtein,0.9291889667510986,0.24324324324324326,1.0,0.391304347826087,3,success,
93884,1,2,6,,distance,levenshtein,2.2598860263824463,0.391304347826087,1.0,0.5625,6,success,
89095,1,3,4,,distance,levenshtein,18.255568027496338,0.21621621621621623,0.8888888888888888,0.34782608695652173,4,success,
26253,1,3,8,,distance,levenshtein,4.389413118362427,0.2571428571428571,1.0,0.4090909090909091,8,success,
33653,1,3,4,,distance,levenshtein,3.342341899871826,0.24324324324324326,1.0,0.391304347826087,4,success,
51338,1,3,9,,distance,levenshtein,8.264214038848877,0.21951219512195122,1.0,0.36,9,success,
162,1,3,6,,distance,levenshtein,19.278944969177246,0.2727272727272727,1.0,0.42857142857142855,6,success,
33653,1,3,5,,distance,levenshtein,1.4631109237670898,0.24324324324324326,1.0,0.391304347826087,5,success,
39871,1,2,5,,distance,levenshtein,86.73219323158264,0.28125,1.0,0.43902439024390244,5,success,
45,1,2,6,,distance,levenshtein,5.817461013793945,0.23076923076923078,1.0,0.375,6,success,
51338,1,3,10,,distance,levenshtein,1.861253023147583,0.225,1.0,0.3673469387755102,10,success,
6886,1,2,8,,distance,levenshtein,9.052556991577148,0.2571428571428571,1.0,0.4090909090909091,8,success,
51338,1,4,2,,distance,levenshtein,0.24717402458190918,0.0,0.0,0.0,2,success,
26253,1,3,9,,distance,levenshtein,4.24433708190918,0.2647058823529412,1.0,0.4186046511627907,9,success,
37843,1,3,9,,distance,levenshtein,11.815256118774414,0.28125,1.0,0.43902439024390244,9,success,
93884,1,2,7,,distance,levenshtein,5.948959112167358,0.391304347826087,1.0,0.5625,7,success,
51338,1,4,3,,distance,levenshtein,2.2838900089263916,0.21951219512195122,1.0,0.36,3,success,
37843,1,3,10,,distance,levenshtein,0.9116249084472656,0.28125,1.0,0.43902439024390244,10,success,
84787,1,4,5,,distance,levenshtein,14.793313026428223,0.25,1.0,0.4,5,success,
28998,1,4,4,,distance,levenshtein,16.309763193130493,0.36,1.0,0.5294117647058824,4,success,
37843,1,4,2,,distance,levenshtein,0.21571898460388184,0.0,0.0,0.0,2,success,
45,1,2,7,,distance,levenshtein,5.277767896652222,0.23076923076923078,1.0,0.375,7,success,
37843,1,4,3,,distance,levenshtein,1.2953059673309326,0.2903225806451613,1.0,0.45,3,success,
39871,1,2,6,,distance,levenshtein,6.196911096572876,0.28125,1.0,0.43902439024390244,6,success,
84787,1,4,6,,distance,levenshtein,2.1429991722106934,0.2571428571428571,1.0,0.4090909090909091,6,success,
28998,1,4,5,,distance,levenshtein,2.0121910572052,0.36,1.0,0.5294117647058824,5,success,
37843,1,4,4,,distance,levenshtein,2.6420187950134277,0.2903225806451613,1.0,0.45,4,success,
84787,1,4,7,,distance,levenshtein,2.246561050415039,0.25,1.0,0.4,7,success,
68503,1,2,4,,distance,levenshtein,133.2869520187378,0.2727272727272727,1.0,0.42857142857142855,4,success,
63198,1,4,5,,distance,levenshtein,17.565948963165283,0.24324324324324326,1.0,0.391304347826087,5,success,
26253,1,3,10,,distance,levenshtein,8.564718008041382,0.2571428571428571,1.0,0.4090909090909091,10,success,
26253,1,4,2,,distance,levenshtein,0.3964531421661377,0.0,0.0,0.0,2,success,
51338,1,4,4,,distance,levenshtein,7.425195932388306,0.225,1.0,0.3673469387755102,4,success,
28998,1,4,6,,distance,levenshtein,4.667124032974243,0.375,1.0,0.5454545454545454,6,success,
11517,1,4,6,,distance,levenshtein,38.5103120803833,0.21951219512195122,1.0,0.36,6,success,
84787,1,4,8,,distance,levenshtein,3.67910099029541,0.25,1.0,0.4,8,success,
84787,1,4,9,,distance,levenshtein,0.7058911323547363,0.25,1.0,0.4,9,success,
39871,1,2,7,,distance,levenshtein,7.413315057754517,0.28125,1.0,0.43902439024390244,7,success,
11517,1,4,7,,distance,levenshtein,2.1446919441223145,0.21951219512195122,1.0,0.36,7,success,
15852,1,2,4,,distance,levenshtein,55.22176194190979,0.1951219512195122,0.8888888888888888,0.32,4,success,
32584,1,2,7,,distance,levenshtein,19.781604051589966,0.225,1.0,0.3673469387755102,7,success,
6886,1,2,9,,distance,levenshtein,13.40103006362915,0.2571428571428571,1.0,0.4090909090909091,9,success,
28998,1,4,7,,distance,levenshtein,3.3748300075531006,0.34782608695652173,0.8888888888888888,0.5,7,success,
8988,1,2,4,,distance,levenshtein,21.960762977600098,0.3,1.0,0.46153846153846156,4,success,
93884,1,2,8,,distance,levenshtein,12.983129978179932,0.391304347826087,1.0,0.5625,8,success,
26253,1,4,3,,distance,levenshtein,5.38192892074585,0.2571428571428571,1.0,0.4090909090909091,3,success,
33653,1,3,6,,distance,levenshtein,17.251527070999146,0.24324324324324326,1.0,0.391304347826087,6,success,
9471,1,2,9,,distance,levenshtein,32.804227113723755,0.25,1.0,0.4,9,success,
33653,1,3,7,,distance,levenshtein,1.5964710712432861,0.24324324324324326,1.0,0.391304347826087,7,success,
32584,1,2,8,,distance,levenshtein,4.049512147903442,0.225,1.0,0.3673469387755102,8,success,
11517,1,4,8,,distance,levenshtein,4.695888042449951,0.225,1.0,0.3673469387755102,8,success,
28998,1,4,8,,distance,levenshtein,4.410557985305786,0.36,1.0,0.5294117647058824,8,success,
15852,1,2,5,,distance,levenshtein,6.474520921707153,0.21428571428571427,1.0,0.35294117647058826,5,success,
33653,1,3,8,,distance,levenshtein,2.155379056930542,0.24324324324324326,1.0,0.391304347826087,8,success,
84787,1,4,10,,distance,levenshtein,7.1441309452056885,0.25,1.0,0.4,10,success,
12153,1,4,6,,distance,levenshtein,27.730643033981323,0.23684210526315788,1.0,0.3829787234042553,6,success,
84787,1,5,2,,distance,levenshtein,0.3998911380767822,0.0,0.0,0.0,2,success,
11517,1,4,9,,distance,levenshtein,3.3843650817871094,0.21951219512195122,1.0,0.36,9,success,
68503,1,2,5,,distance,levenshtein,12.674499988555908,0.2727272727272727,1.0,0.42857142857142855,5,success,
51338,1,4,5,,distance,levenshtein,12.20462703704834,0.225,1.0,0.3673469387755102,5,success,
93884,1,2,9,,distance,levenshtein,6.929572820663452,0.391304347826087,1.0,0.5625,9,success,
84787,1,5,3,,distance,levenshtein,1.863170862197876,0.2571428571428571,1.0,0.4090909090909091,3,success,
33653,1,3,9,,distance,levenshtein,3.596958875656128,0.24324324324324326,1.0,0.391304347826087,9,success,
28998,1,4,9,,distance,levenshtein,5.169218063354492,0.36,1.0,0.5294117647058824,9,success,
33653,1,3,10,,distance,levenshtein,2.1942360401153564,0.24324324324324326,1.0,0.391304347826087,10,success,
26253,1,4,4,,distance,levenshtein,11.496702194213867,0.2571428571428571,1.0,0.4090909090909091,4,success,
32584,1,2,9,,distance,levenshtein,8.752526044845581,0.20512820512820512,0.8888888888888888,0.3333333333333333,9,success,
33653,1,4,2,,distance,levenshtein,0.2485511302947998,0.0,0.0,0.0,2,success,
11517,1,4,10,,distance,levenshtein,4.98514199256897,0.21951219512195122,1.0,0.36,10,success,
11517,1,5,2,,distance,levenshtein,0.2121109962463379,0.0,0.0,0.0,2,success,
9471,1,2,10,,distance,levenshtein,10.355308055877686,0.22857142857142856,0.8888888888888888,0.36363636363636365,10,success,
6886,1,2,10,,distance,levenshtein,13.44285798072815,0.2571428571428571,1.0,0.4090909090909091,10,success,
9471,1,3,2,,distance,levenshtein,0.1292250156402588,0.0847457627118644,0.5555555555555556,0.14705882352941177,2,success,
6886,1,3,2,,distance,levenshtein,0.10889196395874023,0.11475409836065574,0.7777777777777778,0.2,2,success,
15852,1,2,6,,distance,levenshtein,8.009056091308594,0.21951219512195122,1.0,0.36,6,success,
6886,1,3,3,,distance,levenshtein,0.8426620960235596,0.2647058823529412,1.0,0.4186046511627907,3,success,
37843,1,4,5,,distance,levenshtein,21.145205974578857,0.28125,1.0,0.43902439024390244,5,success,
11517,1,5,3,,distance,levenshtein,1.4120819568634033,0.21951219512195122,1.0,0.36,3,success,
9471,1,3,3,,distance,levenshtein,1.2027809619903564,0.25,1.0,0.4,3,success,
33653,1,4,3,,distance,levenshtein,2.0233378410339355,0.24324324324324326,1.0,0.391304347826087,3,success,
33653,1,4,4,,distance,levenshtein,2.1344830989837646,0.24324324324324326,1.0,0.391304347826087,4,success,
32584,1,2,10,,distance,levenshtein,4.169074058532715,0.225,1.0,0.3673469387755102,10,success,
32584,1,3,2,,distance,levenshtein,0.16193699836730957,0.0,0.0,0.0,2,success,
9471,1,3,4,,distance,levenshtein,3.2122249603271484,0.25,1.0,0.4,4,success,
39871,1,2,8,,distance,levenshtein,19.767056941986084,0.28125,1.0,0.43902439024390244,8,success,
68503,1,2,6,,distance,levenshtein,11.570409059524536,0.2727272727272727,1.0,0.42857142857142855,6,success,
32584,1,3,3,,distance,levenshtein,2.0551249980926514,0.225,1.0,0.3673469387755102,3,success,
162,1,3,7,,distance,levenshtein,36.36445593833923,0.2727272727272727,1.0,0.42857142857142855,7,success,
15852,1,2,7,,distance,levenshtein,7.846629858016968,0.21428571428571427,1.0,0.35294117647058826,7,success,
93884,1,2,10,,distance,levenshtein,13.928347110748291,0.391304347826087,1.0,0.5625,10,success,
32584,1,3,4,,distance,levenshtein,2.8060660362243652,0.225,1.0,0.3673469387755102,4,success,
93884,1,3,2,,distance,levenshtein,0.1361241340637207,0.1095890410958904,0.8888888888888888,0.1951219512195122,2,success,
162,1,3,8,,distance,levenshtein,2.768164873123169,0.2727272727272727,1.0,0.42857142857142855,8,success,
6886,1,3,4,,distance,levenshtein,8.986634016036987,0.2571428571428571,1.0,0.4090909090909091,4,success,
93884,1,3,3,,distance,levenshtein,0.837432861328125,0.391304347826087,1.0,0.5625,3,success,
88322,1,2,4,,distance,levenshtein,176.88905692100525,0.24242424242424243,0.8888888888888888,0.38095238095238093,4,success,
93884,1,3,4,,distance,levenshtein,2.6997039318084717,0.391304347826087,1.0,0.5625,4,success,
11517,1,5,4,,distance,levenshtein,12.052757978439331,0.225,1.0,0.3673469387755102,4,success,
162,1,3,9,,distance,levenshtein,3.859930992126465,0.2727272727272727,1.0,0.42857142857142855,9,success,
28998,1,4,10,,distance,levenshtein,17.913778066635132,0.36,1.0,0.5294117647058824,10,success,
28998,1,5,2,,distance,levenshtein,0.22071504592895508,0.0,0.0,0.0,2,success,
89095,1,3,5,,distance,levenshtein,47.85748815536499,0.21621621621621623,0.8888888888888888,0.34782608695652173,5,success,
162,1,3,10,,distance,levenshtein,2.006098985671997,0.2727272727272727,1.0,0.42857142857142855,10,success,
162,1,4,2,,distance,levenshtein,0.29454588890075684,0.0,0.0,0.0,2,success,
84787,1,5,4,,distance,levenshtein,22.289939165115356,0.2571428571428571,1.0,0.4090909090909091,4,success,
162,1,4,3,,distance,levenshtein,1.5599701404571533,0.28125,1.0,0.43902439024390244,3,success,
39871,1,2,9,,distance,levenshtein,12.197202920913696,0.28125,1.0,0.43902439024390244,9,success,
63198,1,4,6,,distance,levenshtein,37.780333042144775,0.24324324324324326,1.0,0.391304347826087,6,success,
89095,1,3,6,,distance,levenshtein,4.277273893356323,0.2222222222222222,0.8888888888888888,0.35555555555555557,6,success,
28998,1,5,3,,distance,levenshtein,4.739470958709717,0.36,1.0,0.5294117647058824,3,success,
84787,1,5,5,,distance,levenshtein,2.9173760414123535,0.25,1.0,0.4,5,success,
15852,1,2,8,,distance,levenshtein,12.510968923568726,0.21428571428571427,1.0,0.35294117647058826,8,success,
11517,1,5,5,,distance,levenshtein,8.067121028900146,0.225,1.0,0.3673469387755102,5,success,
11517,1,5,6,,distance,levenshtein,0.8963391780853271,0.23076923076923078,1.0,0.375,6,success,
89095,1,3,7,,distance,levenshtein,2.8694651126861572,0.2222222222222222,0.8888888888888888,0.35555555555555557,7,success,
6886,1,3,5,,distance,levenshtein,13.534317016601562,0.24242424242424243,0.8888888888888888,0.38095238095238093,5,success,
68503,1,2,7,,distance,levenshtein,17.979435920715332,0.2727272727272727,1.0,0.42857142857142855,7,success,
89095,1,3,8,,distance,levenshtein,0.6616659164428711,0.21621621621621623,0.8888888888888888,0.34782608695652173,8,success,
162,1,4,4,,distance,levenshtein,7.0578529834747314,0.2727272727272727,1.0,0.42857142857142855,4,success,
11517,1,5,7,,distance,levenshtein,2.5149998664855957,0.21951219512195122,1.0,0.36,7,success,
33653,1,4,5,,distance,levenshtein,21.8454270362854,0.24324324324324326,1.0,0.391304347826087,5,success,
84787,1,5,6,,distance,levenshtein,5.125775098800659,0.2571428571428571,1.0,0.4090909090909091,6,success,
9471,1,3,5,,distance,levenshtein,21.47255301475525,0.25,1.0,0.4,5,success,
89095,1,3,9,,distance,levenshtein,1.903014898300171,0.23684210526315788,1.0,0.3829787234042553,9,success,
9471,1,3,6,,distance,levenshtein,1.7636449337005615,0.2571428571428571,1.0,0.4090909090909091,6,success,
9471,1,3,7,,distance,levenshtein,1.1014540195465088,0.2571428571428571,1.0,0.4090909090909091,7,success,
39871,1,2,10,,distance,levenshtein,11.595396041870117,0.28125,1.0,0.43902439024390244,10,success,
37843,1,4,6,,distance,levenshtein,29.235625982284546,0.28125,1.0,0.43902439024390244,6,success,
39871,1,3,2,,distance,levenshtein,0.19205594062805176,0.0,0.0,0.0,2,success,
84787,1,5,7,,distance,levenshtein,4.893387079238892,0.2571428571428571,1.0,0.4090909090909091,7,success,
51338,1,4,6,,distance,levenshtein,37.13722491264343,0.21951219512195122,1.0,0.36,6,success,
32584,1,3,5,,distance,levenshtein,22.53972887992859,0.225,1.0,0.3673469387755102,5,success,
93884,1,3,5,,distance,levenshtein,18.65718698501587,0.391304347826087,1.0,0.5625,5,success,
39871,1,3,3,,distance,levenshtein,1.5188210010528564,0.28125,1.0,0.43902439024390244,3,success,
26253,1,4,5,,distance,levenshtein,33.34855890274048,0.2647058823529412,1.0,0.4186046511627907,5,success,
9471,1,3,8,,distance,levenshtein,2.7664248943328857,0.25,1.0,0.4,8,success,
11517,1,5,8,,distance,levenshtein,7.393755912780762,0.2,0.8888888888888888,0.32653061224489793,8,success,
45,1,2,8,,distance,levenshtein,56.95544910430908,0.23076923076923078,1.0,0.375,8,success,
37843,1,4,7,,distance,levenshtein,3.893810987472534,0.2903225806451613,1.0,0.45,7,success,
12153,1,4,7,,distance,levenshtein,43.25111198425293,0.23684210526315788,1.0,0.3829787234042553,7,success,
89095,1,3,10,,distance,levenshtein,9.7275869846344,0.24324324324324326,1.0,0.391304347826087,10,success,
89095,1,4,2,,distance,levenshtein,0.24460291862487793,0.0,0.0,0.0,2,success,
51338,1,4,7,,distance,levenshtein,5.09266209602356,0.21951219512195122,1.0,0.36,7,success,
9471,1,3,9,,distance,levenshtein,4.617410898208618,0.2571428571428571,1.0,0.4090909090909091,9,success,
39871,1,3,4,,distance,levenshtein,5.387176036834717,0.28125,1.0,0.43902439024390244,4,success,
89095,1,4,3,,distance,levenshtein,1.2350010871887207,0.23684210526315788,1.0,0.3829787234042553,3,success,
37843,1,4,8,,distance,levenshtein,3.5515332221984863,0.25806451612903225,0.8888888888888888,0.4,8,success,
15852,1,2,9,,distance,levenshtein,16.606812953948975,0.21428571428571427,1.0,0.35294117647058826,9,success,
9471,1,3,10,,distance,levenshtein,0.7380812168121338,0.25,1.0,0.4,10,success,
9471,1,4,2,,distance,levenshtein,0.2131819725036621,0.0,0.0,0.0,2,success,
12153,1,4,8,,distance,levenshtein,2.5078749656677246,0.24324324324324326,1.0,0.391304347826087,8,success,
68503,1,2,8,,distance,levenshtein,14.89999508857727,0.2727272727272727,1.0,0.42857142857142855,8,success,
51338,1,4,8,,distance,levenshtein,3.8129470348358154,0.21951219512195122,1.0,0.36,8,success,
84787,1,5,8,,distance,levenshtein,9.837392091751099,0.25,1.0,0.4,8,success,
9471,1,4,3,,distance,levenshtein,2.229646921157837,0.25,1.0,0.4,3,success,
33653,1,4,6,,distance,levenshtein,16.326277017593384,0.24324324324324326,1.0,0.391304347826087,6,success,
26253,1,4,6,,distance,levenshtein,9.377619981765747,0.2571428571428571,1.0,0.4090909090909091,6,success,
93884,1,3,6,,distance,levenshtein,10.254467964172363,0.391304347826087,1.0,0.5625,6,success,
11517,1,5,9,,distance,levenshtein,9.002635955810547,0.225,1.0,0.3673469387755102,9,success,
89095,1,4,4,,distance,levenshtein,4.570588111877441,0.23684210526315788,1.0,0.3829787234042553,4,success,
12153,1,4,9,,distance,levenshtein,3.6454310417175293,0.23684210526315788,1.0,0.3829787234042553,9,success,
45,1,2,9,,distance,levenshtein,9.617232084274292,0.23076923076923078,1.0,0.375,9,success,
11517,1,5,10,,distance,levenshtein,0.8218019008636475,0.21951219512195122,1.0,0.36,10,success,
11517,1,6,2,,distance,levenshtein,0.08033609390258789,0.23684210526315788,1.0,0.3829787234042553,2,success,
162,1,4,5,,distance,levenshtein,18.851433038711548,0.2727272727272727,1.0,0.42857142857142855,5,success,
11517,1,6,3,,distance,levenshtein,0.26635217666625977,0.225,1.0,0.3673469387755102,3,success,
6886,1,3,6,,distance,levenshtein,21.185590982437134,0.24242424242424243,0.8888888888888888,0.38095238095238093,6,success,
11517,1,6,4,,distance,levenshtein,0.7860410213470459,0.21951219512195122,1.0,0.36,4,success,
33653,1,4,7,,distance,levenshtein,3.0759661197662354,0.24324324324324326,1.0,0.391304347826087,7,success,
39871,1,3,5,,distance,levenshtein,8.18105411529541,0.28125,1.0,0.43902439024390244,5,success,
9471,1,4,4,,distance,levenshtein,4.726649045944214,0.22857142857142856,0.8888888888888888,0.36363636363636365,4,success,
37843,1,4,9,,distance,levenshtein,7.5509679317474365,0.28125,1.0,0.43902439024390244,9,success,
11517,1,6,5,,distance,levenshtein,1.4698350429534912,0.21951219512195122,1.0,0.36,5,success,
26253,1,4,7,,distance,levenshtein,4.872044801712036,0.2647058823529412,1.0,0.4186046511627907,7,success,
51338,1,4,9,,distance,levenshtein,6.356230020523071,0.21951219512195122,1.0,0.36,9,success,
6886,1,3,7,,distance,levenshtein,2.8514230251312256,0.2647058823529412,1.0,0.4186046511627907,7,success,
28998,1,5,4,,distance,levenshtein,28.52863097190857,0.36,1.0,0.5294117647058824,4,success,
31055,1,2,4,,distance,levenshtein,160.75424718856812,0.25,1.0,0.4,4,success,
11517,1,6,6,,distance,levenshtein,2.557155132293701,0.225,1.0,0.3673469387755102,6,success,
6886,1,3,8,,distance,levenshtein,1.9789378643035889,0.2571428571428571,1.0,0.4090909090909091,8,success,
33653,1,4,8,,distance,levenshtein,4.808002948760986,0.24324324324324326,1.0,0.391304347826087,8,success,
12153,1,4,10,,distance,levenshtein,7.374490022659302,0.23684210526315788,1.0,0.3829787234042553,10,success,
51338,1,4,10,,distance,levenshtein,2.599799871444702,0.21951219512195122,1.0,0.36,10,success,
12153,1,5,2,,distance,levenshtein,0.17148494720458984,0.0,0.0,0.0,2,success,
51338,1,5,2,,distance,levenshtein,0.17421889305114746,0.0,0.0,0.0,2,success,
37843,1,4,10,,distance,levenshtein,4.939846992492676,0.25806451612903225,0.8888888888888888,0.4,10,success,
37843,1,5,2,,distance,levenshtein,0.6017410755157471,0.0,0.0,0.0,2,success,
84787,1,5,9,,distance,levenshtein,11.106257915496826,0.2571428571428571,1.0,0.4090909090909091,9,success,
12153,1,5,3,,distance,levenshtein,2.2837131023406982,0.23684210526315788,1.0,0.3829787234042553,3,success,
51338,1,5,3,,distance,levenshtein,2.167311906814575,0.21951219512195122,1.0,0.36,3,success,
26253,1,4,8,,distance,levenshtein,6.310823917388916,0.2571428571428571,1.0,0.4090909090909091,8,success,
6886,1,3,9,,distance,levenshtein,3.625396966934204,0.2571428571428571,1.0,0.4090909090909091,9,success,
45,1,2,10,,distance,levenshtein,10.28788685798645,0.23076923076923078,1.0,0.375,10,success,
45,1,3,2,,distance,levenshtein,0.14124488830566406,0.0,0.0,0.0,2,success,
31055,1,2,5,,distance,levenshtein,5.819406032562256,0.25,1.0,0.4,5,success,
45,1,3,3,,distance,levenshtein,0.8467769622802734,0.23076923076923078,1.0,0.375,3,success,
33653,1,4,9,,distance,levenshtein,5.256440162658691,0.24324324324324326,1.0,0.391304347826087,9,success,
45,1,3,4,,distance,levenshtein,0.9961390495300293,0.23684210526315788,1.0,0.3829787234042553,4,success,
12153,1,5,4,,distance,levenshtein,3.50679612159729,0.23684210526315788,1.0,0.3829787234042553,4,success,
37843,1,5,3,,distance,levenshtein,5.332075119018555,0.28125,1.0,0.43902439024390244,3,success,
32584,1,3,6,,distance,levenshtein,26.911679983139038,0.225,1.0,0.3673469387755102,6,success,
33653,1,4,10,,distance,levenshtein,2.433488130569458,0.24324324324324326,1.0,0.391304347826087,10,success,
84787,1,5,10,,distance,levenshtein,5.98627495765686,0.25,1.0,0.4,10,success,
84787,1,6,2,,distance,levenshtein,0.07988810539245605,0.2647058823529412,1.0,0.4186046511627907,2,success,
33653,1,5,2,,distance,levenshtein,0.5170907974243164,0.0,0.0,0.0,2,success,
6886,1,3,10,,distance,levenshtein,5.041343927383423,0.2571428571428571,1.0,0.4090909090909091,10,success,
84787,1,6,3,,distance,levenshtein,0.3460409641265869,0.2571428571428571,1.0,0.4090909090909091,3,success,
26253,1,4,9,,distance,levenshtein,5.862237930297852,0.2571428571428571,1.0,0.4090909090909091,9,success,
6886,1,4,2,,distance,levenshtein,0.2618889808654785,0.0,0.0,0.0,2,success,
84787,1,6,4,,distance,levenshtein,0.7030448913574219,0.2571428571428571,1.0,0.4090909090909091,4,success,
32584,1,3,7,,distance,levenshtein,2.1812589168548584,0.225,1.0,0.3673469387755102,7,success,
68503,1,2,9,,distance,levenshtein,22.05824112892151,0.2727272727272727,1.0,0.42857142857142855,9,success,
31055,1,2,6,,distance,levenshtein,7.1575000286102295,0.25,1.0,0.4,6,success,
9471,1,4,5,,distance,levenshtein,16.52021288871765,0.25,1.0,0.4,5,success,
11517,1,6,7,,distance,levenshtein,13.38137698173523,0.21951219512195122,1.0,0.36,7,success,
33653,1,5,3,,distance,levenshtein,3.7384798526763916,0.24324324324324326,1.0,0.391304347826087,3,success,
84787,1,6,5,,distance,levenshtein,3.807023048400879,0.25,1.0,0.4,5,success,
32584,1,3,8,,distance,levenshtein,3.059077024459839,0.225,1.0,0.3673469387755102,8,success,
51338,1,5,4,,distance,levenshtein,11.847805976867676,0.21951219512195122,1.0,0.36,4,success,
6886,1,4,3,,distance,levenshtein,5.789130926132202,0.2571428571428571,1.0,0.4090909090909091,3,success,
45,1,3,5,,distance,levenshtein,9.163830995559692,0.23076923076923078,1.0,0.375,5,success,
9471,1,4,6,,distance,levenshtein,3.122127056121826,0.2571428571428571,1.0,0.4090909090909091,6,success,
3075,1,2,4,,distance,levenshtein,195.14786505699158,0.23684210526315788,1.0,0.3829787234042553,4,success,
15852,1,2,10,,distance,levenshtein,27.75765109062195,0.21428571428571427,1.0,0.35294117647058826,10,success,
15852,1,3,2,,distance,levenshtein,0.0817418098449707,0.13559322033898305,0.8888888888888888,0.23529411764705882,2,success,
9471,1,4,7,,distance,levenshtein,0.8170008659362793,0.2571428571428571,1.0,0.4090909090909091,7,success,
32584,1,3,9,,distance,levenshtein,2.5384480953216553,0.225,1.0,0.3673469387755102,9,success,
15852,1,3,3,,distance,levenshtein,0.8819530010223389,0.21951219512195122,1.0,0.36,3,success,
93884,1,3,7,,distance,levenshtein,25.697769165039062,0.391304347826087,1.0,0.5625,7,success,
84787,1,6,6,,distance,levenshtein,4.132840156555176,0.25,1.0,0.4,6,success,
63198,1,4,7,,distance,levenshtein,49.93743300437927,0.23684210526315788,1.0,0.3829787234042553,7,success,
93884,1,3,8,,distance,levenshtein,1.708846092224121,0.391304347826087,1.0,0.5625,8,success,
26253,1,4,10,,distance,levenshtein,9.753121852874756,0.2647058823529412,1.0,0.4186046511627907,10,success,
63198,1,4,8,,distance,levenshtein,1.1155691146850586,0.24324324324324326,1.0,0.391304347826087,8,success,
26253,1,5,2,,distance,levenshtein,0.47698187828063965,0.0,0.0,0.0,2,success,
89095,1,4,5,,distance,levenshtein,28.571699142456055,0.23684210526315788,1.0,0.3829787234042553,5,success,
9471,1,4,8,,distance,levenshtein,4.288834810256958,0.25,1.0,0.4,8,success,
63198,1,4,9,,distance,levenshtein,1.2577288150787354,0.24324324324324326,1.0,0.391304347826087,9,success,
58656,1,2,4,,distance,levenshtein,145.42038893699646,0.25,1.0,0.4,4,success,
93884,1,3,9,,distance,levenshtein,2.007808208465576,0.391304347826087,1.0,0.5625,9,success,
12153,1,5,5,,distance,levenshtein,15.56901502609253,0.23684210526315788,1.0,0.3829787234042553,5,success,
89095,1,4,6,,distance,levenshtein,1.0845580101013184,0.23684210526315788,1.0,0.3829787234042553,6,success,
15852,1,3,4,,distance,levenshtein,5.143424987792969,0.21951219512195122,1.0,0.36,4,success,
26253,1,5,3,,distance,levenshtein,2.7182509899139404,0.2571428571428571,1.0,0.4090909090909091,3,success,
32584,1,3,10,,distance,levenshtein,6.226063013076782,0.225,1.0,0.3673469387755102,10,success,
32584,1,4,2,,distance,levenshtein,0.20969796180725098,0.0,0.0,0.0,2,success,
89095,1,4,7,,distance,levenshtein,3.019170045852661,0.23684210526315788,1.0,0.3829787234042553,7,success,
93884,1,3,10,,distance,levenshtein,3.5755608081817627,0.391304347826087,1.0,0.5625,10,success,
93884,1,4,2,,distance,levenshtein,0.2537691593170166,0.0,0.0,0.0,2,success,
63198,1,4,10,,distance,levenshtein,4.61109185218811,0.24324324324324326,1.0,0.391304347826087,10,success,
58656,1,2,5,,distance,levenshtein,4.663136959075928,0.24324324324324326,1.0,0.391304347826087,5,success,
63198,1,5,2,,distance,levenshtein,0.09573101997375488,0.0,0.0,0.0,2,success,
63198,1,5,3,,distance,levenshtein,0.6981120109558105,0.23684210526315788,1.0,0.3829787234042553,3,success,
9471,1,4,9,,distance,levenshtein,6.471803903579712,0.25,1.0,0.4,9,success,
39871,1,3,6,,distance,levenshtein,32.72248601913452,0.28125,1.0,0.43902439024390244,6,success,
93884,1,4,3,,distance,levenshtein,1.933485984802246,0.391304347826087,1.0,0.5625,3,success,
45,1,3,6,,distance,levenshtein,13.065042972564697,0.23076923076923078,1.0,0.375,6,success,
162,1,4,6,,distance,levenshtein,35.10644507408142,0.2727272727272727,1.0,0.42857142857142855,6,success,
31055,1,2,7,,distance,levenshtein,16.763195991516113,0.25,1.0,0.4,7,success,
63198,1,5,4,,distance,levenshtein,1.9239869117736816,0.18181818181818182,0.6666666666666666,0.2857142857142857,4,success,
89095,1,4,8,,distance,levenshtein,3.8035731315612793,0.23684210526315788,1.0,0.3829787234042553,8,success,
58656,1,2,6,,distance,levenshtein,3.9878158569335938,0.24324324324324326,1.0,0.391304347826087,6,success,
32584,1,4,3,,distance,levenshtein,6.878993034362793,0.225,1.0,0.3673469387755102,3,success,
84787,1,6,7,,distance,levenshtein,12.619473934173584,0.25,1.0,0.4,7,success,
45,1,3,7,,distance,levenshtein,2.1095380783081055,0.23076923076923078,1.0,0.375,7,success,
84787,1,6,8,,distance,levenshtein,0.6547791957855225,0.25,1.0,0.4,8,success,
45,1,3,8,,distance,levenshtein,1.0516200065612793,0.21621621621621623,0.8888888888888888,0.34782608695652173,8,success,
162,1,4,7,,distance,levenshtein,3.416438102722168,0.2727272727272727,1.0,0.42857142857142855,7,success,
84787,1,6,9,,distance,levenshtein,0.3174440860748291,0.25,1.0,0.4,9,success,
39871,1,3,7,,distance,levenshtein,4.308351039886475,0.28125,1.0,0.43902439024390244,7,success,
9471,1,4,10,,distance,levenshtein,5.338174104690552,0.22857142857142856,0.8888888888888888,0.36363636363636365,10,success,
93884,1,4,4,,distance,levenshtein,5.405637979507446,0.391304347826087,1.0,0.5625,4,success,
89095,1,4,9,,distance,levenshtein,3.8478810787200928,0.23684210526315788,1.0,0.3829787234042553,9,success,
9471,1,5,2,,distance,levenshtein,0.20553302764892578,0.0,0.0,0.0,2,success,
45,1,3,9,,distance,levenshtein,1.7729690074920654,0.21621621621621623,0.8888888888888888,0.34782608695652173,9,success,
3075,1,2,5,,distance,levenshtein,18.789933919906616,0.23684210526315788,1.0,0.3829787234042553,5,success,
84787,1,6,10,,distance,levenshtein,2.1733460426330566,0.25,1.0,0.4,10,success,
39871,1,3,8,,distance,levenshtein,2.0409369468688965,0.28125,1.0,0.43902439024390244,8,success,
84787,2,0,2,,distance,levenshtein,0.7690300941467285,0.2903225806451613,1.0,0.45,2,success,
162,1,4,8,,distance,levenshtein,4.034041881561279,0.2727272727272727,1.0,0.42857142857142855,8,success,
9471,1,5,3,,distance,levenshtein,2.775156021118164,0.25,1.0,0.4,3,success,
15852,1,3,5,,distance,levenshtein,14.577316999435425,0.21428571428571427,1.0,0.35294117647058826,5,success,
93884,1,4,5,,distance,levenshtein,3.959639072418213,0.391304347826087,1.0,0.5625,5,success,
6886,1,4,4,,distance,levenshtein,22.856127977371216,0.2571428571428571,1.0,0.4090909090909091,4,success,
45,1,3,10,,distance,levenshtein,4.089332103729248,0.23076923076923078,1.0,0.375,10,success,
45,1,4,2,,distance,levenshtein,0.18358087539672852,0.0,0.0,0.0,2,success,
93884,1,4,6,,distance,levenshtein,0.9077768325805664,0.391304347826087,1.0,0.5625,6,success,
51338,1,5,5,,distance,levenshtein,24.642530918121338,0.21951219512195122,1.0,0.36,5,success,
39871,1,3,9,,distance,levenshtein,4.301222085952759,0.28125,1.0,0.43902439024390244,9,success,
6886,1,4,5,,distance,levenshtein,2.0344760417938232,0.2647058823529412,1.0,0.4186046511627907,5,success,
89095,1,4,10,,distance,levenshtein,6.379270076751709,0.24324324324324326,1.0,0.391304347826087,10,success,
89095,1,5,2,,distance,levenshtein,0.3813211917877197,0.0,0.0,0.0,2,success,
162,1,4,9,,distance,levenshtein,4.266755104064941,0.2727272727272727,1.0,0.42857142857142855,9,success,
51338,1,5,6,,distance,levenshtein,1.516597032546997,0.21951219512195122,1.0,0.36,6,success,
6886,1,4,6,,distance,levenshtein,1.288909912109375,0.2571428571428571,1.0,0.4090909090909091,6,success,
39871,1,3,10,,distance,levenshtein,2.3615081310272217,0.28125,1.0,0.43902439024390244,10,success,
9471,1,5,4,,distance,levenshtein,5.511425018310547,0.25,1.0,0.4,4,success,
63198,1,5,5,,distance,levenshtein,13.251024961471558,0.23684210526315788,1.0,0.3829787234042553,5,success,
39871,1,4,2,,distance,levenshtein,0.2214369773864746,0.0,0.0,0.0,2,success,
51338,1,5,7,,distance,levenshtein,2.7160699367523193,0.225,1.0,0.3673469387755102,7,success,
45,1,4,3,,distance,levenshtein,5.623589992523193,0.23076923076923078,1.0,0.375,3,success,
31055,1,2,8,,distance,levenshtein,15.51709794998169,0.25,1.0,0.4,8,success,
3075,1,2,6,,distance,levenshtein,10.426085948944092,0.23684210526315788,1.0,0.3829787234042553,6,success,
39871,1,4,3,,distance,levenshtein,2.538778781890869,0.28125,1.0,0.43902439024390244,3,success,
162,1,4,10,,distance,levenshtein,4.368326902389526,0.28125,1.0,0.43902439024390244,10,success,
89095,1,5,3,,distance,levenshtein,4.722348928451538,0.23684210526315788,1.0,0.3829787234042553,3,success,
162,1,5,2,,distance,levenshtein,0.2274799346923828,0.0,0.0,0.0,2,success,
32584,1,4,4,,distance,levenshtein,16.64381694793701,0.225,1.0,0.3673469387755102,4,success,
162,1,5,3,,distance,levenshtein,2.072291851043701,0.28125,1.0,0.43902439024390244,3,success,
93884,1,4,7,,distance,levenshtein,9.26342487335205,0.391304347826087,1.0,0.5625,7,success,
6886,1,4,7,,distance,levenshtein,6.71149206161499,0.2571428571428571,1.0,0.4090909090909091,7,success,
88322,1,2,5,,distance,levenshtein,89.18691897392273,0.24242424242424243,0.8888888888888888,0.38095238095238093,5,success,
51338,1,5,8,,distance,levenshtein,5.302865028381348,0.21951219512195122,1.0,0.36,8,success,
3075,1,2,7,,distance,levenshtein,5.583359956741333,0.23684210526315788,1.0,0.3829787234042553,7,success,
33653,1,5,4,,distance,levenshtein,38.55982494354248,0.24324324324324326,1.0,0.391304347826087,4,success,
51338,1,5,9,,distance,levenshtein,4.079293966293335,0.225,1.0,0.3673469387755102,9,success,
45,1,4,4,,distance,levenshtein,9.70089602470398,0.23076923076923078,1.0,0.375,4,success,
11517,1,6,8,,distance,levenshtein,42.413411140441895,0.23076923076923078,1.0,0.375,8,success,
11517,1,6,9,,distance,levenshtein,0.46829891204833984,0.225,1.0,0.3673469387755102,9,success,
31055,1,2,9,,distance,levenshtein,10.025591850280762,0.25,1.0,0.4,9,success,
11517,1,6,10,,distance,levenshtein,1.2629070281982422,0.23076923076923078,1.0,0.375,10,success,
88322,1,2,6,,distance,levenshtein,7.4878809452056885,0.21875,0.7777777777777778,0.34146341463414637,6,success,
93884,1,4,8,,distance,levenshtein,8.781376838684082,0.391304347826087,1.0,0.5625,8,success,
39871,1,4,4,,distance,levenshtein,12.557071924209595,0.28125,1.0,0.43902439024390244,4,success,
11517,2,0,2,,distance,levenshtein,1.1356990337371826,0.24324324324324326,1.0,0.391304347826087,2,success,
15852,1,3,6,,distance,levenshtein,22.145143032073975,0.21428571428571427,1.0,0.35294117647058826,6,success,
58656,1,2,7,,distance,levenshtein,29.351280212402344,0.24324324324324326,1.0,0.391304347826087,7,success,
6886,1,4,8,,distance,levenshtein,11.591509103775024,0.2571428571428571,1.0,0.4090909090909091,8,success,
15852,1,3,7,,distance,levenshtein,2.4215970039367676,0.21428571428571427,1.0,0.35294117647058826,7,success,
88322,1,2,7,,distance,levenshtein,5.51619291305542,0.21875,0.7777777777777778,0.34146341463414637,7,success,
51338,1,5,10,,distance,levenshtein,8.677927017211914,0.21951219512195122,1.0,0.36,10,success,
51338,1,6,2,,distance,levenshtein,0.19057011604309082,0.0,0.0,0.0,2,success,
51338,1,6,3,,distance,levenshtein,0.9466290473937988,0.21951219512195122,1.0,0.36,3,success,
93884,1,4,9,,distance,levenshtein,6.776216983795166,0.391304347826087,1.0,0.5625,9,success,
15852,1,3,8,,distance,levenshtein,4.014863967895508,0.21951219512195122,1.0,0.36,8,success,
63198,1,5,6,,distance,levenshtein,24.337223052978516,0.24324324324324326,1.0,0.391304347826087,6,success,
37843,1,5,4,,distance,levenshtein,61.574758768081665,0.28125,1.0,0.43902439024390244,4,success,
68503,1,2,10,,distance,levenshtein,58.374974966049194,0.2727272727272727,1.0,0.42857142857142855,10,success,
68503,1,3,2,,distance,levenshtein,0.22487592697143555,0.0,0.0,0.0,2,success,
51338,1,6,4,,distance,levenshtein,5.600462913513184,0.225,1.0,0.3673469387755102,4,success,
15852,1,3,9,,distance,levenshtein,3.993575096130371,0.21428571428571427,1.0,0.35294117647058826,9,success,
58656,1,2,8,,distance,levenshtein,10.441500902175903,0.24324324324324326,1.0,0.391304347826087,8,success,
162,1,5,4,,distance,levenshtein,22.901894092559814,0.28125,1.0,0.43902439024390244,4,success,
89095,1,5,4,,distance,levenshtein,25.537127017974854,0.24324324324324326,1.0,0.391304347826087,4,success,
89095,1,5,5,,distance,levenshtein,0.8614420890808105,0.23684210526315788,1.0,0.3829787234042553,5,success,
68503,1,3,3,,distance,levenshtein,2.7429189682006836,0.2727272727272727,1.0,0.42857142857142855,3,success,
28998,1,5,5,,distance,levenshtein,76.14395689964294,0.36,1.0,0.5294117647058824,5,success,
37843,1,5,5,,distance,levenshtein,5.652228116989136,0.28125,1.0,0.43902439024390244,5,success,
26253,1,5,4,,distance,levenshtein,52.021135091781616,0.2571428571428571,1.0,0.4090909090909091,4,success,
93884,1,4,10,,distance,levenshtein,9.806114912033081,0.391304347826087,1.0,0.5625,10,success,
93884,1,5,2,,distance,levenshtein,0.17319893836975098,0.0,0.0,0.0,2,success,
15852,1,3,10,,distance,levenshtein,4.714798212051392,0.21428571428571427,1.0,0.35294117647058826,10,success,
68503,1,3,4,,distance,levenshtein,2.5645298957824707,0.2727272727272727,1.0,0.42857142857142855,4,success,
15852,1,4,2,,distance,levenshtein,0.15561699867248535,0.0,0.0,0.0,2,success,
93884,1,5,3,,distance,levenshtein,1.3613569736480713,0.391304347826087,1.0,0.5625,3,success,
15852,1,4,3,,distance,levenshtein,1.5115151405334473,0.21428571428571427,1.0,0.35294117647058826,3,success,
51338,1,6,5,,distance,levenshtein,7.550418138504028,0.21951219512195122,1.0,0.36,5,success,
89095,1,5,6,,distance,levenshtein,5.262805938720703,0.23684210526315788,1.0,0.3829787234042553,6,success,
26253,1,5,5,,distance,levenshtein,3.970705032348633,0.2571428571428571,1.0,0.4090909090909091,5,success,
51338,1,6,6,,distance,levenshtein,2.3011980056762695,0.21951219512195122,1.0,0.36,6,success,
28998,1,5,6,,distance,levenshtein,6.150544881820679,0.3333333333333333,0.8888888888888888,0.48484848484848486,6,success,
9471,1,5,5,,distance,levenshtein,38.494357109069824,0.25,1.0,0.4,5,success,
93884,1,5,4,,distance,levenshtein,4.44078803062439,0.391304347826087,1.0,0.5625,4,success,
51338,1,6,7,,distance,levenshtein,0.946220874786377,0.21951219512195122,1.0,0.36,7,success,
37843,1,5,6,,distance,levenshtein,7.061884164810181,0.2903225806451613,1.0,0.45,6,success,
32584,1,4,5,,distance,levenshtein,35.50739097595215,0.225,1.0,0.3673469387755102,5,success,
9471,1,5,6,,distance,levenshtein,1.9408471584320068,0.25,1.0,0.4,6,success,
51338,1,6,8,,distance,levenshtein,1.9266819953918457,0.2,0.8888888888888888,0.32653061224489793,8,success,
37843,1,5,7,,distance,levenshtein,2.0177719593048096,0.28125,1.0,0.43902439024390244,7,success,
28998,1,5,7,,distance,levenshtein,3.4507548809051514,0.36,1.0,0.5294117647058824,7,success,
26253,1,5,6,,distance,levenshtein,5.067401170730591,0.2647058823529412,1.0,0.4186046511627907,6,success,
89095,1,5,7,,distance,levenshtein,6.092164993286133,0.23684210526315788,1.0,0.3829787234042553,7,success,
88322,1,2,8,,distance,levenshtein,22.055869817733765,0.24242424242424243,0.8888888888888888,0.38095238095238093,8,success,
15852,1,4,4,,distance,levenshtein,8.477125883102417,0.21951219512195122,1.0,0.36,4,success,
51338,1,6,9,,distance,levenshtein,1.8864660263061523,0.21951219512195122,1.0,0.36,9,success,
89095,1,5,8,,distance,levenshtein,2.0827229022979736,0.23684210526315788,1.0,0.3829787234042553,8,success,
51338,1,6,10,,distance,levenshtein,0.8529770374298096,0.21951219512195122,1.0,0.36,10,success,
6886,1,4,9,,distance,levenshtein,26.337711095809937,0.2647058823529412,1.0,0.4186046511627907,9,success,
26253,1,5,7,,distance,levenshtein,2.777329206466675,0.2647058823529412,1.0,0.4186046511627907,7,success,
9471,1,5,7,,distance,levenshtein,4.904803991317749,0.25,1.0,0.4,7,success,
51338,2,0,2,,distance,levenshtein,1.409013032913208,0.1232876712328767,1.0,0.21951219512195122,2,success,
88322,1,2,9,,distance,levenshtein,3.0133371353149414,0.24242424242424243,0.8888888888888888,0.38095238095238093,9,success,
28998,1,5,8,,distance,levenshtein,5.052522897720337,0.36,1.0,0.5294117647058824,8,success,
89095,1,5,9,,distance,levenshtein,3.772885799407959,0.23684210526315788,1.0,0.3829787234042553,9,success,
93884,1,5,5,,distance,levenshtein,10.096325159072876,0.391304347826087,1.0,0.5625,5,success,
32584,1,4,6,,distance,levenshtein,9.179152011871338,0.225,1.0,0.3673469387755102,6,success,
9471,1,5,8,,distance,levenshtein,4.104147911071777,0.25,1.0,0.4,8,success,
68503,1,3,5,,distance,levenshtein,18.135991096496582,0.2727272727272727,1.0,0.42857142857142855,5,success,
63198,1,5,7,,distance,levenshtein,27.668346881866455,0.17647058823529413,0.6666666666666666,0.27906976744186046,7,success,
63198,1,5,8,,distance,levenshtein,1.253174066543579,0.17142857142857143,0.6666666666666666,0.2727272727272727,8,success,
68503,1,3,6,,distance,levenshtein,2.283396005630493,0.2727272727272727,1.0,0.42857142857142855,6,success,
93884,1,5,6,,distance,levenshtein,6.393103837966919,0.391304347826087,1.0,0.5625,6,success,
6886,1,4,10,,distance,levenshtein,10.38254189491272,0.2571428571428571,1.0,0.4090909090909091,10,success,
6886,1,5,2,,distance,levenshtein,0.274860143661499,0.0,0.0,0.0,2,success,
63198,1,5,9,,distance,levenshtein,2.542948007583618,0.24324324324324326,1.0,0.391304347826087,9,success,
32584,1,4,7,,distance,levenshtein,6.425507068634033,0.225,1.0,0.3673469387755102,7,success,
37843,1,5,8,,distance,levenshtein,14.830384969711304,0.28125,1.0,0.43902439024390244,8,success,
3075,1,2,8,,distance,levenshtein,48.82695412635803,0.23684210526315788,1.0,0.3829787234042553,8,success,
28998,1,5,9,,distance,levenshtein,10.774363040924072,0.36,1.0,0.5294117647058824,9,success,
68503,1,3,7,,distance,levenshtein,4.327166795730591,0.2727272727272727,1.0,0.42857142857142855,7,success,
45,1,4,5,,distance,levenshtein,46.825417041778564,0.23684210526315788,1.0,0.3829787234042553,5,success,
6886,1,5,3,,distance,levenshtein,2.5871191024780273,0.2571428571428571,1.0,0.4090909090909091,3,success,
63198,1,5,10,,distance,levenshtein,2.1667990684509277,0.17142857142857143,0.6666666666666666,0.2727272727272727,10,success,
63198,1,6,2,,distance,levenshtein,0.04640388488769531,0.25,1.0,0.4,2,success,
26253,1,5,8,,distance,levenshtein,13.991009950637817,0.2571428571428571,1.0,0.4090909090909091,8,success,
63198,1,6,3,,distance,levenshtein,0.33229589462280273,0.24324324324324326,1.0,0.391304347826087,3,success,
9471,1,5,9,,distance,levenshtein,9.651983976364136,0.2571428571428571,1.0,0.4090909090909091,9,success,
45,1,4,6,,distance,levenshtein,1.6901769638061523,0.23076923076923078,1.0,0.375,6,success,
63198,1,6,4,,distance,levenshtein,0.9446530342102051,0.23684210526315788,1.0,0.3829787234042553,4,success,
63198,1,6,5,,distance,levenshtein,0.5303828716278076,0.24324324324324326,1.0,0.391304347826087,5,success,
68503,1,3,8,,distance,levenshtein,4.277578115463257,0.2727272727272727,1.0,0.42857142857142855,8,success,
26253,1,5,9,,distance,levenshtein,3.374953031539917,0.2571428571428571,1.0,0.4090909090909091,9,success,
9471,1,5,10,,distance,levenshtein,4.677168130874634,0.25,1.0,0.4,10,success,
37843,1,5,9,,distance,levenshtein,8.198046922683716,0.28125,1.0,0.43902439024390244,9,success,
9471,1,6,2,,distance,levenshtein,0.17673492431640625,0.2571428571428571,1.0,0.4090909090909091,2,success,
45,1,4,7,,distance,levenshtein,4.906800985336304,0.23076923076923078,1.0,0.375,7,success,
6886,1,5,4,,distance,levenshtein,7.031590938568115,0.2571428571428571,1.0,0.4090909090909091,4,success,
39871,1,4,5,,distance,levenshtein,51.28178000450134,0.28125,1.0,0.43902439024390244,5,success,
9471,1,6,3,,distance,levenshtein,1.4543859958648682,0.2571428571428571,1.0,0.4090909090909091,3,success,
39871,1,4,6,,distance,levenshtein,1.9818620681762695,0.28125,1.0,0.43902439024390244,6,success,
68503,1,3,9,,distance,levenshtein,6.365706920623779,0.28125,1.0,0.43902439024390244,9,success,
32584,1,4,8,,distance,levenshtein,13.062595129013062,0.225,1.0,0.3673469387755102,8,success,
39871,1,4,7,,distance,levenshtein,2.607966899871826,0.28125,1.0,0.43902439024390244,7,success,
55151,1,2,4,,distance,levenshtein,299.5614869594574,0.25,1.0,0.4,4,success,
9471,1,6,4,,distance,levenshtein,5.7439210414886475,0.25,1.0,0.4,4,success,
68503,1,3,10,,distance,levenshtein,3.2914130687713623,0.2727272727272727,1.0,0.42857142857142855,10,success,
68503,1,4,2,,distance,levenshtein,0.23525285720825195,0.0,0.0,0.0,2,success,
45,1,4,8,,distance,levenshtein,7.9977569580078125,0.23684210526315788,1.0,0.3829787234042553,8,success,
63198,1,6,6,,distance,levenshtein,13.617321014404297,0.24324324324324326,1.0,0.391304347826087,6,success,
28998,1,5,10,,distance,levenshtein,16.728962898254395,0.375,1.0,0.5454545454545454,10,success,
28998,1,6,2,,distance,levenshtein,0.22214913368225098,0.0,0.0,0.0,2,success,
68503,1,4,3,,distance,levenshtein,2.609187126159668,0.2727272727272727,1.0,0.42857142857142855,3,success,
31055,1,2,10,,distance,levenshtein,63.88815498352051,0.25,1.0,0.4,10,success,
31055,1,3,2,,distance,levenshtein,0.13584399223327637,0.0,0.0,0.0,2,success,
15852,1,4,5,,distance,levenshtein,34.16426205635071,0.21428571428571427,1.0,0.35294117647058826,5,success,
3075,1,2,9,,distance,levenshtein,19.618730068206787,0.23684210526315788,1.0,0.3829787234042553,9,success,
28998,1,6,3,,distance,levenshtein,1.8159589767456055,0.36,1.0,0.5294117647058824,3,success,
162,1,5,5,,distance,levenshtein,48.855340003967285,0.2727272727272727,1.0,0.42857142857142855,5,success,
93884,1,5,7,,distance,levenshtein,22.19045400619507,0.391304347826087,1.0,0.5625,7,success,
39871,1,4,8,,distance,levenshtein,6.160017013549805,0.28125,1.0,0.43902439024390244,8,success,
31055,1,3,3,,distance,levenshtein,0.9627070426940918,0.25,1.0,0.4,3,success,
12153,1,5,6,,distance,levenshtein,99.29432201385498,0.23684210526315788,1.0,0.3829787234042553,6,success,
55151,1,2,5,,distance,levenshtein,6.147895812988281,0.25,1.0,0.4,5,success,
45,1,4,9,,distance,levenshtein,4.4343578815460205,0.23684210526315788,1.0,0.3829787234042553,9,success,
32584,1,4,9,,distance,levenshtein,8.466717958450317,0.225,1.0,0.3673469387755102,9,success,
37843,1,5,10,,distance,levenshtein,13.359989881515503,0.28125,1.0,0.43902439024390244,10,success,
37843,1,6,2,,distance,levenshtein,0.13269519805908203,0.3,1.0,0.46153846153846156,2,success,
9471,1,6,5,,distance,levenshtein,6.573261976242065,0.23529411764705882,0.8888888888888888,0.37209302325581395,5,success,
15852,1,4,6,,distance,levenshtein,2.117011070251465,0.21428571428571427,1.0,0.35294117647058826,6,success,
162,1,5,6,,distance,levenshtein,2.318397045135498,0.28125,1.0,0.43902439024390244,6,success,
6886,1,5,5,,distance,levenshtein,14.271464824676514,0.24242424242424243,0.8888888888888888,0.38095238095238093,5,success,
37843,1,6,3,,distance,levenshtein,0.8687229156494141,0.28125,1.0,0.43902439024390244,3,success,
31055,1,3,4,,distance,levenshtein,2.0450029373168945,0.25,1.0,0.4,4,success,
93884,1,5,8,,distance,levenshtein,3.137712001800537,0.391304347826087,1.0,0.5625,8,success,
28998,1,6,4,,distance,levenshtein,3.556334972381592,0.36,1.0,0.5294117647058824,4,success,
9471,1,6,6,,distance,levenshtein,2.4300191402435303,0.2571428571428571,1.0,0.4090909090909091,6,success,
12153,1,5,7,,distance,levenshtein,3.7200849056243896,0.24324324324324326,1.0,0.391304347826087,7,success,
6886,1,5,6,,distance,levenshtein,2.100308895111084,0.2571428571428571,1.0,0.4090909090909091,6,success,
15852,1,4,7,,distance,levenshtein,3.8831918239593506,0.21951219512195122,1.0,0.36,7,success,
31055,1,3,5,,distance,levenshtein,3.4145140647888184,0.25,1.0,0.4,5,success,
93884,1,5,9,,distance,levenshtein,2.888093948364258,0.391304347826087,1.0,0.5625,9,success,
9471,1,6,7,,distance,levenshtein,2.130894184112549,0.23529411764705882,0.8888888888888888,0.37209302325581395,7,success,
37843,1,6,4,,distance,levenshtein,4.260646820068359,0.2903225806451613,1.0,0.45,4,success,
15852,1,4,8,,distance,levenshtein,0.6509699821472168,0.21428571428571427,1.0,0.35294117647058826,8,success,
63198,1,6,7,,distance,levenshtein,10.224930047988892,0.24324324324324326,1.0,0.391304347826087,7,success,
89095,1,5,10,,distance,levenshtein,36.75546908378601,0.23684210526315788,1.0,0.3829787234042553,10,success,
12153,1,5,8,,distance,levenshtein,2.9423718452453613,0.23684210526315788,1.0,0.3829787234042553,8,success,
68503,1,4,4,,distance,levenshtein,9.423763036727905,0.2727272727272727,1.0,0.42857142857142855,4,success,
89095,1,6,2,,distance,levenshtein,0.1550590991973877,0.25,1.0,0.4,2,success,
55151,1,2,6,,distance,levenshtein,8.192077159881592,0.25,1.0,0.4,6,success,
9471,1,6,8,,distance,levenshtein,2.6653060913085938,0.23529411764705882,0.8888888888888888,0.37209302325581395,8,success,
162,1,5,7,,distance,levenshtein,7.010727167129517,0.2727272727272727,1.0,0.42857142857142855,7,success,
89095,1,6,3,,distance,levenshtein,1.5745689868927002,0.24324324324324326,1.0,0.391304347826087,3,success,
6886,1,5,7,,distance,levenshtein,5.619243144989014,0.2647058823529412,1.0,0.4186046511627907,7,success,
45,1,4,10,,distance,levenshtein,9.839102983474731,0.23076923076923078,1.0,0.375,10,success,
9471,1,6,9,,distance,levenshtein,1.4209749698638916,0.25,1.0,0.4,9,success,
88322,1,2,10,,distance,levenshtein,42.388383865356445,0.24242424242424243,0.8888888888888888,0.38095238095238093,10,success,
45,1,5,2,,distance,levenshtein,0.21419596672058105,0.0,0.0,0.0,2,success,
12153,1,5,9,,distance,levenshtein,3.2622029781341553,0.23684210526315788,1.0,0.3829787234042553,9,success,
88322,1,3,2,,distance,levenshtein,0.13472199440002441,0.0,0.0,0.0,2,success,
28998,1,6,5,,distance,levenshtein,8.23501181602478,0.375,1.0,0.5454545454545454,5,success,
88322,1,3,3,,distance,levenshtein,0.4903130531311035,0.2647058823529412,1.0,0.4186046511627907,3,success,
93884,1,5,10,,distance,levenshtein,5.3526880741119385,0.391304347826087,1.0,0.5625,10,success,
93884,1,6,2,,distance,levenshtein,0.13102412223815918,0.0,0.0,0.0,2,success,
39871,1,4,9,,distance,levenshtein,11.911749839782715,0.28125,1.0,0.43902439024390244,9,success,
28998,1,6,6,,distance,levenshtein,0.8851020336151123,0.36,1.0,0.5294117647058824,6,success,
15852,1,4,9,,distance,levenshtein,5.576478004455566,0.21428571428571427,1.0,0.35294117647058826,9,success,
45,1,5,3,,distance,levenshtein,1.7916369438171387,0.23684210526315788,1.0,0.3829787234042553,3,success,
93884,1,6,3,,distance,levenshtein,1.6103630065917969,0.391304347826087,1.0,0.5625,3,success,
28998,1,6,7,,distance,levenshtein,2.4776690006256104,0.375,1.0,0.5454545454545454,7,success,
88322,1,3,4,,distance,levenshtein,3.2647531032562256,0.2647058823529412,1.0,0.4186046511627907,4,success,
9471,1,6,10,,distance,levenshtein,4.642561912536621,0.2571428571428571,1.0,0.4090909090909091,10,success,
9471,2,0,2,,distance,levenshtein,0.6321401596069336,0.375,1.0,0.5454545454545454,2,success,
45,1,5,4,,distance,levenshtein,3.592133045196533,0.21052631578947367,0.8888888888888888,0.3404255319148936,4,success,
55151,1,2,7,,distance,levenshtein,8.017005920410156,0.25,1.0,0.4,7,success,
89095,1,6,4,,distance,levenshtein,8.258517026901245,0.24324324324324326,1.0,0.391304347826087,4,success,
162,1,5,8,,distance,levenshtein,8.513625860214233,0.2727272727272727,1.0,0.42857142857142855,8,success,
12153,1,5,10,,distance,levenshtein,6.887308835983276,0.23684210526315788,1.0,0.3829787234042553,10,success,
12153,1,6,2,,distance,levenshtein,0.12120509147644043,0.0,0.0,0.0,2,success,
12153,1,6,3,,distance,levenshtein,0.5397839546203613,0.23684210526315788,1.0,0.3829787234042553,3,success,
28998,1,6,8,,distance,levenshtein,4.208184003829956,0.36,1.0,0.5294117647058824,8,success,
39871,1,4,10,,distance,levenshtein,7.20172905921936,0.28125,1.0,0.43902439024390244,10,success,
39871,1,5,2,,distance,levenshtein,0.23743605613708496,0.0,0.0,0.0,2,success,
31055,1,3,6,,distance,levenshtein,14.14573884010315,0.25,1.0,0.4,6,success,
28998,1,6,9,,distance,levenshtein,0.5905799865722656,0.36,1.0,0.5294117647058824,9,success,
12153,1,6,4,,distance,levenshtein,1.587735891342163,0.24324324324324326,1.0,0.391304347826087,4,success,
6886,1,5,8,,distance,levenshtein,11.297319173812866,0.24242424242424243,0.8888888888888888,0.38095238095238093,8,success,
15852,1,4,10,,distance,levenshtein,9.25888991355896,0.21428571428571427,1.0,0.35294117647058826,10,success,
33653,1,5,5,,distance,levenshtein,91.95866799354553,0.24324324324324326,1.0,0.391304347826087,5,success,
15852,1,5,2,,distance,levenshtein,0.20754384994506836,0.0,0.0,0.0,2,success,
3075,1,2,10,,distance,levenshtein,23.04545307159424,0.23684210526315788,1.0,0.3829787234042553,10,success,
3075,1,3,2,,distance,levenshtein,0.12384605407714844,0.14285714285714285,1.0,0.25,2,success,
32584,1,4,10,,distance,levenshtein,22.29004406929016,0.225,1.0,0.3673469387755102,10,success,
39871,1,5,3,,distance,levenshtein,3.157449960708618,0.25806451612903225,0.8888888888888888,0.4,3,success,
32584,1,5,2,,distance,levenshtein,0.5237720012664795,0.0,0.0,0.0,2,success,
12153,1,6,5,,distance,levenshtein,2.9790539741516113,0.23684210526315788,1.0,0.3829787234042553,5,success,
3075,1,3,3,,distance,levenshtein,0.8504898548126221,0.23684210526315788,1.0,0.3829787234042553,3,success,
28998,1,6,10,,distance,levenshtein,4.271338939666748,0.36,1.0,0.5294117647058824,10,success,
162,1,5,9,,distance,levenshtein,6.597333908081055,0.2727272727272727,1.0,0.42857142857142855,9,success,
15852,1,5,3,,distance,levenshtein,2.7876789569854736,0.21428571428571427,1.0,0.35294117647058826,3,success,
63198,1,6,8,,distance,levenshtein,18.630873918533325,0.23684210526315788,1.0,0.3829787234042553,8,success,
26253,1,5,10,,distance,levenshtein,40.390169858932495,0.2571428571428571,1.0,0.4090909090909091,10,success,
26253,1,6,2,,distance,levenshtein,0.09367704391479492,0.2647058823529412,1.0,0.4186046511627907,2,success,
28998,2,0,2,,distance,levenshtein,0.8755419254302979,0.25,1.0,0.4,2,success,
88322,1,3,5,,distance,levenshtein,11.295990943908691,0.2647058823529412,1.0,0.4186046511627907,5,success,
26253,1,6,3,,distance,levenshtein,0.5926830768585205,0.2647058823529412,1.0,0.4186046511627907,3,success,
93884,1,6,4,,distance,levenshtein,12.866476058959961,0.391304347826087,1.0,0.5625,4,success,
45,1,5,5,,distance,levenshtein,10.29094409942627,0.23076923076923078,1.0,0.375,5,success,
63198,1,6,9,,distance,levenshtein,1.4645969867706299,0.23684210526315788,1.0,0.3829787234042553,9,success,
33653,1,5,6,,distance,levenshtein,5.144995927810669,0.24324324324324326,1.0,0.391304347826087,6,success,
3075,1,3,4,,distance,levenshtein,3.724632978439331,0.23684210526315788,1.0,0.3829787234042553,4,success,
89095,1,6,5,,distance,levenshtein,10.511169195175171,0.24324324324324326,1.0,0.391304347826087,5,success,
63198,1,6,10,,distance,levenshtein,0.8211119174957275,0.23684210526315788,1.0,0.3829787234042553,10,success,
26253,1,6,4,,distance,levenshtein,2.1246941089630127,0.2571428571428571,1.0,0.4090909090909091,4,success,
63198,2,0,2,,distance,levenshtein,0.7016849517822266,0.3333333333333333,1.0,0.5,2,success,
6886,1,5,9,,distance,levenshtein,6.945282936096191,0.2647058823529412,1.0,0.4186046511627907,9,success,
12153,1,6,6,,distance,levenshtein,5.132761001586914,0.24324324324324326,1.0,0.391304347826087,6,success,
89095,1,6,6,,distance,levenshtein,0.7210068702697754,0.24324324324324326,1.0,0.391304347826087,6,success,
32584,1,5,3,,distance,levenshtein,5.503159999847412,0.225,1.0,0.3673469387755102,3,success,
39871,1,5,4,,distance,levenshtein,6.936936855316162,0.28125,1.0,0.43902439024390244,4,success,
31055,1,3,7,,distance,levenshtein,10.798473834991455,0.25,1.0,0.4,7,success,
89095,1,6,7,,distance,levenshtein,2.102022886276245,0.23684210526315788,1.0,0.3829787234042553,7,success,
37843,1,6,5,,distance,levenshtein,25.854593992233276,0.28125,1.0,0.43902439024390244,5,success,
89095,1,6,8,,distance,levenshtein,1.3633711338043213,0.24324324324324326,1.0,0.391304347826087,8,success,
37843,1,6,6,,distance,levenshtein,0.9727559089660645,0.28125,1.0,0.43902439024390244,6,success,
31055,1,3,8,,distance,levenshtein,2.8047430515289307,0.25,1.0,0.4,8,success,
37843,1,6,7,,distance,levenshtein,2.8966310024261475,0.2903225806451613,1.0,0.45,7,success,
89095,1,6,9,,distance,levenshtein,3.4215149879455566,0.24324324324324326,1.0,0.391304347826087,9,success,
3075,1,3,5,,distance,levenshtein,9.25922703742981,0.23684210526315788,1.0,0.3829787234042553,5,success,
26253,1,6,5,,distance,levenshtein,8.682883977890015,0.2647058823529412,1.0,0.4186046511627907,5,success,
12153,1,6,7,,distance,levenshtein,8.311481952667236,0.23684210526315788,1.0,0.3829787234042553,7,success,
89095,1,6,10,,distance,levenshtein,0.8290450572967529,0.23684210526315788,1.0,0.3829787234042553,10,success,
37843,1,6,8,,distance,levenshtein,1.1911749839782715,0.2903225806451613,1.0,0.45,8,success,
6886,1,5,10,,distance,levenshtein,9.152721881866455,0.2571428571428571,1.0,0.4090909090909091,10,success,
31055,1,3,9,,distance,levenshtein,4.174478054046631,0.25,1.0,0.4,9,success,
6886,1,6,2,,distance,levenshtein,0.16377687454223633,0.01282051282051282,0.1111111111111111,0.022988505747126436,2,success,
89095,2,0,2,,distance,levenshtein,0.8013310432434082,0.32142857142857145,1.0,0.4864864864864865,2,success,
12153,1,6,8,,distance,levenshtein,1.373417854309082,0.23684210526315788,1.0,0.3829787234042553,8,success,
26253,1,6,6,,distance,levenshtein,2.553750991821289,0.2571428571428571,1.0,0.4090909090909091,6,success,
15852,1,5,4,,distance,levenshtein,15.093530893325806,0.21428571428571427,1.0,0.35294117647058826,4,success,
12153,1,6,9,,distance,levenshtein,1.5464379787445068,0.23684210526315788,1.0,0.3829787234042553,9,success,
33653,1,5,7,,distance,levenshtein,13.45671010017395,0.24324324324324326,1.0,0.391304347826087,7,success,
37843,1,6,9,,distance,levenshtein,3.033874988555908,0.28125,1.0,0.43902439024390244,9,success,
32584,1,5,4,,distance,levenshtein,12.330987930297852,0.225,1.0,0.3673469387755102,4,success,
162,1,5,10,,distance,levenshtein,16.549097061157227,0.2727272727272727,1.0,0.42857142857142855,10,success,
12153,1,6,10,,distance,levenshtein,1.033553123474121,0.24324324324324326,1.0,0.391304347826087,10,success,
162,1,6,2,,distance,levenshtein,0.10038208961486816,0.0,0.0,0.0,2,success,
6886,1,6,3,,distance,levenshtein,3.3226821422576904,0.23529411764705882,0.8888888888888888,0.37209302325581395,3,success,
162,1,6,3,,distance,levenshtein,0.334852933883667,0.28125,1.0,0.43902439024390244,3,success,
26253,1,6,7,,distance,levenshtein,2.4149789810180664,0.2571428571428571,1.0,0.4090909090909091,7,success,
12153,2,0,2,,distance,levenshtein,0.5555219650268555,0.25,1.0,0.4,2,success,
26253,1,6,8,,distance,levenshtein,0.8184969425201416,0.2571428571428571,1.0,0.4090909090909091,8,success,
162,1,6,4,,distance,levenshtein,2.0421500205993652,0.2727272727272727,1.0,0.42857142857142855,4,success,
31055,1,3,10,,distance,levenshtein,5.780846118927002,0.25,1.0,0.4,10,success,
26253,1,6,9,,distance,levenshtein,0.9545400142669678,0.2571428571428571,1.0,0.4090909090909091,9,success,
31055,1,4,2,,distance,levenshtein,0.37816596031188965,0.0,0.0,0.0,2,success,
37843,1,6,10,,distance,levenshtein,4.060502052307129,0.2903225806451613,1.0,0.45,10,success,
26253,1,6,10,,distance,levenshtein,0.5779540538787842,0.2571428571428571,1.0,0.4090909090909091,10,success,
26253,2,0,2,,distance,levenshtein,1.1307449340820312,0.3103448275862069,1.0,0.47368421052631576,2,success,
37843,2,0,2,,distance,levenshtein,1.2312250137329102,0.3103448275862069,1.0,0.47368421052631576,2,success,
162,1,6,5,,distance,levenshtein,2.936307907104492,0.2727272727272727,1.0,0.42857142857142855,5,success,
32584,1,5,5,,distance,levenshtein,6.0693299770355225,0.225,1.0,0.3673469387755102,5,success,
31055,1,4,3,,distance,levenshtein,3.1580631732940674,0.25,1.0,0.4,3,success,
93884,1,6,5,,distance,levenshtein,23.048936128616333,0.391304347826087,1.0,0.5625,5,success,
88322,1,3,6,,distance,levenshtein,24.48473882675171,0.2647058823529412,1.0,0.4186046511627907,6,success,
32584,1,5,6,,distance,levenshtein,2.6344738006591797,0.225,1.0,0.3673469387755102,6,success,
93884,1,6,6,,distance,levenshtein,1.9639511108398438,0.391304347826087,1.0,0.5625,6,success,
162,1,6,6,,distance,levenshtein,4.048075914382935,0.28125,1.0,0.43902439024390244,6,success,
33653,1,5,8,,distance,levenshtein,10.254859924316406,0.24324324324324326,1.0,0.391304347826087,8,success,
45,1,5,6,,distance,levenshtein,25.795367002487183,0.21052631578947367,0.8888888888888888,0.3404255319148936,6,success,
88322,1,3,7,,distance,levenshtein,1.802515983581543,0.2647058823529412,1.0,0.4186046511627907,7,success,
93884,1,6,7,,distance,levenshtein,2.333699941635132,0.391304347826087,1.0,0.5625,7,success,
68503,1,4,5,,distance,levenshtein,47.40424108505249,0.2727272727272727,1.0,0.42857142857142855,5,success,
88322,1,3,8,,distance,levenshtein,2.0695669651031494,0.2647058823529412,1.0,0.4186046511627907,8,success,
45,1,5,7,,distance,levenshtein,3.723267078399658,0.23076923076923078,1.0,0.375,7,success,
6886,1,6,4,,distance,levenshtein,14.648810148239136,0.24242424242424243,0.8888888888888888,0.38095238095238093,4,success,
93884,1,6,8,,distance,levenshtein,2.528661012649536,0.391304347826087,1.0,0.5625,8,success,
88322,1,3,9,,distance,levenshtein,2.1995689868927,0.2647058823529412,1.0,0.4186046511627907,9,success,
6886,1,6,5,,distance,levenshtein,0.7862379550933838,0.2571428571428571,1.0,0.4090909090909091,5,success,
68503,1,4,6,,distance,levenshtein,3.165645122528076,0.2727272727272727,1.0,0.42857142857142855,6,success,
93884,1,6,9,,distance,levenshtein,1.2347359657287598,0.391304347826087,1.0,0.5625,9,success,
55151,1,2,8,,distance,levenshtein,42.01215600967407,0.25,1.0,0.4,8,success,
162,1,6,7,,distance,levenshtein,7.740948915481567,0.2727272727272727,1.0,0.42857142857142855,7,success,
68503,1,4,7,,distance,levenshtein,1.2671029567718506,0.2727272727272727,1.0,0.42857142857142855,7,success,
45,1,5,8,,distance,levenshtein,2.981231212615967,0.23076923076923078,1.0,0.375,8,success,
162,1,6,8,,distance,levenshtein,0.3967270851135254,0.2727272727272727,1.0,0.42857142857142855,8,success,
6886,1,6,6,,distance,levenshtein,2.496591806411743,0.2571428571428571,1.0,0.4090909090909091,6,success,
162,1,6,9,,distance,levenshtein,0.49954891204833984,0.28125,1.0,0.43902439024390244,9,success,
93884,1,6,10,,distance,levenshtein,2.775704860687256,0.391304347826087,1.0,0.5625,10,success,
88322,1,3,10,,distance,levenshtein,4.085886001586914,0.2647058823529412,1.0,0.4186046511627907,10,success,
33653,1,5,9,,distance,levenshtein,9.835526943206787,0.24324324324324326,1.0,0.391304347826087,9,success,
88322,1,4,2,,distance,levenshtein,0.23307585716247559,0.0,0.0,0.0,2,success,
93884,2,0,2,,distance,levenshtein,0.9230990409851074,0.32142857142857145,1.0,0.4864864864864865,2,success,
162,1,6,10,,distance,levenshtein,1.7500438690185547,0.2727272727272727,1.0,0.42857142857142855,10,success,
6886,1,6,7,,distance,levenshtein,2.541692018508911,0.2571428571428571,1.0,0.4090909090909091,7,success,
162,2,0,2,,distance,levenshtein,0.5205128192901611,0.2727272727272727,1.0,0.42857142857142855,2,success,
88322,1,4,3,,distance,levenshtein,1.2020900249481201,0.2647058823529412,1.0,0.4186046511627907,3,success,
45,1,5,9,,distance,levenshtein,4.602676868438721,0.21052631578947367,0.8888888888888888,0.3404255319148936,9,success,
68503,1,4,8,,distance,levenshtein,5.406537055969238,0.2727272727272727,1.0,0.42857142857142855,8,success,
3075,1,3,6,,distance,levenshtein,29.69710111618042,0.23684210526315788,1.0,0.3829787234042553,6,success,
6886,1,6,8,,distance,levenshtein,3.8858859539031982,0.2571428571428571,1.0,0.4090909090909091,8,success,
88322,1,4,4,,distance,levenshtein,5.4230780601501465,0.2647058823529412,1.0,0.4186046511627907,4,success,
45,1,5,10,,distance,levenshtein,4.12007212638855,0.23076923076923078,1.0,0.375,10,success,
32584,1,5,7,,distance,levenshtein,18.234144926071167,0.20512820512820512,0.8888888888888888,0.3333333333333333,7,success,
45,1,6,2,,distance,levenshtein,0.13777804374694824,0.0,0.0,0.0,2,success,
3075,1,3,7,,distance,levenshtein,3.382205009460449,0.23684210526315788,1.0,0.3829787234042553,7,success,
31055,1,4,4,,distance,levenshtein,22.03600311279297,0.25,1.0,0.4,4,success,
3075,1,3,8,,distance,levenshtein,1.0439138412475586,0.23684210526315788,1.0,0.3829787234042553,8,success,
45,1,6,3,,distance,levenshtein,3.4709219932556152,0.23076923076923078,1.0,0.375,3,success,
39871,1,5,5,,distance,levenshtein,43.0024688243866,0.28125,1.0,0.43902439024390244,5,success,
33653,1,5,10,,distance,levenshtein,11.398333072662354,0.24324324324324326,1.0,0.391304347826087,10,success,
33653,1,6,2,,distance,levenshtein,0.16159486770629883,0.0,0.0,0.0,2,success,
55151,1,2,9,,distance,levenshtein,15.107250928878784,0.25,1.0,0.4,9,success,
3075,1,3,9,,distance,levenshtein,2.995482921600342,0.23684210526315788,1.0,0.3829787234042553,9,success,
33653,1,6,3,,distance,levenshtein,0.7606141567230225,0.24324324324324326,1.0,0.391304347826087,3,success,
39871,1,5,6,,distance,levenshtein,1.9273390769958496,0.28125,1.0,0.43902439024390244,6,success,
6886,1,6,9,,distance,levenshtein,8.59309983253479,0.2571428571428571,1.0,0.4090909090909091,9,success,
33653,1,6,4,,distance,levenshtein,1.9093570709228516,0.24324324324324326,1.0,0.391304347826087,4,success,
68503,1,4,9,,distance,levenshtein,11.545662879943848,0.2727272727272727,1.0,0.42857142857142855,9,success,
6886,1,6,10,,distance,levenshtein,0.9576220512390137,0.2571428571428571,1.0,0.4090909090909091,10,success,
39871,1,5,7,,distance,levenshtein,3.7360379695892334,0.25806451612903225,0.8888888888888888,0.4,7,success,
6886,2,0,2,,distance,levenshtein,1.6541390419006348,0.11688311688311688,1.0,0.20930232558139536,2,success,
88322,1,4,5,,distance,levenshtein,10.4757239818573,0.2647058823529412,1.0,0.4186046511627907,5,success,
3075,1,3,10,,distance,levenshtein,5.248216867446899,0.23684210526315788,1.0,0.3829787234042553,10,success,
3075,1,4,2,,distance,levenshtein,0.23260807991027832,0.0,0.0,0.0,2,success,
39871,1,5,8,,distance,levenshtein,1.9839370250701904,0.25806451612903225,0.8888888888888888,0.4,8,success,
3075,1,4,3,,distance,levenshtein,2.0084879398345947,0.23684210526315788,1.0,0.3829787234042553,3,success,
45,1,6,4,,distance,levenshtein,11.557995080947876,0.23076923076923078,1.0,0.375,4,success,
33653,1,6,5,,distance,levenshtein,7.6165931224823,0.24324324324324326,1.0,0.391304347826087,5,success,
3075,1,4,4,,distance,levenshtein,3.330533981323242,0.23684210526315788,1.0,0.3829787234042553,4,success,
68503,1,4,10,,distance,levenshtein,8.79203486442566,0.28125,1.0,0.43902439024390244,10,success,
68503,1,5,2,,distance,levenshtein,0.268200159072876,0.0,0.0,0.0,2,success,
68503,1,5,3,,distance,levenshtein,0.7209649085998535,0.2727272727272727,1.0,0.42857142857142855,3,success,
15852,1,5,5,,distance,levenshtein,48.28071308135986,0.21951219512195122,1.0,0.36,5,success,
39871,1,5,9,,distance,levenshtein,7.109482049942017,0.28125,1.0,0.43902439024390244,9,success,
15852,1,5,6,,distance,levenshtein,1.403763771057129,0.21428571428571427,1.0,0.35294117647058826,6,success,
68503,1,5,4,,distance,levenshtein,4.078691005706787,0.2727272727272727,1.0,0.42857142857142855,4,success,
45,1,6,5,,distance,levenshtein,9.472480773925781,0.23076923076923078,1.0,0.375,5,success,
68503,1,5,5,,distance,levenshtein,2.859126091003418,0.25,0.8888888888888888,0.3902439024390244,5,success,
68503,1,5,6,,distance,levenshtein,1.5219759941101074,0.28125,1.0,0.43902439024390244,6,success,
32584,1,5,8,,distance,levenshtein,27.212159872055054,0.225,1.0,0.3673469387755102,8,success,
39871,1,5,10,,distance,levenshtein,8.251927852630615,0.28125,1.0,0.43902439024390244,10,success,
39871,1,6,2,,distance,levenshtein,0.13997507095336914,0.0,0.0,0.0,2,success,
45,1,6,6,,distance,levenshtein,3.8023269176483154,0.23076923076923078,1.0,0.375,6,success,
39871,1,6,3,,distance,levenshtein,0.8349359035491943,0.28125,1.0,0.43902439024390244,3,success,
15852,1,5,7,,distance,levenshtein,8.619280815124512,0.21428571428571427,1.0,0.35294117647058826,7,success,
68503,1,5,7,,distance,levenshtein,2.713948965072632,0.28125,1.0,0.43902439024390244,7,success,
33653,1,6,6,,distance,levenshtein,15.359314918518066,0.24324324324324326,1.0,0.391304347826087,6,success,
39871,1,6,4,,distance,levenshtein,1.6798310279846191,0.28125,1.0,0.43902439024390244,4,success,
15852,1,5,8,,distance,levenshtein,1.397568941116333,0.225,1.0,0.3673469387755102,8,success,
45,1,6,7,,distance,levenshtein,3.3227579593658447,0.23076923076923078,1.0,0.375,7,success,
68503,1,5,8,,distance,levenshtein,3.109786033630371,0.28125,1.0,0.43902439024390244,8,success,
45,1,6,8,,distance,levenshtein,2.942094087600708,0.23076923076923078,1.0,0.375,8,success,
39871,1,6,5,,distance,levenshtein,4.1029651165008545,0.28125,1.0,0.43902439024390244,5,success,
15852,1,5,9,,distance,levenshtein,5.552282094955444,0.21428571428571427,1.0,0.35294117647058826,9,success,
68503,1,5,9,,distance,levenshtein,5.304992914199829,0.28125,1.0,0.43902439024390244,9,success,
33653,1,6,7,,distance,levenshtein,9.227299213409424,0.24324324324324326,1.0,0.391304347826087,7,success,
45,1,6,9,,distance,levenshtein,4.896378993988037,0.23076923076923078,1.0,0.375,9,success,
68503,1,5,10,,distance,levenshtein,1.7560279369354248,0.28125,1.0,0.43902439024390244,10,success,
33653,1,6,8,,distance,levenshtein,1.0304059982299805,0.24324324324324326,1.0,0.391304347826087,8,success,
68503,1,6,2,,distance,levenshtein,0.15607595443725586,0.28125,1.0,0.43902439024390244,2,success,
45,1,6,10,,distance,levenshtein,0.7573089599609375,0.23076923076923078,1.0,0.375,10,success,
68503,1,6,3,,distance,levenshtein,0.7131690979003906,0.28125,1.0,0.43902439024390244,3,success,
45,2,0,2,,distance,levenshtein,0.6676452159881592,0.34615384615384615,1.0,0.5142857142857142,2,success,
33653,1,6,9,,distance,levenshtein,1.8978328704833984,0.24324324324324326,1.0,0.391304347826087,9,success,
3075,1,4,5,,distance,levenshtein,28.019227981567383,0.23684210526315788,1.0,0.3829787234042553,5,success,
15852,1,5,10,,distance,levenshtein,8.115054845809937,0.21428571428571427,1.0,0.35294117647058826,10,success,
15852,1,6,2,,distance,levenshtein,0.19896697998046875,0.225,1.0,0.3673469387755102,2,success,
33653,1,6,10,,distance,levenshtein,2.5362401008605957,0.24324324324324326,1.0,0.391304347826087,10,success,
68503,1,6,4,,distance,levenshtein,4.078707933425903,0.28125,1.0,0.43902439024390244,4,success,
3075,1,4,6,,distance,levenshtein,1.7483179569244385,0.23684210526315788,1.0,0.3829787234042553,6,success,
58656,1,2,9,,distance,levenshtein,167.11619901657104,0.25,1.0,0.4,9,success,
33653,2,0,2,,distance,levenshtein,0.9484138488769531,0.391304347826087,1.0,0.5625,2,success,
39871,1,6,6,,distance,levenshtein,13.363617181777954,0.28125,1.0,0.43902439024390244,6,success,
3075,1,4,7,,distance,levenshtein,2.89766788482666,0.23684210526315788,1.0,0.3829787234042553,7,success,
15852,1,6,3,,distance,levenshtein,4.165281057357788,0.21428571428571427,1.0,0.35294117647058826,3,success,
39871,1,6,7,,distance,levenshtein,2.6486001014709473,0.28125,1.0,0.43902439024390244,7,success,
55151,1,2,10,,distance,levenshtein,49.08716702461243,0.22857142857142856,0.8888888888888888,0.36363636363636365,10,success,
39871,1,6,8,,distance,levenshtein,2.7860729694366455,0.28125,1.0,0.43902439024390244,8,success,
55151,1,3,2,,distance,levenshtein,0.1957559585571289,0.11290322580645161,0.7777777777777778,0.19718309859154928,2,success,
32584,1,5,9,,distance,levenshtein,27.413558959960938,0.225,1.0,0.3673469387755102,9,success,
55151,1,3,3,,distance,levenshtein,1.2035679817199707,0.25,1.0,0.4,3,success,
39871,1,6,9,,distance,levenshtein,2.042281150817871,0.28125,1.0,0.43902439024390244,9,success,
3075,1,4,8,,distance,levenshtein,9.396893978118896,0.23684210526315788,1.0,0.3829787234042553,8,success,
39871,1,6,10,,distance,levenshtein,3.7253382205963135,0.28125,1.0,0.43902439024390244,10,success,
39871,2,0,2,,distance,levenshtein,0.8825759887695312,0.2571428571428571,1.0,0.4090909090909091,2,success,
68503,1,6,5,,distance,levenshtein,16.220179080963135,0.28125,1.0,0.43902439024390244,5,success,
15852,1,6,4,,distance,levenshtein,12.474446058273315,0.21428571428571427,1.0,0.35294117647058826,4,success,
3075,1,4,9,,distance,levenshtein,3.5101921558380127,0.23684210526315788,1.0,0.3829787234042553,9,success,
68503,1,6,6,,distance,levenshtein,1.235827922821045,0.28125,1.0,0.43902439024390244,6,success,
68503,1,6,7,,distance,levenshtein,0.348952054977417,0.2727272727272727,1.0,0.42857142857142855,7,success,
15852,1,6,5,,distance,levenshtein,1.7812621593475342,0.21951219512195122,1.0,0.36,5,success,
68503,1,6,8,,distance,levenshtein,0.42026400566101074,0.28125,1.0,0.43902439024390244,8,success,
55151,1,3,4,,distance,levenshtein,9.283232927322388,0.25,1.0,0.4,4,success,
15852,1,6,6,,distance,levenshtein,0.843947172164917,0.21428571428571427,1.0,0.35294117647058826,6,success,
68503,1,6,9,,distance,levenshtein,0.6243619918823242,0.2727272727272727,1.0,0.42857142857142855,9,success,
15852,1,6,7,,distance,levenshtein,3.1205101013183594,0.21951219512195122,1.0,0.36,7,success,
68503,1,6,10,,distance,levenshtein,2.8342459201812744,0.28125,1.0,0.43902439024390244,10,success,
68503,2,0,2,,distance,levenshtein,0.589439868927002,0.2727272727272727,1.0,0.42857142857142855,2,success,
3075,1,4,10,,distance,levenshtein,6.129878997802734,0.23684210526315788,1.0,0.3829787234042553,10,success,
15852,1,6,8,,distance,levenshtein,0.9119892120361328,0.21951219512195122,1.0,0.36,8,success,
3075,1,5,2,,distance,levenshtein,0.27051305770874023,0.0,0.0,0.0,2,success,
88322,1,4,6,,distance,levenshtein,61.879284143447876,0.2647058823529412,1.0,0.4186046511627907,6,success,
55151,1,3,5,,distance,levenshtein,7.478163957595825,0.25,1.0,0.4,5,success,
15852,1,6,9,,distance,levenshtein,3.1966769695281982,0.21428571428571427,1.0,0.35294117647058826,9,success,
31055,1,4,5,,distance,levenshtein,73.24919009208679,0.25,1.0,0.4,5,success,
3075,1,5,3,,distance,levenshtein,3.655035972595215,0.23684210526315788,1.0,0.3829787234042553,3,success,
88322,1,4,7,,distance,levenshtein,3.7922301292419434,0.2647058823529412,1.0,0.4186046511627907,7,success,
88322,1,4,8,,distance,levenshtein,1.4785330295562744,0.2647058823529412,1.0,0.4186046511627907,8,success,
31055,1,4,6,,distance,levenshtein,4.268172979354858,0.25,1.0,0.4,6,success,
32584,1,5,10,,distance,levenshtein,23.86929202079773,0.225,1.0,0.3673469387755102,10,success,
32584,1,6,2,,distance,levenshtein,0.17253398895263672,0.0,0.0,0.0,2,success,
3075,1,5,4,,distance,levenshtein,6.653812885284424,0.23684210526315788,1.0,0.3829787234042553,4,success,
15852,1,6,10,,distance,levenshtein,7.969015121459961,0.21951219512195122,1.0,0.36,10,success,
15852,2,0,2,,distance,levenshtein,0.5091519355773926,0.25,1.0,0.4,2,success,
58656,1,2,10,,distance,levenshtein,36.78399395942688,0.24324324324324326,1.0,0.391304347826087,10,success,
58656,1,3,2,,distance,levenshtein,0.1184999942779541,0.14516129032258066,1.0,0.2535211267605634,2,success,
32584,1,6,3,,distance,levenshtein,5.164395093917847,0.225,1.0,0.3673469387755102,3,success,
58656,1,3,3,,distance,levenshtein,0.49086689949035645,0.24324324324324326,1.0,0.391304347826087,3,success,
88322,1,4,9,,distance,levenshtein,7.190460920333862,0.2647058823529412,1.0,0.4186046511627907,9,success,
58656,1,3,4,,distance,levenshtein,1.6097230911254883,0.25,1.0,0.4,4,success,
31055,1,4,7,,distance,levenshtein,8.9287691116333,0.25,1.0,0.4,7,success,
32584,1,6,4,,distance,levenshtein,5.60106897354126,0.225,1.0,0.3673469387755102,4,success,
88322,1,4,10,,distance,levenshtein,6.289772987365723,0.2647058823529412,1.0,0.4186046511627907,10,success,
88322,1,5,2,,distance,levenshtein,0.20876288414001465,0.0,0.0,0.0,2,success,
88322,1,5,3,,distance,levenshtein,2.187391996383667,0.2647058823529412,1.0,0.4186046511627907,3,success,
58656,1,3,5,,distance,levenshtein,8.382798910140991,0.24324324324324326,1.0,0.391304347826087,5,success,
88322,1,5,4,,distance,levenshtein,4.9130918979644775,0.2647058823529412,1.0,0.4186046511627907,4,success,
31055,1,4,8,,distance,levenshtein,11.92370891571045,0.25,1.0,0.4,8,success,
58656,1,3,6,,distance,levenshtein,10.356207132339478,0.24324324324324326,1.0,0.391304347826087,6,success,
3075,1,5,5,,distance,levenshtein,26.244873046875,0.23684210526315788,1.0,0.3829787234042553,5,success,
3075,1,5,6,,distance,levenshtein,1.0198938846588135,0.23684210526315788,1.0,0.3829787234042553,6,success,
32584,1,6,5,,distance,levenshtein,18.413208961486816,0.225,1.0,0.3673469387755102,5,success,
55151,1,3,6,,distance,levenshtein,38.11828398704529,0.25,1.0,0.4,6,success,
55151,1,3,7,,distance,levenshtein,1.9446361064910889,0.25,1.0,0.4,7,success,
3075,1,5,7,,distance,levenshtein,5.416306018829346,0.23684210526315788,1.0,0.3829787234042553,7,success,
55151,1,3,8,,distance,levenshtein,2.0753889083862305,0.25,1.0,0.4,8,success,
3075,1,5,8,,distance,levenshtein,2.549560070037842,0.23684210526315788,1.0,0.3829787234042553,8,success,
55151,1,3,9,,distance,levenshtein,4.336920976638794,0.25,1.0,0.4,9,success,
88322,1,5,5,,distance,levenshtein,21.113775968551636,0.2647058823529412,1.0,0.4186046511627907,5,success,
58656,1,3,7,,distance,levenshtein,18.94896697998047,0.24324324324324326,1.0,0.391304347826087,7,success,
55151,1,3,10,,distance,levenshtein,4.189786911010742,0.25,1.0,0.4,10,success,
55151,1,4,2,,distance,levenshtein,0.4096410274505615,0.0,0.0,0.0,2,success,
31055,1,4,9,,distance,levenshtein,26.546020984649658,0.25,1.0,0.4,9,success,
3075,1,5,9,,distance,levenshtein,9.447674989700317,0.23684210526315788,1.0,0.3829787234042553,9,success,
58656,1,3,8,,distance,levenshtein,2.0684399604797363,0.24324324324324326,1.0,0.391304347826087,8,success,
55151,1,4,3,,distance,levenshtein,2.8327720165252686,0.25,1.0,0.4,3,success,
58656,1,3,9,,distance,levenshtein,1.3652489185333252,0.24324324324324326,1.0,0.391304347826087,9,success,
88322,1,5,6,,distance,levenshtein,8.919251918792725,0.2647058823529412,1.0,0.4186046511627907,6,success,
32584,1,6,6,,distance,levenshtein,21.91686987876892,0.225,1.0,0.3673469387755102,6,success,
88322,1,5,7,,distance,levenshtein,2.516908884048462,0.2647058823529412,1.0,0.4186046511627907,7,success,
32584,1,6,7,,distance,levenshtein,1.8779399394989014,0.225,1.0,0.3673469387755102,7,success,
58656,1,3,10,,distance,levenshtein,4.239826917648315,0.24324324324324326,1.0,0.391304347826087,10,success,
58656,1,4,2,,distance,levenshtein,0.21083807945251465,0.0,0.0,0.0,2,success,
32584,1,6,8,,distance,levenshtein,1.1017072200775146,0.225,1.0,0.3673469387755102,8,success,
88322,1,5,8,,distance,levenshtein,3.044316053390503,0.2647058823529412,1.0,0.4186046511627907,8,success,
58656,1,4,3,,distance,levenshtein,2.636120080947876,0.24324324324324326,1.0,0.391304347826087,3,success,
3075,1,5,10,,distance,levenshtein,9.59787893295288,0.23684210526315788,1.0,0.3829787234042553,10,success,
3075,1,6,2,,distance,levenshtein,0.11456990242004395,0.0,0.0,0.0,2,success,
32584,1,6,9,,distance,levenshtein,3.162029981613159,0.225,1.0,0.3673469387755102,9,success,
3075,1,6,3,,distance,levenshtein,0.6651298999786377,0.23684210526315788,1.0,0.3829787234042553,3,success,
32584,1,6,10,,distance,levenshtein,0.5920259952545166,0.225,1.0,0.3673469387755102,10,success,
55151,1,4,4,,distance,levenshtein,10.232276916503906,0.25,1.0,0.4,4,success,
3075,1,6,4,,distance,levenshtein,1.5102038383483887,0.23684210526315788,1.0,0.3829787234042553,4,success,
32584,2,0,2,,distance,levenshtein,0.72865891456604,0.2903225806451613,1.0,0.45,2,success,
88322,1,5,9,,distance,levenshtein,3.4921839237213135,0.2647058823529412,1.0,0.4186046511627907,9,success,
3075,1,6,5,,distance,levenshtein,6.244930028915405,0.23684210526315788,1.0,0.3829787234042553,5,success,
58656,1,4,4,,distance,levenshtein,9.518035173416138,0.25,1.0,0.4,4,success,
31055,1,4,10,,distance,levenshtein,18.804688930511475,0.25,1.0,0.4,10,success,
31055,1,5,2,,distance,levenshtein,0.3722829818725586,0.0,0.0,0.0,2,success,
88322,1,5,10,,distance,levenshtein,7.733308792114258,0.2647058823529412,1.0,0.4186046511627907,10,success,
88322,1,6,2,,distance,levenshtein,0.09425187110900879,0.0,0.0,0.0,2,success,
88322,1,6,3,,distance,levenshtein,1.9742100238800049,0.2647058823529412,1.0,0.4186046511627907,3,success,
88322,1,6,4,,distance,levenshtein,2.167846918106079,0.2647058823529412,1.0,0.4186046511627907,4,success,
3075,1,6,6,,distance,levenshtein,8.153116941452026,0.23684210526315788,1.0,0.3829787234042553,6,success,
31055,1,5,3,,distance,levenshtein,10.12034797668457,0.25,1.0,0.4,3,success,
9471,2,0,3,,distance,levenshtein,213.17153000831604,0.34615384615384615,1.0,0.5142857142857142,3,success,
3075,1,6,7,,distance,levenshtein,7.54169487953186,0.23684210526315788,1.0,0.3829787234042553,7,success,
88322,1,6,5,,distance,levenshtein,9.707396030426025,0.2647058823529412,1.0,0.4186046511627907,5,success,
3075,1,6,8,,distance,levenshtein,0.33228206634521484,0.23684210526315788,1.0,0.3829787234042553,8,success,
3075,1,6,9,,distance,levenshtein,1.7745909690856934,0.23684210526315788,1.0,0.3829787234042553,9,success,
3075,1,6,10,,distance,levenshtein,0.5869162082672119,0.23684210526315788,1.0,0.3829787234042553,10,success,
3075,2,0,2,,distance,levenshtein,0.49343204498291016,0.28125,1.0,0.43902439024390244,2,success,
55151,1,4,5,,distance,levenshtein,27.226274013519287,0.25,1.0,0.4,5,success,
55151,1,4,6,,distance,levenshtein,2.175493001937866,0.25,1.0,0.4,6,success,
88322,1,6,6,,distance,levenshtein,6.373116970062256,0.2647058823529412,1.0,0.4186046511627907,6,success,
58656,1,4,5,,distance,levenshtein,24.528390169143677,0.24324324324324326,1.0,0.391304347826087,5,success,
58656,1,4,6,,distance,levenshtein,3.3492519855499268,0.25,1.0,0.4,6,success,
55151,1,4,7,,distance,levenshtein,5.883257865905762,0.25,1.0,0.4,7,success,
58656,1,4,7,,distance,levenshtein,3.6101229190826416,0.25,1.0,0.4,7,success,
31055,1,5,4,,distance,levenshtein,21.487529039382935,0.25,1.0,0.4,4,success,
55151,1,4,8,,distance,levenshtein,3.3587260246276855,0.25,1.0,0.4,8,success,
31055,1,5,5,,distance,levenshtein,2.1113510131835938,0.25,1.0,0.4,5,success,
55151,1,4,9,,distance,levenshtein,5.348448991775513,0.25,1.0,0.4,9,success,
58656,1,4,8,,distance,levenshtein,6.316360950469971,0.24324324324324326,1.0,0.391304347826087,8,success,
58656,1,4,9,,distance,levenshtein,7.135335922241211,0.25,1.0,0.4,9,success,
31055,1,5,6,,distance,levenshtein,14.893841028213501,0.25,1.0,0.4,6,success,
55151,1,4,10,,distance,levenshtein,12.495476007461548,0.25,1.0,0.4,10,success,
55151,1,5,2,,distance,levenshtein,0.4773528575897217,0.0,0.0,0.0,2,success,
88322,1,6,7,,distance,levenshtein,29.573366165161133,0.2647058823529412,1.0,0.4186046511627907,7,success,
58656,1,4,10,,distance,levenshtein,6.726517915725708,0.24324324324324326,1.0,0.391304347826087,10,success,
58656,1,5,2,,distance,levenshtein,0.19553804397583008,0.0,0.0,0.0,2,success,
88322,1,6,8,,distance,levenshtein,1.5728487968444824,0.2647058823529412,1.0,0.4186046511627907,8,success,
31055,1,5,7,,distance,levenshtein,5.122551918029785,0.25,1.0,0.4,7,success,
58656,1,5,3,,distance,levenshtein,1.9124829769134521,0.24324324324324326,1.0,0.391304347826087,3,success,
88322,1,6,9,,distance,levenshtein,1.332597017288208,0.2647058823529412,1.0,0.4186046511627907,9,success,
55151,1,5,3,,distance,levenshtein,4.267507076263428,0.25,1.0,0.4,3,success,
88322,1,6,10,,distance,levenshtein,1.156804084777832,0.2647058823529412,1.0,0.4186046511627907,10,success,
58656,1,5,4,,distance,levenshtein,1.8550300598144531,0.25,1.0,0.4,4,success,
88322,2,0,2,,distance,levenshtein,1.021975040435791,0.3333333333333333,1.0,0.5,2,success,
31055,1,5,8,,distance,levenshtein,4.290128946304321,0.25,1.0,0.4,8,success,
8988,1,2,5,,distance,levenshtein,479.59641790390015,0.3,1.0,0.46153846153846156,5,success,
31055,1,5,9,,distance,levenshtein,16.701254844665527,0.25,1.0,0.4,9,success,
58656,1,5,5,,distance,levenshtein,20.085570096969604,0.25,1.0,0.4,5,success,
3075,2,0,3,,distance,levenshtein,58.446372985839844,0.24324324324324326,1.0,0.391304347826087,3,success,
55151,1,5,4,,distance,levenshtein,23.214151859283447,0.25,1.0,0.4,4,success,
8988,1,2,6,,distance,levenshtein,8.08060908317566,0.3103448275862069,1.0,0.47368421052631576,6,success,
31055,1,5,10,,distance,levenshtein,8.248587846755981,0.25,1.0,0.4,10,success,
31055,1,6,2,,distance,levenshtein,0.3246150016784668,0.0,0.0,0.0,2,success,
8988,1,2,7,,distance,levenshtein,3.2673580646514893,0.3,1.0,0.46153846153846156,7,success,
31055,1,6,3,,distance,levenshtein,1.8761768341064453,0.25,1.0,0.4,3,success,
58656,1,5,6,,distance,levenshtein,17.33946990966797,0.24324324324324326,1.0,0.391304347826087,6,success,
8988,1,2,8,,distance,levenshtein,10.861371994018555,0.3103448275862069,1.0,0.47368421052631576,8,success,
58656,1,5,7,,distance,levenshtein,4.947403192520142,0.24324324324324326,1.0,0.391304347826087,7,success,
58656,1,5,8,,distance,levenshtein,3.969374895095825,0.24324324324324326,1.0,0.391304347826087,8,success,
31055,1,6,4,,distance,levenshtein,19.571483850479126,0.25,1.0,0.4,4,success,
31055,1,6,5,,distance,levenshtein,1.5225141048431396,0.25,1.0,0.4,5,success,
58656,1,5,9,,distance,levenshtein,5.467289924621582,0.24324324324324326,1.0,0.391304347826087,9,success,
31055,1,6,6,,distance,levenshtein,3.893704891204834,0.25,1.0,0.4,6,success,
8988,1,2,9,,distance,levenshtein,16.04877281188965,0.3,1.0,0.46153846153846156,9,success,
58656,1,5,10,,distance,levenshtein,4.859856843948364,0.24324324324324326,1.0,0.391304347826087,10,success,
58656,1,6,2,,distance,levenshtein,0.13464593887329102,0.0,0.0,0.0,2,success,
58656,1,6,3,,distance,levenshtein,1.1938681602478027,0.2222222222222222,0.8888888888888888,0.35555555555555557,3,success,
31055,1,6,7,,distance,levenshtein,4.837507009506226,0.25,1.0,0.4,7,success,
58656,1,6,4,,distance,levenshtein,4.909846067428589,0.24324324324324326,1.0,0.391304347826087,4,success,
31055,1,6,8,,distance,levenshtein,4.2159998416900635,0.25,1.0,0.4,8,success,
31055,1,6,9,,distance,levenshtein,1.6999998092651367,0.25,1.0,0.4,9,success,
31055,1,6,10,,distance,levenshtein,8.513478994369507,0.25,1.0,0.4,10,success,
31055,2,0,2,,distance,levenshtein,1.0389511585235596,0.3,1.0,0.46153846153846156,2,success,
58656,1,6,5,,distance,levenshtein,15.042815923690796,0.24324324324324326,1.0,0.391304347826087,5,success,
58656,1,6,6,,distance,levenshtein,1.0187439918518066,0.25,1.0,0.4,6,success,
58656,1,6,7,,distance,levenshtein,0.39829587936401367,0.24324324324324326,1.0,0.391304347826087,7,success,
58656,1,6,8,,distance,levenshtein,2.6878178119659424,0.2222222222222222,0.8888888888888888,0.35555555555555557,8,success,
58656,1,6,9,,distance,levenshtein,3.8636229038238525,0.24324324324324326,1.0,0.391304347826087,9,success,
58656,1,6,10,,distance,levenshtein,0.6898119449615479,0.2222222222222222,0.8888888888888888,0.35555555555555557,10,success,
55151,1,5,5,,distance,levenshtein,68.29193091392517,0.25,1.0,0.4,5,success,
58656,2,0,2,,distance,levenshtein,0.7657310962677002,0.2727272727272727,1.0,0.42857142857142855,2,success,
55151,1,5,6,,distance,levenshtein,4.279868125915527,0.25,1.0,0.4,6,success,
55151,1,5,7,,distance,levenshtein,6.474203109741211,0.25,1.0,0.4,7,success,
15852,2,0,3,,distance,levenshtein,229.84481501579285,0.23076923076923078,1.0,0.375,3,success,
55151,1,5,8,,distance,levenshtein,6.616137981414795,0.25,1.0,0.4,8,success,
8988,1,2,10,,distance,levenshtein,57.95847988128662,0.3,1.0,0.46153846153846156,10,success,
8988,1,3,2,,distance,levenshtein,0.1655879020690918,0.11594202898550725,0.8888888888888888,0.20512820512820512,2,success,
8988,1,3,3,,distance,levenshtein,0.8588259220123291,0.3,1.0,0.46153846153846156,3,success,
8988,1,3,4,,distance,levenshtein,4.1564249992370605,0.3,1.0,0.46153846153846156,4,success,
55151,1,5,9,,distance,levenshtein,13.414321899414062,0.25,1.0,0.4,9,success,
8988,1,3,5,,distance,levenshtein,13.905258178710938,0.3,1.0,0.46153846153846156,5,success,
55151,1,5,10,,distance,levenshtein,14.484344005584717,0.25,1.0,0.4,10,success,
55151,1,6,2,,distance,levenshtein,0.138214111328125,0.0,0.0,0.0,2,success,
55151,1,6,3,,distance,levenshtein,0.5759520530700684,0.25,1.0,0.4,3,success,
55151,1,6,4,,distance,levenshtein,1.3419451713562012,0.25,1.0,0.4,4,success,
55151,1,6,5,,distance,levenshtein,3.978734016418457,0.25,1.0,0.4,5,success,
55151,1,6,6,,distance,levenshtein,6.778122901916504,0.25,1.0,0.4,6,success,
8988,1,3,6,,distance,levenshtein,18.045405864715576,0.3103448275862069,1.0,0.47368421052631576,6,success,
55151,1,6,7,,distance,levenshtein,17.431190013885498,0.22857142857142856,0.8888888888888888,0.36363636363636365,7,success,
55151,1,6,8,,distance,levenshtein,0.9565248489379883,0.25,1.0,0.4,8,success,
55151,1,6,9,,distance,levenshtein,0.9614701271057129,0.25,1.0,0.4,9,success,
55151,1,6,10,,distance,levenshtein,1.1304600238800049,0.25,1.0,0.4,10,success,
55151,2,0,2,,distance,levenshtein,0.8777940273284912,0.36,1.0,0.5294117647058824,2,success,
8988,1,3,7,,distance,levenshtein,27.489298820495605,0.3,1.0,0.46153846153846156,7,success,
8988,1,3,8,,distance,levenshtein,2.6454319953918457,0.3,1.0,0.46153846153846156,8,success,
8988,1,3,9,,distance,levenshtein,3.5523478984832764,0.3,1.0,0.46153846153846156,9,success,
8988,1,3,10,,distance,levenshtein,2.0765609741210938,0.3103448275862069,1.0,0.47368421052631576,10,success,
8988,1,4,2,,distance,levenshtein,0.1582961082458496,0.0,0.0,0.0,2,success,
8988,1,4,3,,distance,levenshtein,1.635260820388794,0.3103448275862069,1.0,0.47368421052631576,3,success,
8988,1,4,4,,distance,levenshtein,4.699310064315796,0.3103448275862069,1.0,0.47368421052631576,4,success,
28998,2,0,3,,distance,levenshtein,448.8702030181885,0.23076923076923078,1.0,0.375,3,success,
8988,1,4,5,,distance,levenshtein,13.232768058776855,0.3,1.0,0.46153846153846156,5,success,
8988,1,4,6,,distance,levenshtein,21.253273010253906,0.3,1.0,0.46153846153846156,6,success,
8988,1,4,7,,distance,levenshtein,34.68780303001404,0.3103448275862069,1.0,0.47368421052631576,7,success,
8988,1,4,8,,distance,levenshtein,3.151109218597412,0.3,1.0,0.46153846153846156,8,success,
8988,1,4,9,,distance,levenshtein,3.1024270057678223,0.3,1.0,0.46153846153846156,9,success,
8988,1,4,10,,distance,levenshtein,7.427654027938843,0.3,1.0,0.46153846153846156,10,success,
8988,1,5,2,,distance,levenshtein,0.24436688423156738,0.0,0.0,0.0,2,success,
8988,1,5,3,,distance,levenshtein,5.230823993682861,0.3103448275862069,1.0,0.47368421052631576,3,success,
15852,2,0,4,,distance,levenshtein,193.31358981132507,0.23076923076923078,1.0,0.375,4,success,
8988,1,5,4,,distance,levenshtein,22.1961190700531,0.3,1.0,0.46153846153846156,4,success,
3075,2,0,4,,distance,levenshtein,297.21577405929565,0.21951219512195122,1.0,0.36,4,success,
8988,1,5,5,,distance,levenshtein,27.085445165634155,0.3103448275862069,1.0,0.47368421052631576,5,success,
8988,1,5,6,,distance,levenshtein,4.78725004196167,0.3103448275862069,1.0,0.47368421052631576,6,success,
8988,1,5,7,,distance,levenshtein,5.6252851486206055,0.3,1.0,0.46153846153846156,7,success,
8988,1,5,8,,distance,levenshtein,9.029109954833984,0.3,1.0,0.46153846153846156,8,success,
8988,1,5,9,,distance,levenshtein,3.67657208442688,0.3,1.0,0.46153846153846156,9,success,
3075,2,0,5,,distance,levenshtein,52.68718099594116,0.23076923076923078,1.0,0.375,5,success,
15852,2,0,5,,distance,levenshtein,79.06378984451294,0.23684210526315788,1.0,0.3829787234042553,5,success,
8988,1,5,10,,distance,levenshtein,17.714352130889893,0.3,1.0,0.46153846153846156,10,success,
8988,1,6,2,,distance,levenshtein,0.13096404075622559,0.0,0.0,0.0,2,success,
8988,1,6,3,,distance,levenshtein,0.8148980140686035,0.3,1.0,0.46153846153846156,3,success,
8988,1,6,4,,distance,levenshtein,0.5152168273925781,0.3,1.0,0.46153846153846156,4,success,
3075,2,0,6,,distance,levenshtein,12.305844068527222,0.225,1.0,0.3673469387755102,6,success,
8988,1,6,5,,distance,levenshtein,9.167309999465942,0.3,1.0,0.46153846153846156,5,success,
8988,1,6,6,,distance,levenshtein,0.6010940074920654,0.3,1.0,0.46153846153846156,6,success,
8988,1,6,7,,distance,levenshtein,1.164052963256836,0.3103448275862069,1.0,0.47368421052631576,7,success,
8988,1,6,8,,distance,levenshtein,1.9497439861297607,0.3,1.0,0.46153846153846156,8,success,
3075,2,0,7,,distance,levenshtein,16.220916032791138,0.21951219512195122,1.0,0.36,7,success,
8988,1,6,9,,distance,levenshtein,4.647593021392822,0.3,1.0,0.46153846153846156,9,success,
8988,1,6,10,,distance,levenshtein,2.6850948333740234,0.3,1.0,0.46153846153846156,10,success,
8988,2,0,2,,distance,levenshtein,1.1190550327301025,0.32142857142857145,1.0,0.4864864864864865,2,success,
15852,2,0,6,,distance,levenshtein,43.53564810752869,0.225,1.0,0.3673469387755102,6,success,
3075,2,0,8,,distance,levenshtein,69.25833201408386,0.2222222222222222,0.8888888888888888,0.35555555555555557,8,success,
93344,0,1,4,,distance,levenshtein,0.022355079650878906,1.0,1.0,1.0,4,success,
56085,0,1,6,,distance,levenshtein,0.08558797836303711,0.875,1.0,0.9333333333333333,6,success,
7239,0,1,6,,distance,levenshtein,0.09608316421508789,0.7777777777777778,1.0,0.875,6,success,
70332,0,1,4,,distance,levenshtein,0.1237177848815918,1.0,1.0,1.0,4,success,
89149,0,1,3,,distance,levenshtein,0.018125057220458984,1.0,1.0,1.0,3,success,
98846,0,1,5,,distance,levenshtein,0.06579995155334473,0.7777777777777778,1.0,0.875,5,success,
87228,0,1,5,,distance,levenshtein,0.04648184776306152,0.7777777777777778,1.0,0.875,5,success,
58283,0,1,4,,distance,levenshtein,0.027809858322143555,0.875,1.0,0.9333333333333333,4,success,
72994,0,1,6,,distance,levenshtein,0.08688616752624512,0.875,1.0,0.9333333333333333,6,success,
85303,0,1,4,,distance,levenshtein,0.060517072677612305,0.7777777777777778,1.0,0.875,4,success,
51134,0,1,4,,distance,levenshtein,0.055975914001464844,0.6363636363636364,1.0,0.7777777777777778,4,success,
69007,0,1,2,,distance,levenshtein,0.012853145599365234,0.7777777777777778,1.0,0.875,2,success,
75385,0,1,4,,distance,levenshtein,0.027547836303710938,0.875,1.0,0.9333333333333333,4,success,
97635,0,1,5,,distance,levenshtein,0.04675698280334473,1.0,1.0,1.0,5,success,
36624,0,1,6,,distance,levenshtein,0.13075613975524902,0.7777777777777778,1.0,0.875,6,success,
65447,0,1,4,,distance,levenshtein,0.03216099739074707,0.7777777777777778,1.0,0.875,4,success,
79820,0,1,7,,distance,levenshtein,0.14327597618103027,1.0,1.0,1.0,7,success,
89149,0,1,4,,distance,levenshtein,0.02309417724609375,1.0,1.0,1.0,4,success,
8938,0,1,5,,distance,levenshtein,0.050540924072265625,0.875,1.0,0.9333333333333333,5,success,
69007,0,1,3,,distance,levenshtein,0.01797199249267578,0.7777777777777778,1.0,0.875,3,success,
70332,0,1,5,,distance,levenshtein,0.051614999771118164,1.0,1.0,1.0,5,success,
58283,0,1,5,,distance,levenshtein,0.04607510566711426,0.8571428571428571,0.8571428571428571,0.8571428571428571,5,success,
75385,0,1,5,,distance,levenshtein,0.04572010040283203,0.875,1.0,0.9333333333333333,5,success,
93344,0,1,5,,distance,levenshtein,0.09697413444519043,1.0,1.0,1.0,5,success,
114,0,1,7,,distance,levenshtein,0.14092206954956055,1.0,1.0,1.0,7,success,
11298,0,1,6,,distance,levenshtein,0.10181093215942383,0.875,1.0,0.9333333333333333,6,success,
87228,0,1,6,,distance,levenshtein,0.085906982421875,0.7777777777777778,1.0,0.875,6,success,
98846,0,1,6,,distance,levenshtein,0.08417701721191406,0.7777777777777778,1.0,0.875,6,success,
59934,0,1,3,,distance,levenshtein,0.15704107284545898,0.875,1.0,0.9333333333333333,3,success,
89149,0,1,5,,distance,levenshtein,0.04594111442565918,1.0,1.0,1.0,5,success,
69007,0,1,4,,distance,levenshtein,0.027206897735595703,0.7777777777777778,1.0,0.875,4,success,
51134,0,1,5,,distance,levenshtein,0.09691119194030762,0.6363636363636364,1.0,0.7777777777777778,5,success,
9178,0,1,5,,distance,levenshtein,0.18712997436523438,0.7777777777777778,1.0,0.875,5,success,
85303,0,1,5,,distance,levenshtein,0.11382794380187988,0.7777777777777778,1.0,0.875,5,success,
97635,0,1,6,,distance,levenshtein,0.08620882034301758,1.0,1.0,1.0,6,success,
79121,0,1,2,,distance,levenshtein,0.01840806007385254,1.0,1.0,1.0,2,success,
7239,0,1,7,,distance,levenshtein,0.1410830020904541,0.7777777777777778,1.0,0.875,7,success,
65447,0,1,5,,distance,levenshtein,0.11122703552246094,0.7777777777777778,1.0,0.875,5,success,
56085,0,1,7,,distance,levenshtein,0.16125702857971191,0.875,1.0,0.9333333333333333,7,success,
72994,0,1,7,,distance,levenshtein,0.14447808265686035,0.875,1.0,0.9333333333333333,7,success,
29382,0,1,3,,distance,levenshtein,0.24616599082946777,1.0,1.0,1.0,3,success,
8938,0,1,6,,distance,levenshtein,0.08189702033996582,0.875,1.0,0.9333333333333333,6,success,
58283,0,1,6,,distance,levenshtein,0.08540916442871094,0.8571428571428571,0.8571428571428571,0.8571428571428571,6,success,
69007,0,1,5,,distance,levenshtein,0.0469970703125,0.7777777777777778,1.0,0.875,5,success,
79121,0,1,3,,distance,levenshtein,0.02528095245361328,1.0,1.0,1.0,3,success,
75385,0,1,6,,distance,levenshtein,0.08510780334472656,0.875,1.0,0.9333333333333333,6,success,
70332,0,1,6,,distance,levenshtein,0.1373310089111328,1.0,1.0,1.0,6,success,
89149,0,1,6,,distance,levenshtein,0.08653807640075684,1.0,1.0,1.0,6,success,
51134,0,1,6,,distance,levenshtein,0.0868680477142334,0.6363636363636364,1.0,0.7777777777777778,6,success,
93344,0,1,6,,distance,levenshtein,0.1723489761352539,1.0,1.0,1.0,6,success,
59934,0,1,4,,distance,levenshtein,0.1316518783569336,0.875,1.0,0.9333333333333333,4,success,
39161,0,1,6,,distance,levenshtein,0.33223891258239746,0.875,1.0,0.9333333333333333,6,success,
65447,0,1,6,,distance,levenshtein,0.08888816833496094,0.7777777777777778,1.0,0.875,6,success,
87228,0,1,7,,distance,levenshtein,0.1426401138305664,0.7777777777777778,1.0,0.875,7,success,
36624,0,1,7,,distance,levenshtein,0.25897717475891113,0.75,0.8571428571428571,0.8,7,success,
79121,0,1,4,,distance,levenshtein,0.031217098236083984,1.0,1.0,1.0,4,success,
11298,0,1,7,,distance,levenshtein,0.16846013069152832,0.875,1.0,0.9333333333333333,7,success,
97635,0,1,7,,distance,levenshtein,0.14429497718811035,1.0,1.0,1.0,7,success,
98846,0,1,7,,distance,levenshtein,0.16895294189453125,0.7777777777777778,1.0,0.875,7,success,
79820,0,1,8,,distance,levenshtein,0.283519983291626,1.0,1.0,1.0,8,success,
69007,0,1,6,,distance,levenshtein,0.08826994895935059,0.7777777777777778,1.0,0.875,6,success,
85303,0,1,6,,distance,levenshtein,0.20421099662780762,0.7777777777777778,1.0,0.875,6,success,
58283,0,1,7,,distance,levenshtein,0.14127516746520996,0.875,1.0,0.9333333333333333,7,success,
8938,0,1,7,,distance,levenshtein,0.16860413551330566,0.875,1.0,0.9333333333333333,7,success,
114,0,1,8,,distance,levenshtein,0.2817249298095703,1.0,1.0,1.0,8,success,
79121,0,1,5,,distance,levenshtein,0.06757497787475586,1.0,1.0,1.0,5,success,
75385,0,1,7,,distance,levenshtein,0.19480180740356445,0.875,1.0,0.9333333333333333,7,success,
89149,0,1,7,,distance,levenshtein,0.14411306381225586,1.0,1.0,1.0,7,success,
51134,0,1,7,,distance,levenshtein,0.14685297012329102,0.6363636363636364,1.0,0.7777777777777778,7,success,
7239,0,1,8,,distance,levenshtein,0.2759711742401123,0.7777777777777778,1.0,0.875,8,success,
72994,0,1,8,,distance,levenshtein,0.2799379825592041,0.8571428571428571,0.8571428571428571,0.8571428571428571,8,success,
9178,0,1,6,,distance,levenshtein,0.34441614151000977,0.7777777777777778,1.0,0.875,6,success,
65447,0,1,7,,distance,levenshtein,0.14320707321166992,0.7777777777777778,1.0,0.875,7,success,
56085,0,1,8,,distance,levenshtein,0.31293702125549316,0.875,1.0,0.9333333333333333,8,success,
8938,0,1,8,,distance,levenshtein,0.041383981704711914,0.875,1.0,0.9333333333333333,8,success,
29382,0,1,4,,distance,levenshtein,0.31298089027404785,1.0,1.0,1.0,4,success,
69007,0,1,7,,distance,levenshtein,0.15848708152770996,0.7777777777777778,1.0,0.875,7,success,
79121,0,1,6,,distance,levenshtein,0.09656095504760742,1.0,1.0,1.0,6,success,
93344,0,1,7,,distance,levenshtein,0.28515100479125977,1.0,1.0,1.0,7,success,
59934,0,1,5,,distance,levenshtein,0.2629539966583252,0.875,1.0,0.9333333333333333,5,success,
79820,0,1,9,,distance,levenshtein,0.2100069522857666,1.0,1.0,1.0,9,success,
97635,0,1,8,,distance,levenshtein,0.2828841209411621,1.0,1.0,1.0,8,success,
98846,0,1,8,,distance,levenshtein,0.2933030128479004,0.7777777777777778,1.0,0.875,8,success,
85303,0,1,7,,distance,levenshtein,0.27338504791259766,0.7777777777777778,1.0,0.875,7,success,
11298,0,1,8,,distance,levenshtein,0.3204460144042969,0.875,1.0,0.9333333333333333,8,success,
114,0,1,9,,distance,levenshtein,0.20647907257080078,1.0,1.0,1.0,9,success,
87228,0,1,8,,distance,levenshtein,0.3710019588470459,0.7777777777777778,1.0,0.875,8,success,
58283,0,1,8,,distance,levenshtein,0.27921605110168457,0.875,1.0,0.9333333333333333,8,success,
72994,0,1,9,,distance,levenshtein,0.20703792572021484,0.875,1.0,0.9333333333333333,9,success,
79820,0,1,10,,distance,levenshtein,0.04112696647644043,1.0,1.0,1.0,10,success,
75385,0,1,8,,distance,levenshtein,0.27674007415771484,0.875,1.0,0.9333333333333333,8,success,
89149,0,1,8,,distance,levenshtein,0.28220081329345703,1.0,1.0,1.0,8,success,
7239,0,1,9,,distance,levenshtein,0.27812695503234863,0.7777777777777778,1.0,0.875,9,success,
79121,0,1,7,,distance,levenshtein,0.14545106887817383,1.0,1.0,1.0,7,success,
36624,0,1,8,,distance,levenshtein,0.490764856338501,0.7777777777777778,1.0,0.875,8,success,
114,0,1,10,,distance,levenshtein,0.0429987907409668,1.0,0.8571428571428571,0.9230769230769231,10,success,
29382,0,1,5,,distance,levenshtein,0.3003830909729004,1.0,1.0,1.0,5,success,
72994,0,1,10,,distance,levenshtein,0.043550968170166016,0.875,1.0,0.9333333333333333,10,success,
79820,0,2,2,,distance,levenshtein,0.08071398735046387,1.0,1.0,1.0,2,success,
51134,0,1,8,,distance,levenshtein,0.42519402503967285,0.6363636363636364,1.0,0.7777777777777778,8,success,
56085,0,1,9,,distance,levenshtein,0.30081820487976074,0.875,1.0,0.9333333333333333,9,success,
39161,0,1,7,,distance,levenshtein,0.6312918663024902,0.875,1.0,0.9333333333333333,7,success,
7239,0,1,10,,distance,levenshtein,0.04153609275817871,0.7777777777777778,1.0,0.875,10,success,
97635,0,1,9,,distance,levenshtein,0.23085999488830566,1.0,1.0,1.0,9,success,
11298,0,1,9,,distance,levenshtein,0.2023608684539795,0.875,1.0,0.9333333333333333,9,success,
69007,0,1,8,,distance,levenshtein,0.37061095237731934,0.7777777777777778,1.0,0.875,8,success,
70332,0,1,7,,distance,levenshtein,0.7378559112548828,1.0,1.0,1.0,7,success,
58283,0,1,9,,distance,levenshtein,0.20064091682434082,0.875,1.0,0.9333333333333333,9,success,
114,0,2,2,,distance,levenshtein,0.0880589485168457,1.0,1.0,1.0,2,success,
72994,0,2,2,,distance,levenshtein,0.04571700096130371,0.875,1.0,0.9333333333333333,2,success,
98846,0,1,9,,distance,levenshtein,0.3193070888519287,0.7777777777777778,1.0,0.875,9,success,
75385,0,1,9,,distance,levenshtein,0.20955109596252441,0.875,1.0,0.9333333333333333,9,success,
89149,0,1,9,,distance,levenshtein,0.20400190353393555,1.0,1.0,1.0,9,success,
7239,0,2,2,,distance,levenshtein,0.0701758861541748,0.7777777777777778,1.0,0.875,2,success,
59934,0,1,6,,distance,levenshtein,0.4118008613586426,0.875,1.0,0.9333333333333333,6,success,
11298,0,1,10,,distance,levenshtein,0.04051399230957031,0.875,1.0,0.9333333333333333,10,success,
97635,0,1,10,,distance,levenshtein,0.05274796485900879,1.0,1.0,1.0,10,success,
56085,0,1,10,,distance,levenshtein,0.06579399108886719,0.875,1.0,0.9333333333333333,10,success,
58283,0,1,10,,distance,levenshtein,0.04283905029296875,0.8571428571428571,0.8571428571428571,0.8571428571428571,10,success,
9178,0,1,7,,distance,levenshtein,0.6470539569854736,0.7777777777777778,1.0,0.875,7,success,
79121,0,1,8,,distance,levenshtein,0.30301690101623535,1.0,1.0,1.0,8,success,
93344,0,1,8,,distance,levenshtein,0.5518648624420166,1.0,1.0,1.0,8,success,
87228,0,1,9,,distance,levenshtein,0.4495358467102051,0.7777777777777778,1.0,0.875,9,success,
98846,0,1,10,,distance,levenshtein,0.04138898849487305,0.7777777777777778,1.0,0.875,10,success,
51134,0,1,9,,distance,levenshtein,0.20541596412658691,0.6363636363636364,1.0,0.7777777777777778,9,success,
75385,0,1,10,,distance,levenshtein,0.04123806953430176,0.875,1.0,0.9333333333333333,10,success,
89149,0,1,10,,distance,levenshtein,0.04138994216918945,1.0,1.0,1.0,10,success,
97635,0,2,2,,distance,levenshtein,0.05890917778015137,1.0,1.0,1.0,2,success,
11298,0,2,2,,distance,levenshtein,0.07054400444030762,0.875,1.0,0.9333333333333333,2,success,
58283,0,2,2,,distance,levenshtein,0.05970311164855957,0.875,1.0,0.9333333333333333,2,success,
98846,0,2,2,,distance,levenshtein,0.05236220359802246,0.7777777777777778,1.0,0.875,2,success,
56085,0,2,2,,distance,levenshtein,0.0877079963684082,0.875,1.0,0.9333333333333333,2,success,
85303,0,1,8,,distance,levenshtein,0.6453981399536133,0.7777777777777778,1.0,0.875,8,success,
51134,0,1,10,,distance,levenshtein,0.04048800468444824,0.6363636363636364,1.0,0.7777777777777778,10,success,
70332,0,1,8,,distance,levenshtein,0.30268383026123047,1.0,1.0,1.0,8,success,
65447,0,1,8,,distance,levenshtein,0.853748083114624,0.7777777777777778,1.0,0.875,8,success,
75385,0,2,2,,distance,levenshtein,0.12287092208862305,0.875,1.0,0.9333333333333333,2,success,
8938,0,1,9,,distance,levenshtein,0.8545382022857666,0.875,1.0,0.9333333333333333,9,success,
29382,0,1,6,,distance,levenshtein,0.46735215187072754,1.0,1.0,1.0,6,success,
97635,0,2,3,,distance,levenshtein,0.1490800380706787,1.0,1.0,1.0,3,success,
89149,0,2,2,,distance,levenshtein,0.16798996925354004,1.0,1.0,1.0,2,success,
51134,0,2,2,,distance,levenshtein,0.045916080474853516,0.6363636363636364,1.0,0.7777777777777778,2,success,
69007,0,1,9,,distance,levenshtein,0.459575891494751,0.7777777777777778,1.0,0.875,9,success,
79121,0,1,9,,distance,levenshtein,0.24677109718322754,1.0,1.0,1.0,9,success,
87228,0,1,10,,distance,levenshtein,0.24994301795959473,0.7777777777777778,1.0,0.875,10,success,
72994,0,2,3,,distance,levenshtein,0.575592041015625,0.875,1.0,0.9333333333333333,3,success,
79820,0,2,3,,distance,levenshtein,0.6811788082122803,1.0,1.0,1.0,3,success,
79121,0,1,10,,distance,levenshtein,0.04383397102355957,1.0,1.0,1.0,10,success,
87228,0,2,2,,distance,levenshtein,0.0726170539855957,0.7777777777777778,1.0,0.875,2,success,
65447,0,1,9,,distance,levenshtein,0.20866894721984863,0.7777777777777778,1.0,0.875,9,success,
58283,0,2,3,,distance,levenshtein,0.3843071460723877,0.875,1.0,0.9333333333333333,3,success,
11298,0,2,3,,distance,levenshtein,0.4185600280761719,0.875,1.0,0.9333333333333333,3,success,
51134,0,2,3,,distance,levenshtein,0.22363519668579102,0.6363636363636364,1.0,0.7777777777777778,3,success,
79121,0,2,2,,distance,levenshtein,0.05209779739379883,1.0,1.0,1.0,2,success,
65447,0,1,10,,distance,levenshtein,0.04283499717712402,0.7777777777777778,1.0,0.875,10,success,
69007,0,1,10,,distance,levenshtein,0.25225400924682617,0.7777777777777778,1.0,0.875,10,success,
56085,0,2,3,,distance,levenshtein,0.5632669925689697,0.875,1.0,0.9333333333333333,3,success,
85303,0,1,9,,distance,levenshtein,0.5363399982452393,0.7777777777777778,1.0,0.875,9,success,
65447,0,2,2,,distance,levenshtein,0.06748104095458984,0.7777777777777778,1.0,0.875,2,success,
69007,0,2,2,,distance,levenshtein,0.06117606163024902,0.7777777777777778,1.0,0.875,2,success,
59934,0,1,7,,distance,levenshtein,0.8223130702972412,0.875,1.0,0.9333333333333333,7,success,
97635,0,2,4,,distance,levenshtein,0.5420980453491211,1.0,1.0,1.0,4,success,
87228,0,2,3,,distance,levenshtein,0.3184540271759033,0.7777777777777778,1.0,0.875,3,success,
85303,0,1,10,,distance,levenshtein,0.044775962829589844,0.7777777777777778,1.0,0.875,10,success,
8938,0,1,10,,distance,levenshtein,0.6360809803009033,0.875,1.0,0.9333333333333333,10,success,
7239,0,2,3,,distance,levenshtein,1.0830249786376953,0.7777777777777778,1.0,0.875,3,success,
39161,0,1,8,,distance,levenshtein,1.2783429622650146,0.875,1.0,0.9333333333333333,8,success,
98846,0,2,3,,distance,levenshtein,0.9227068424224854,0.7777777777777778,1.0,0.875,3,success,
85303,0,2,2,,distance,levenshtein,0.06218314170837402,0.7777777777777778,1.0,0.875,2,success,
114,0,2,3,,distance,levenshtein,1.2793338298797607,1.0,1.0,1.0,3,success,
8938,0,2,2,,distance,levenshtein,0.056223154067993164,0.875,1.0,0.9333333333333333,2,success,
97635,0,2,5,,distance,levenshtein,0.18608880043029785,1.0,1.0,1.0,5,success,
9178,0,1,8,,distance,levenshtein,1.2857000827789307,0.7777777777777778,1.0,0.875,8,success,
39161,0,1,9,,distance,levenshtein,0.16135811805725098,0.875,1.0,0.9333333333333333,9,success,
65447,0,2,3,,distance,levenshtein,0.5222370624542236,0.7777777777777778,1.0,0.875,3,success,
8938,0,2,3,,distance,levenshtein,0.2314610481262207,0.875,1.0,0.9333333333333333,3,success,
69007,0,2,3,,distance,levenshtein,0.603611946105957,0.7777777777777778,1.0,0.875,3,success,
79121,0,2,3,,distance,levenshtein,0.989954948425293,1.0,1.0,1.0,3,success,
93344,0,1,9,,distance,levenshtein,1.6903789043426514,1.0,1.0,1.0,9,success,
75385,0,2,3,,distance,levenshtein,1.5408239364624023,0.875,1.0,0.9333333333333333,3,success,
51134,0,2,4,,distance,levenshtein,1.2711241245269775,0.6363636363636364,1.0,0.7777777777777778,4,success,
93344,0,1,10,,distance,levenshtein,0.07960915565490723,1.0,1.0,1.0,10,success,
39161,0,1,10,,distance,levenshtein,0.4545629024505615,0.875,1.0,0.9333333333333333,10,success,
98846,0,2,4,,distance,levenshtein,0.7848570346832275,0.7777777777777778,1.0,0.875,4,success,
85303,0,2,3,,distance,levenshtein,0.8014729022979736,0.7777777777777778,1.0,0.875,3,success,
58283,0,2,4,,distance,levenshtein,1.3734350204467773,0.875,1.0,0.9333333333333333,4,success,
114,0,2,4,,distance,levenshtein,0.8068499565124512,1.0,1.0,1.0,4,success,
39161,0,2,2,,distance,levenshtein,0.043988943099975586,0.875,1.0,0.9333333333333333,2,success,
93344,0,2,2,,distance,levenshtein,0.06301498413085938,1.0,1.0,1.0,2,success,
97635,0,2,6,,distance,levenshtein,0.7903380393981934,1.0,1.0,1.0,6,success,
39161,0,2,3,,distance,levenshtein,0.18566417694091797,0.875,1.0,0.9333333333333333,3,success,
58283,0,2,5,,distance,levenshtein,0.18141794204711914,0.875,1.0,0.9333333333333333,5,success,
9178,0,1,9,,distance,levenshtein,0.9335122108459473,0.7777777777777778,1.0,0.875,9,success,
11298,0,2,4,,distance,levenshtein,1.7469120025634766,0.875,1.0,0.9333333333333333,4,success,
87228,0,2,4,,distance,levenshtein,1.4354910850524902,0.7777777777777778,1.0,0.875,4,success,
93344,0,2,3,,distance,levenshtein,0.331218957901001,1.0,1.0,1.0,3,success,
51134,0,2,5,,distance,levenshtein,0.6101031303405762,0.6363636363636364,1.0,0.7777777777777778,5,success,
11298,0,2,5,,distance,levenshtein,0.11657309532165527,0.875,1.0,0.9333333333333333,5,success,
97635,0,2,7,,distance,levenshtein,0.436237096786499,1.0,1.0,1.0,7,success,
39161,0,2,4,,distance,levenshtein,0.3274519443511963,0.875,1.0,0.9333333333333333,4,success,
69007,0,2,4,,distance,levenshtein,1.1478068828582764,0.7777777777777778,1.0,0.875,4,success,
114,0,2,5,,distance,levenshtein,0.5765910148620605,1.0,1.0,1.0,5,success,
9178,0,1,10,,distance,levenshtein,0.3386118412017822,0.7777777777777778,1.0,0.875,10,success,
79121,0,2,4,,distance,levenshtein,1.2484889030456543,1.0,1.0,1.0,4,success,
9178,0,2,2,,distance,levenshtein,0.06371593475341797,0.7777777777777778,1.0,0.875,2,success,
51134,0,2,6,,distance,levenshtein,0.21613097190856934,0.6363636363636364,1.0,0.7777777777777778,6,success,
79820,0,2,4,,distance,levenshtein,2.486241102218628,1.0,1.0,1.0,4,success,
93344,0,2,4,,distance,levenshtein,0.4718799591064453,1.0,1.0,1.0,4,success,
39161,0,2,5,,distance,levenshtein,0.24792003631591797,0.875,1.0,0.9333333333333333,5,success,
56085,0,2,4,,distance,levenshtein,2.2479419708251953,0.875,1.0,0.9333333333333333,4,success,
7239,0,2,4,,distance,levenshtein,2.0450310707092285,0.7777777777777778,1.0,0.875,4,success,
11298,0,2,6,,distance,levenshtein,0.23257684707641602,0.875,1.0,0.9333333333333333,6,success,
29382,0,1,7,,distance,levenshtein,2.9128050804138184,1.0,1.0,1.0,7,success,
79121,0,2,5,,distance,levenshtein,0.15021800994873047,1.0,1.0,1.0,5,success,
114,0,2,6,,distance,levenshtein,0.2584519386291504,1.0,1.0,1.0,6,success,
93344,0,2,5,,distance,levenshtein,0.14355206489562988,1.0,1.0,1.0,5,success,
79820,0,2,5,,distance,levenshtein,0.14786195755004883,1.0,1.0,1.0,5,success,
69007,0,2,5,,distance,levenshtein,0.4950089454650879,0.7777777777777778,1.0,0.875,5,success,
56085,0,2,5,,distance,levenshtein,0.21454596519470215,0.875,1.0,0.9333333333333333,5,success,
58283,0,2,6,,distance,levenshtein,0.9896130561828613,0.875,1.0,0.9333333333333333,6,success,
29382,0,1,8,,distance,levenshtein,0.11216211318969727,1.0,1.0,1.0,8,success,
97635,0,2,8,,distance,levenshtein,0.5442118644714355,1.0,1.0,1.0,8,success,
7239,0,2,5,,distance,levenshtein,0.24211597442626953,0.7777777777777778,1.0,0.875,5,success,
51134,0,2,7,,distance,levenshtein,0.37542295455932617,0.6363636363636364,1.0,0.7777777777777778,7,success,
9178,0,2,3,,distance,levenshtein,0.5892019271850586,0.7777777777777778,1.0,0.875,3,success,
79121,0,2,6,,distance,levenshtein,0.2994809150695801,1.0,1.0,1.0,6,success,
93344,0,2,6,,distance,levenshtein,0.31296610832214355,1.0,1.0,1.0,6,success,
69007,0,2,6,,distance,levenshtein,0.27605390548706055,0.7777777777777778,1.0,0.875,6,success,
85303,0,2,4,,distance,levenshtein,1.743299961090088,0.7777777777777778,1.0,0.875,4,success,
11298,0,2,7,,distance,levenshtein,0.5214700698852539,0.875,1.0,0.9333333333333333,7,success,
56085,0,2,6,,distance,levenshtein,0.3314671516418457,0.875,1.0,0.9333333333333333,6,success,
114,0,2,7,,distance,levenshtein,0.5622789859771729,1.0,1.0,1.0,7,success,
85303,0,2,5,,distance,levenshtein,0.19158315658569336,0.7777777777777778,1.0,0.875,5,success,
79121,0,2,7,,distance,levenshtein,0.3558218479156494,1.0,1.0,1.0,7,success,
36624,0,1,9,,distance,levenshtein,4.7293031215667725,0.7777777777777778,1.0,0.875,9,success,
51134,0,2,8,,distance,levenshtein,0.5120031833648682,0.6363636363636364,1.0,0.7777777777777778,8,success,
93344,0,2,7,,distance,levenshtein,0.31168198585510254,1.0,1.0,1.0,7,success,
39161,0,2,6,,distance,levenshtein,1.2062430381774902,0.875,1.0,0.9333333333333333,6,success,
8938,0,2,4,,distance,levenshtein,3.2136471271514893,0.875,1.0,0.9333333333333333,4,success,
56085,0,2,7,,distance,levenshtein,0.48065900802612305,0.875,1.0,0.9333333333333333,7,success,
72994,0,2,4,,distance,levenshtein,4.429671049118042,0.8571428571428571,0.8571428571428571,0.8571428571428571,4,success,
11298,0,2,8,,distance,levenshtein,0.6454579830169678,0.875,1.0,0.9333333333333333,8,success,
70332,0,1,9,,distance,levenshtein,4.650202035903931,1.0,1.0,1.0,9,success,
97635,0,2,9,,distance,levenshtein,1.1985149383544922,1.0,1.0,1.0,9,success,
114,0,2,8,,distance,levenshtein,0.6273331642150879,1.0,1.0,1.0,8,success,
93344,0,2,8,,distance,levenshtein,0.43053603172302246,1.0,1.0,1.0,8,success,
72994,0,2,5,,distance,levenshtein,0.09667515754699707,0.875,1.0,0.9333333333333333,5,success,
85303,0,2,6,,distance,levenshtein,0.7396540641784668,0.7777777777777778,1.0,0.875,6,success,
79820,0,2,6,,distance,levenshtein,1.5096330642700195,1.0,1.0,1.0,6,success,
7239,0,2,6,,distance,levenshtein,1.4200348854064941,0.7777777777777778,1.0,0.875,6,success,
36624,0,1,10,,distance,levenshtein,0.6480469703674316,0.7777777777777778,1.0,0.875,10,success,
39161,0,2,7,,distance,levenshtein,0.6162080764770508,0.875,1.0,0.9333333333333333,7,success,
36624,0,2,2,,distance,levenshtein,0.05562400817871094,0.7777777777777778,1.0,0.875,2,success,
51134,0,2,9,,distance,levenshtein,0.7148981094360352,0.6363636363636364,1.0,0.7777777777777778,9,success,
70332,0,1,10,,distance,levenshtein,0.3855278491973877,1.0,1.0,1.0,10,success,
72994,0,2,6,,distance,levenshtein,0.3229360580444336,0.875,1.0,0.9333333333333333,6,success,
70332,0,2,2,,distance,levenshtein,0.05419301986694336,1.0,1.0,1.0,2,success,
69007,0,2,7,,distance,levenshtein,1.4381320476531982,0.7777777777777778,1.0,0.875,7,success,
56085,0,2,8,,distance,levenshtein,0.6856908798217773,0.8571428571428571,0.8571428571428571,0.8571428571428571,8,success,
65447,0,2,4,,distance,levenshtein,4.22838020324707,0.7777777777777778,1.0,0.875,4,success,
89149,0,2,3,,distance,levenshtein,5.434575796127319,1.0,1.0,1.0,3,success,
70332,0,2,3,,distance,levenshtein,0.18234705924987793,1.0,1.0,1.0,3,success,
7239,0,2,7,,distance,levenshtein,0.42542314529418945,0.7777777777777778,1.0,0.875,7,success,
11298,0,2,9,,distance,levenshtein,0.7820651531219482,0.875,1.0,0.9333333333333333,9,success,
93344,0,2,9,,distance,levenshtein,0.7170000076293945,1.0,1.0,1.0,9,success,
9178,0,2,4,,distance,levenshtein,2.2550690174102783,0.7777777777777778,1.0,0.875,4,success,
39161,0,2,8,,distance,levenshtein,0.748845100402832,0.875,1.0,0.9333333333333333,8,success,
72994,0,2,7,,distance,levenshtein,0.43889498710632324,0.8571428571428571,0.8571428571428571,0.8571428571428571,7,success,
9178,0,2,5,,distance,levenshtein,0.20999789237976074,0.7777777777777778,1.0,0.875,5,success,
51134,0,2,10,,distance,levenshtein,0.9027140140533447,0.6,0.8571428571428571,0.7058823529411765,10,success,
51134,0,3,2,,distance,levenshtein,0.012872934341430664,0.6363636363636364,1.0,0.7777777777777778,2,success,
97635,0,2,10,,distance,levenshtein,1.438659906387329,1.0,1.0,1.0,10,success,
97635,0,3,2,,distance,levenshtein,0.016520023345947266,1.0,1.0,1.0,2,success,
51134,0,3,3,,distance,levenshtein,0.07559013366699219,0.6363636363636364,1.0,0.7777777777777778,3,success,
7239,0,2,8,,distance,levenshtein,0.6504020690917969,0.7777777777777778,1.0,0.875,8,success,
56085,0,2,9,,distance,levenshtein,0.8106720447540283,0.875,1.0,0.9333333333333333,9,success,
39161,0,2,9,,distance,levenshtein,0.46300721168518066,0.875,1.0,0.9333333333333333,9,success,
97635,0,3,3,,distance,levenshtein,0.03898310661315918,1.0,1.0,1.0,3,success,
51134,0,3,4,,distance,levenshtein,0.03388190269470215,0.6363636363636364,1.0,0.7777777777777778,4,success,
58283,0,2,7,,distance,levenshtein,3.079974889755249,0.875,1.0,0.9333333333333333,7,success,
72994,0,2,8,,distance,levenshtein,0.6232221126556396,0.875,1.0,0.9333333333333333,8,success,
51134,0,3,5,,distance,levenshtein,0.10648107528686523,0.6363636363636364,1.0,0.7777777777777778,5,success,
97635,0,3,4,,distance,levenshtein,0.1260209083557129,1.0,1.0,1.0,4,success,
11298,0,2,10,,distance,levenshtein,0.6327428817749023,0.875,1.0,0.9333333333333333,10,success,
36624,0,2,3,,distance,levenshtein,1.6717839241027832,0.7777777777777778,1.0,0.875,3,success,
11298,0,3,2,,distance,levenshtein,0.029584884643554688,0.875,1.0,0.9333333333333333,2,success,
97635,0,3,5,,distance,levenshtein,0.06436896324157715,1.0,1.0,1.0,5,success,
51134,0,3,6,,distance,levenshtein,0.08482193946838379,0.6363636363636364,1.0,0.7777777777777778,6,success,
93344,0,2,10,,distance,levenshtein,0.876255989074707,1.0,1.0,1.0,10,success,
79121,0,2,8,,distance,levenshtein,2.6948189735412598,1.0,1.0,1.0,8,success,
11298,0,3,3,,distance,levenshtein,0.06695890426635742,0.875,1.0,0.9333333333333333,3,success,
93344,0,3,2,,distance,levenshtein,0.0501251220703125,1.0,1.0,1.0,2,success,
51134,0,3,7,,distance,levenshtein,0.11081099510192871,0.6363636363636364,1.0,0.7777777777777778,7,success,
93344,0,3,3,,distance,levenshtein,0.046315908432006836,1.0,1.0,1.0,3,success,
11298,0,3,4,,distance,levenshtein,0.12594890594482422,0.875,1.0,0.9333333333333333,4,success,
51134,0,3,8,,distance,levenshtein,0.041361093521118164,0.6363636363636364,1.0,0.7777777777777778,8,success,
93344,0,3,4,,distance,levenshtein,0.1192021369934082,1.0,1.0,1.0,4,success,
51134,0,3,9,,distance,levenshtein,0.04920601844787598,0.6363636363636364,1.0,0.7777777777777778,9,success,
97635,0,3,6,,distance,levenshtein,0.45851993560791016,1.0,1.0,1.0,6,success,
58283,0,2,8,,distance,levenshtein,0.6158261299133301,0.875,1.0,0.9333333333333333,8,success,
11298,0,3,5,,distance,levenshtein,0.1931610107421875,0.875,1.0,0.9333333333333333,5,success,
79820,0,2,7,,distance,levenshtein,2.400055170059204,1.0,1.0,1.0,7,success,
9178,0,2,6,,distance,levenshtein,1.224327802658081,0.7777777777777778,1.0,0.875,6,success,
51134,0,3,10,,distance,levenshtein,0.05849409103393555,0.6363636363636364,1.0,0.7777777777777778,10,success,
93344,0,3,5,,distance,levenshtein,0.2835698127746582,1.0,0.8571428571428571,0.9230769230769231,5,success,
7239,0,2,9,,distance,levenshtein,0.9593868255615234,0.7777777777777778,1.0,0.875,9,success,
51134,0,4,2,,distance,levenshtein,0.050943851470947266,0.6363636363636364,1.0,0.7777777777777778,2,success,
11298,0,3,6,,distance,levenshtein,0.2588989734649658,0.875,1.0,0.9333333333333333,6,success,
89149,0,2,4,,distance,levenshtein,2.297119140625,1.0,1.0,1.0,4,success,
56085,0,2,10,,distance,levenshtein,1.0318119525909424,0.875,1.0,0.9333333333333333,10,success,
51134,0,4,3,,distance,levenshtein,0.10341382026672363,0.6363636363636364,1.0,0.7777777777777778,3,success,
79121,0,2,9,,distance,levenshtein,0.721156120300293,1.0,1.0,1.0,9,success,
72994,0,2,9,,distance,levenshtein,0.9969279766082764,0.875,1.0,0.9333333333333333,9,success,
39161,0,2,10,,distance,levenshtein,1.2411489486694336,0.875,1.0,0.9333333333333333,10,success,
56085,0,3,2,,distance,levenshtein,0.024396181106567383,0.875,1.0,0.9333333333333333,2,success,
39161,0,3,2,,distance,levenshtein,0.016674041748046875,0.875,1.0,0.9333333333333333,2,success,
59934,0,1,8,,distance,levenshtein,7.4432761669158936,0.875,1.0,0.9333333333333333,8,success,
51134,0,4,4,,distance,levenshtein,0.09687614440917969,0.6363636363636364,1.0,0.7777777777777778,4,success,
56085,0,3,3,,distance,levenshtein,0.07487106323242188,0.875,1.0,0.9333333333333333,3,success,
39161,0,3,3,,distance,levenshtein,0.04772305488586426,0.875,1.0,0.9333333333333333,3,success,
65447,0,2,5,,distance,levenshtein,2.6676650047302246,0.7777777777777778,1.0,0.875,5,success,
69007,0,2,8,,distance,levenshtein,2.788093090057373,0.7777777777777778,1.0,0.875,8,success,
89149,0,2,5,,distance,levenshtein,0.22552180290222168,1.0,1.0,1.0,5,success,
39161,0,3,4,,distance,levenshtein,0.09747719764709473,0.875,1.0,0.9333333333333333,4,success,
85303,0,2,7,,distance,levenshtein,3.3392529487609863,0.7777777777777778,1.0,0.875,7,success,
58283,0,2,9,,distance,levenshtein,0.7033829689025879,0.875,1.0,0.9333333333333333,9,success,
51134,0,4,5,,distance,levenshtein,0.29482221603393555,0.6363636363636364,1.0,0.7777777777777778,5,success,
79820,0,2,8,,distance,levenshtein,0.6956369876861572,1.0,1.0,1.0,8,success,
56085,0,3,4,,distance,levenshtein,0.26221394538879395,0.875,1.0,0.9333333333333333,4,success,
97635,0,3,7,,distance,levenshtein,1.0987110137939453,1.0,1.0,1.0,7,success,
39161,0,3,5,,distance,levenshtein,0.266355037689209,0.875,1.0,0.9333333333333333,5,success,
93344,0,3,6,,distance,levenshtein,1.0455608367919922,1.0,1.0,1.0,6,success,
114,0,2,9,,distance,levenshtein,3.924306869506836,1.0,1.0,1.0,9,success,
65447,0,2,6,,distance,levenshtein,0.5733249187469482,0.7777777777777778,1.0,0.875,6,success,
79121,0,2,10,,distance,levenshtein,0.7989981174468994,1.0,1.0,1.0,10,success,
79121,0,3,2,,distance,levenshtein,0.048120975494384766,1.0,1.0,1.0,2,success,
51134,0,4,6,,distance,levenshtein,0.5485551357269287,0.6363636363636364,1.0,0.7777777777777778,6,success,
56085,0,3,5,,distance,levenshtein,0.5233509540557861,0.875,1.0,0.9333333333333333,5,success,
70332,0,2,4,,distance,levenshtein,3.57804012298584,1.0,1.0,1.0,4,success,
79121,0,3,3,,distance,levenshtein,0.07962489128112793,1.0,1.0,1.0,3,success,
39161,0,3,6,,distance,levenshtein,0.5240650177001953,0.875,1.0,0.9333333333333333,6,success,
85303,0,2,8,,distance,levenshtein,0.6304500102996826,0.7777777777777778,1.0,0.875,8,success,
69007,0,2,9,,distance,levenshtein,0.715015172958374,0.7777777777777778,1.0,0.875,9,success,
93344,0,3,7,,distance,levenshtein,0.2974588871002197,1.0,1.0,1.0,7,success,
97635,0,3,8,,distance,levenshtein,0.6001989841461182,1.0,1.0,1.0,8,success,
72994,0,2,10,,distance,levenshtein,1.1550259590148926,0.875,1.0,0.9333333333333333,10,success,
72994,0,3,2,,distance,levenshtein,0.03626203536987305,0.875,1.0,0.9333333333333333,2,success,
93344,0,3,8,,distance,levenshtein,0.05929279327392578,1.0,1.0,1.0,8,success,
79820,0,2,9,,distance,levenshtein,0.8100838661193848,1.0,1.0,1.0,9,success,
65447,0,2,7,,distance,levenshtein,0.3550229072570801,0.7777777777777778,1.0,0.875,7,success,
39161,0,3,7,,distance,levenshtein,0.32865190505981445,0.875,1.0,0.9333333333333333,7,success,
93344,0,3,9,,distance,levenshtein,0.08707594871520996,1.0,1.0,1.0,9,success,
72994,0,3,3,,distance,levenshtein,0.34701108932495117,0.875,1.0,0.9333333333333333,3,success,
51134,0,4,7,,distance,levenshtein,0.6410748958587646,0.6363636363636364,1.0,0.7777777777777778,7,success,
70332,0,2,5,,distance,levenshtein,0.6103391647338867,1.0,1.0,1.0,5,success,
70332,0,2,6,,distance,levenshtein,0.08123016357421875,1.0,1.0,1.0,6,success,
72994,0,3,4,,distance,levenshtein,0.4420599937438965,0.875,1.0,0.9333333333333333,4,success,
65447,0,2,8,,distance,levenshtein,0.5188379287719727,0.7777777777777778,1.0,0.875,8,success,
75385,0,2,4,,distance,levenshtein,8.930243015289307,0.875,1.0,0.9333333333333333,4,success,
70332,0,2,7,,distance,levenshtein,0.25301694869995117,1.0,1.0,1.0,7,success,
9178,0,2,7,,distance,levenshtein,2.9100160598754883,0.7777777777777778,1.0,0.875,7,success,
75385,0,2,5,,distance,levenshtein,0.18923211097717285,0.875,1.0,0.9333333333333333,5,success,
79121,0,3,4,,distance,levenshtein,1.5979409217834473,1.0,1.0,1.0,4,success,
72994,0,3,5,,distance,levenshtein,0.5482170581817627,0.875,1.0,0.9333333333333333,5,success,
65447,0,2,9,,distance,levenshtein,0.5529870986938477,0.7777777777777778,1.0,0.875,9,success,
70332,0,2,8,,distance,levenshtein,0.4773240089416504,1.0,0.7142857142857143,0.8333333333333334,8,success,
75385,0,2,6,,distance,levenshtein,0.3674478530883789,0.875,1.0,0.9333333333333333,6,success,
79121,0,3,5,,distance,levenshtein,0.5372190475463867,1.0,1.0,1.0,5,success,
9178,0,2,8,,distance,levenshtein,0.6570930480957031,0.7777777777777778,1.0,0.875,8,success,
69007,0,2,10,,distance,levenshtein,2.3092830181121826,0.7777777777777778,1.0,0.875,10,success,
69007,0,3,2,,distance,levenshtein,0.0567319393157959,0.7777777777777778,1.0,0.875,2,success,
75385,0,2,7,,distance,levenshtein,0.4291970729827881,0.875,1.0,0.9333333333333333,7,success,
51134,0,4,8,,distance,levenshtein,2.0614590644836426,0.6363636363636364,1.0,0.7777777777777778,8,success,
69007,0,3,3,,distance,levenshtein,0.09116101264953613,0.7777777777777778,1.0,0.875,3,success,
70332,0,2,9,,distance,levenshtein,0.6501281261444092,1.0,1.0,1.0,9,success,
65447,0,2,10,,distance,levenshtein,0.7317540645599365,0.7777777777777778,1.0,0.875,10,success,
69007,0,3,4,,distance,levenshtein,0.0928800106048584,0.7777777777777778,1.0,0.875,4,success,
65447,0,3,2,,distance,levenshtein,0.04217410087585449,0.7777777777777778,1.0,0.875,2,success,
65447,0,3,3,,distance,levenshtein,0.04873299598693848,0.75,0.8571428571428571,0.8,3,success,
65447,0,3,4,,distance,levenshtein,0.12487602233886719,0.7777777777777778,1.0,0.875,4,success,
75385,0,2,8,,distance,levenshtein,0.5267088413238525,0.875,1.0,0.9333333333333333,8,success,
85303,0,2,9,,distance,levenshtein,3.2732608318328857,0.7777777777777778,1.0,0.875,9,success,
9178,0,2,9,,distance,levenshtein,0.8615808486938477,0.7777777777777778,1.0,0.875,9,success,
69007,0,3,5,,distance,levenshtein,0.4772369861602783,0.7777777777777778,1.0,0.875,5,success,
89149,0,2,6,,distance,levenshtein,4.4036760330200195,1.0,1.0,1.0,6,success,
114,0,2,10,,distance,levenshtein,3.5740771293640137,1.0,1.0,1.0,10,success,
93344,0,3,10,,distance,levenshtein,3.0691230297088623,1.0,1.0,1.0,10,success,
114,0,3,2,,distance,levenshtein,0.04011392593383789,1.0,1.0,1.0,2,success,
65447,0,3,5,,distance,levenshtein,0.30028796195983887,0.7777777777777778,1.0,0.875,5,success,
93344,0,4,2,,distance,levenshtein,0.0774991512298584,1.0,1.0,1.0,2,success,
69007,0,3,6,,distance,levenshtein,0.30467891693115234,0.7777777777777778,1.0,0.875,6,success,
79121,0,3,6,,distance,levenshtein,1.5255849361419678,1.0,1.0,1.0,6,success,
79820,0,2,10,,distance,levenshtein,3.547581911087036,1.0,1.0,1.0,10,success,
114,0,3,3,,distance,levenshtein,0.5416309833526611,1.0,1.0,1.0,3,success,
79820,0,3,2,,distance,levenshtein,0.018968820571899414,1.0,1.0,1.0,2,success,
89149,0,2,7,,distance,levenshtein,0.4873340129852295,1.0,1.0,1.0,7,success,
93344,0,4,3,,distance,levenshtein,0.6002140045166016,1.0,1.0,1.0,3,success,
79121,0,3,7,,distance,levenshtein,0.3106110095977783,1.0,1.0,1.0,7,success,
69007,0,3,7,,distance,levenshtein,0.39711499214172363,0.7777777777777778,1.0,0.875,7,success,
79820,0,3,3,,distance,levenshtein,0.11970090866088867,1.0,1.0,1.0,3,success,
75385,0,2,9,,distance,levenshtein,0.8702728748321533,0.875,1.0,0.9333333333333333,9,success,
79820,0,3,4,,distance,levenshtein,0.14547300338745117,1.0,1.0,1.0,4,success,
85303,0,2,10,,distance,levenshtein,0.9507138729095459,0.7777777777777778,1.0,0.875,10,success,
65447,0,3,6,,distance,levenshtein,0.9540469646453857,0.7777777777777778,1.0,0.875,6,success,
85303,0,3,2,,distance,levenshtein,0.035275936126708984,0.7777777777777778,1.0,0.875,2,success,
9178,0,2,10,,distance,levenshtein,1.0047461986541748,0.7777777777777778,1.0,0.875,10,success,
114,0,3,4,,distance,levenshtein,0.5800290107727051,1.0,1.0,1.0,4,success,
65447,0,3,7,,distance,levenshtein,0.06557011604309082,0.7777777777777778,1.0,0.875,7,success,
9178,0,3,2,,distance,levenshtein,0.04836583137512207,0.7777777777777778,1.0,0.875,2,success,
79121,0,3,8,,distance,levenshtein,0.41899895668029785,1.0,1.0,1.0,8,success,
7239,0,2,10,,distance,levenshtein,6.326223134994507,0.7777777777777778,1.0,0.875,10,success,
9178,0,3,3,,distance,levenshtein,0.04883098602294922,0.7777777777777778,1.0,0.875,3,success,
7239,0,3,2,,distance,levenshtein,0.030952930450439453,0.7777777777777778,1.0,0.875,2,success,
69007,0,3,8,,distance,levenshtein,0.5866119861602783,0.7777777777777778,1.0,0.875,8,success,
79820,0,3,5,,distance,levenshtein,0.3890719413757324,1.0,1.0,1.0,5,success,
11298,0,3,7,,distance,levenshtein,6.771941900253296,0.875,1.0,0.9333333333333333,7,success,
7239,0,3,3,,distance,levenshtein,0.07541584968566895,0.7777777777777778,1.0,0.875,3,success,
9178,0,3,4,,distance,levenshtein,0.10759997367858887,0.7777777777777778,1.0,0.875,4,success,
85303,0,3,3,,distance,levenshtein,0.35421204566955566,0.7777777777777778,1.0,0.875,3,success,
89149,0,2,8,,distance,levenshtein,0.7178390026092529,1.0,1.0,1.0,8,success,
79121,0,3,9,,distance,levenshtein,0.14267897605895996,1.0,1.0,1.0,9,success,
7239,0,3,4,,distance,levenshtein,0.13156604766845703,0.7777777777777778,1.0,0.875,4,success,
79820,0,3,6,,distance,levenshtein,0.24503493309020996,1.0,1.0,1.0,6,success,
85303,0,3,4,,distance,levenshtein,0.20468497276306152,0.7777777777777778,1.0,0.875,4,success,
9178,0,3,5,,distance,levenshtein,0.2586801052093506,0.7777777777777778,1.0,0.875,5,success,
75385,0,2,10,,distance,levenshtein,0.8988790512084961,0.875,1.0,0.9333333333333333,10,success,
75385,0,3,2,,distance,levenshtein,0.01616191864013672,0.875,1.0,0.9333333333333333,2,success,
7239,0,3,5,,distance,levenshtein,0.3814990520477295,0.7777777777777778,1.0,0.875,5,success,
75385,0,3,3,,distance,levenshtein,0.04850912094116211,0.875,1.0,0.9333333333333333,3,success,
114,0,3,5,,distance,levenshtein,1.0266871452331543,1.0,1.0,1.0,5,success,
9178,0,3,6,,distance,levenshtein,0.36429595947265625,0.7777777777777778,1.0,0.875,6,success,
69007,0,3,9,,distance,levenshtein,0.797015905380249,0.7777777777777778,1.0,0.875,9,success,
79121,0,3,10,,distance,levenshtein,0.43729114532470703,1.0,1.0,1.0,10,success,
9178,0,3,7,,distance,levenshtein,0.04603385925292969,0.7777777777777778,1.0,0.875,7,success,
79121,0,4,2,,distance,levenshtein,0.05697011947631836,1.0,1.0,1.0,2,success,
85303,0,3,5,,distance,levenshtein,0.5424060821533203,0.7777777777777778,1.0,0.875,5,success,
75385,0,3,4,,distance,levenshtein,0.3445608615875244,0.875,1.0,0.9333333333333333,4,success,
39161,0,3,8,,distance,levenshtein,6.101855039596558,0.875,1.0,0.9333333333333333,8,success,
79121,0,4,3,,distance,levenshtein,0.23344206809997559,1.0,1.0,1.0,3,success,
69007,0,3,10,,distance,levenshtein,0.3081808090209961,0.7777777777777778,1.0,0.875,10,success,
72994,0,3,6,,distance,levenshtein,4.91788911819458,0.875,1.0,0.9333333333333333,6,success,
89149,0,2,9,,distance,levenshtein,0.9472081661224365,1.0,1.0,1.0,9,success,
69007,0,4,2,,distance,levenshtein,0.07469606399536133,0.7777777777777778,1.0,0.875,2,success,
7239,0,3,6,,distance,levenshtein,0.7188889980316162,0.7777777777777778,1.0,0.875,6,success,
39161,0,3,9,,distance,levenshtein,0.07533717155456543,0.875,1.0,0.9333333333333333,9,success,
79820,0,3,7,,distance,levenshtein,1.1869330406188965,1.0,1.0,1.0,7,success,
75385,0,3,5,,distance,levenshtein,0.2925550937652588,0.875,1.0,0.9333333333333333,5,success,
93344,0,4,4,,distance,levenshtein,2.461582899093628,1.0,1.0,1.0,4,success,
7239,0,3,7,,distance,levenshtein,0.0833749771118164,0.7777777777777778,1.0,0.875,7,success,
36624,0,2,4,,distance,levenshtein,9.546679019927979,0.7777777777777778,1.0,0.875,4,success,
69007,0,4,3,,distance,levenshtein,0.2035980224609375,0.7777777777777778,1.0,0.875,3,success,
65447,0,3,8,,distance,levenshtein,2.0875120162963867,0.7777777777777778,1.0,0.875,8,success,
36624,0,2,5,,distance,levenshtein,0.19201207160949707,0.6666666666666666,0.5714285714285714,0.6153846153846154,5,success,
79121,0,4,4,,distance,levenshtein,0.6605401039123535,1.0,1.0,1.0,4,success,
58283,0,2,10,,distance,levenshtein,8.182591199874878,0.875,1.0,0.9333333333333333,10,success,
72994,0,3,7,,distance,levenshtein,0.7429399490356445,0.875,1.0,0.9333333333333333,7,success,
58283,0,3,2,,distance,levenshtein,0.024013996124267578,0.875,1.0,0.9333333333333333,2,success,
85303,0,3,6,,distance,levenshtein,1.3066420555114746,0.7777777777777778,1.0,0.875,6,success,
98846,0,2,5,,distance,levenshtein,15.41106915473938,0.7777777777777778,1.0,0.875,5,success,
9178,0,3,8,,distance,levenshtein,1.4171459674835205,0.7777777777777778,1.0,0.875,8,success,
58283,0,3,3,,distance,levenshtein,0.14751219749450684,0.875,1.0,0.9333333333333333,3,success,
36624,0,2,6,,distance,levenshtein,0.4609110355377197,0.7777777777777778,1.0,0.875,6,success,
98846,0,2,6,,distance,levenshtein,0.19992804527282715,0.7777777777777778,1.0,0.875,6,success,
58283,0,3,4,,distance,levenshtein,0.19592595100402832,0.875,1.0,0.9333333333333333,4,success,
72994,0,3,8,,distance,levenshtein,0.3694288730621338,0.875,1.0,0.9333333333333333,8,success,
85303,0,3,7,,distance,levenshtein,0.5369899272918701,0.7777777777777778,1.0,0.875,7,success,
56085,0,3,6,,distance,levenshtein,8.699649095535278,0.875,1.0,0.9333333333333333,6,success,
98846,0,2,7,,distance,levenshtein,0.3017721176147461,0.7777777777777778,1.0,0.875,7,success,
9178,0,3,9,,distance,levenshtein,0.7974932193756104,0.7777777777777778,1.0,0.875,9,success,
75385,0,3,6,,distance,levenshtein,1.7918860912322998,0.875,1.0,0.9333333333333333,6,success,
72994,0,3,9,,distance,levenshtein,0.4693739414215088,0.875,1.0,0.9333333333333333,9,success,
93344,0,4,5,,distance,levenshtein,1.859368085861206,1.0,1.0,1.0,5,success,
85303,0,3,8,,distance,levenshtein,0.3966491222381592,0.7777777777777778,1.0,0.875,8,success,
36624,0,2,7,,distance,levenshtein,0.7916049957275391,0.7777777777777778,1.0,0.875,7,success,
58283,0,3,5,,distance,levenshtein,0.893543004989624,0.875,1.0,0.9333333333333333,5,success,
98846,0,2,8,,distance,levenshtein,0.3900001049041748,0.7777777777777778,1.0,0.875,8,success,
93344,0,4,6,,distance,levenshtein,0.26854395866394043,1.0,1.0,1.0,6,success,
65447,0,3,9,,distance,levenshtein,2.025866985321045,0.7777777777777778,1.0,0.875,9,success,
69007,0,4,4,,distance,levenshtein,2.3113129138946533,0.7777777777777778,1.0,0.875,4,success,
72994,0,3,10,,distance,levenshtein,0.40201878547668457,0.875,1.0,0.9333333333333333,10,success,
39161,0,3,10,,distance,levenshtein,2.62679386138916,0.875,1.0,0.9333333333333333,10,success,
72994,0,4,2,,distance,levenshtein,0.041723012924194336,0.875,1.0,0.9333333333333333,2,success,
85303,0,3,9,,distance,levenshtein,0.4638512134552002,0.7777777777777778,1.0,0.875,9,success,
56085,0,3,7,,distance,levenshtein,1.006155014038086,0.875,1.0,0.9333333333333333,7,success,
39161,0,4,2,,distance,levenshtein,0.05203819274902344,0.875,1.0,0.9333333333333333,2,success,
8938,0,2,5,,distance,levenshtein,14.653512954711914,0.875,1.0,0.9333333333333333,5,success,
72994,0,4,3,,distance,levenshtein,0.14713001251220703,0.875,1.0,0.9333333333333333,3,success,
39161,0,4,3,,distance,levenshtein,0.17566609382629395,0.8571428571428571,0.8571428571428571,0.8571428571428571,3,success,
93344,0,4,7,,distance,levenshtein,0.36911702156066895,1.0,1.0,1.0,7,success,
79121,0,4,5,,distance,levenshtein,2.511646032333374,1.0,1.0,1.0,5,success,
70332,0,2,10,,distance,levenshtein,7.0231311321258545,1.0,0.7142857142857143,0.8333333333333334,10,success,
8938,0,2,6,,distance,levenshtein,0.23537302017211914,0.875,1.0,0.9333333333333333,6,success,
70332,0,3,2,,distance,levenshtein,0.03230786323547363,1.0,1.0,1.0,2,success,
36624,0,2,8,,distance,levenshtein,1.0014979839324951,0.7777777777777778,1.0,0.875,8,success,
85303,0,3,10,,distance,levenshtein,0.451901912689209,0.7777777777777778,1.0,0.875,10,success,
70332,0,3,3,,distance,levenshtein,0.05864906311035156,1.0,1.0,1.0,3,success,
72994,0,4,4,,distance,levenshtein,0.4282670021057129,0.875,1.0,0.9333333333333333,4,success,
56085,0,3,8,,distance,levenshtein,0.4318220615386963,0.875,1.0,0.9333333333333333,8,success,
79121,0,4,6,,distance,levenshtein,0.243912935256958,1.0,1.0,1.0,6,success,
85303,0,4,2,,distance,levenshtein,0.05899810791015625,0.7777777777777778,1.0,0.875,2,success,
70332,0,3,4,,distance,levenshtein,0.20460104942321777,1.0,1.0,1.0,4,success,
39161,0,4,4,,distance,levenshtein,0.595426082611084,0.875,1.0,0.9333333333333333,4,success,
58283,0,3,6,,distance,levenshtein,1.3722047805786133,0.875,1.0,0.9333333333333333,6,success,
93344,0,4,8,,distance,levenshtein,0.4954068660736084,1.0,1.0,1.0,8,success,
56085,0,3,9,,distance,levenshtein,0.14742588996887207,0.875,1.0,0.9333333333333333,9,success,
70332,0,3,5,,distance,levenshtein,0.2534639835357666,1.0,1.0,1.0,5,success,
85303,0,4,3,,distance,levenshtein,0.37479400634765625,0.7777777777777778,1.0,0.875,3,success,
8938,0,2,7,,distance,levenshtein,0.7923908233642578,0.875,1.0,0.9333333333333333,7,success,
56085,0,3,10,,distance,levenshtein,0.1575028896331787,0.875,1.0,0.9333333333333333,10,success,
97635,0,3,9,,distance,levenshtein,11.200767040252686,1.0,1.0,1.0,9,success,
98846,0,2,9,,distance,levenshtein,1.7405428886413574,0.7777777777777778,1.0,0.875,9,success,
56085,0,4,2,,distance,levenshtein,0.041491031646728516,0.875,1.0,0.9333333333333333,2,success,
72994,0,4,5,,distance,levenshtein,0.8805320262908936,0.875,1.0,0.9333333333333333,5,success,
59934,0,1,9,,distance,levenshtein,12.600727081298828,0.875,1.0,0.9333333333333333,9,success,
70332,0,3,6,,distance,levenshtein,0.38014912605285645,1.0,1.0,1.0,6,success,
87228,0,2,5,,distance,levenshtein,18.696626901626587,0.7777777777777778,1.0,0.875,5,success,
56085,0,4,3,,distance,levenshtein,0.14568209648132324,0.875,1.0,0.9333333333333333,3,success,
69007,0,4,5,,distance,levenshtein,2.0327999591827393,0.7777777777777778,1.0,0.875,5,success,
11298,0,3,8,,distance,levenshtein,6.163084983825684,0.875,1.0,0.9333333333333333,8,success,
58283,0,3,7,,distance,levenshtein,0.9538228511810303,0.875,1.0,0.9333333333333333,7,success,
8938,0,2,8,,distance,levenshtein,0.39561891555786133,0.875,1.0,0.9333333333333333,8,success,
69007,0,4,6,,distance,levenshtein,0.23122787475585938,0.7777777777777778,1.0,0.875,6,success,
79121,0,4,7,,distance,levenshtein,1.358935832977295,1.0,1.0,1.0,7,success,
56085,0,4,4,,distance,levenshtein,0.4514179229736328,0.875,1.0,0.9333333333333333,4,success,
39161,0,4,5,,distance,levenshtein,1.448577880859375,0.875,1.0,0.9333333333333333,5,success,
9178,0,3,10,,distance,levenshtein,3.323233127593994,0.7777777777777778,1.0,0.875,10,success,
70332,0,3,7,,distance,levenshtein,0.7091290950775146,1.0,1.0,1.0,7,success,
85303,0,4,4,,distance,levenshtein,1.2702710628509521,0.7777777777777778,1.0,0.875,4,success,
65447,0,3,10,,distance,levenshtein,2.808670997619629,0.7777777777777778,1.0,0.875,10,success,
9178,0,4,2,,distance,levenshtein,0.08199214935302734,0.7777777777777778,1.0,0.875,2,success,
65447,0,4,2,,distance,levenshtein,0.06736588478088379,0.7777777777777778,1.0,0.875,2,success,
58283,0,3,8,,distance,levenshtein,0.6163060665130615,0.875,1.0,0.9333333333333333,8,success,
8938,0,2,9,,distance,levenshtein,0.5154139995574951,0.875,1.0,0.9333333333333333,9,success,
56085,0,4,5,,distance,levenshtein,0.44298696517944336,0.875,1.0,0.9333333333333333,5,success,
79121,0,4,8,,distance,levenshtein,0.4331169128417969,1.0,1.0,1.0,8,success,
9178,0,4,3,,distance,levenshtein,0.23189401626586914,0.7777777777777778,1.0,0.875,3,success,
98846,0,2,10,,distance,levenshtein,1.35493803024292,0.75,0.8571428571428571,0.8,10,success,
98846,0,3,2,,distance,levenshtein,0.016774892807006836,0.7777777777777778,1.0,0.875,2,success,
65447,0,4,3,,distance,levenshtein,0.5468480587005615,0.7777777777777778,1.0,0.875,3,success,
98846,0,3,3,,distance,levenshtein,0.08956480026245117,0.7777777777777778,1.0,0.875,3,success,
98846,0,3,4,,distance,levenshtein,0.08642101287841797,0.7777777777777778,1.0,0.875,4,success,
79121,0,4,9,,distance,levenshtein,0.5630679130554199,1.0,1.0,1.0,9,success,
69007,0,4,7,,distance,levenshtein,1.3210291862487793,0.7777777777777778,1.0,0.875,7,success,
8938,0,2,10,,distance,levenshtein,0.6257140636444092,0.875,1.0,0.9333333333333333,10,success,
7239,0,3,8,,distance,levenshtein,6.468772888183594,0.7777777777777778,1.0,0.875,8,success,
56085,0,4,6,,distance,levenshtein,0.8406088352203369,0.875,1.0,0.9333333333333333,6,success,
9178,0,4,4,,distance,levenshtein,0.7951710224151611,0.7777777777777778,1.0,0.875,4,success,
8938,0,3,2,,distance,levenshtein,0.0716710090637207,0.875,1.0,0.9333333333333333,2,success,
98846,0,3,5,,distance,levenshtein,0.2730391025543213,0.7777777777777778,1.0,0.875,5,success,
87228,0,2,6,,distance,levenshtein,1.9470489025115967,0.7777777777777778,1.0,0.875,6,success,
97635,0,3,10,,distance,levenshtein,2.2786030769348145,1.0,1.0,1.0,10,success,
8938,0,3,3,,distance,levenshtein,0.14667487144470215,0.875,1.0,0.9333333333333333,3,success,
97635,0,4,2,,distance,levenshtein,0.03946089744567871,1.0,1.0,1.0,2,success,
70332,0,3,8,,distance,levenshtein,1.4628450870513916,1.0,1.0,1.0,8,success,
93344,0,4,9,,distance,levenshtein,3.024448871612549,1.0,1.0,1.0,9,success,
56085,0,4,7,,distance,levenshtein,0.28664302825927734,0.875,1.0,0.9333333333333333,7,success,
65447,0,4,4,,distance,levenshtein,0.8004870414733887,0.7777777777777778,1.0,0.875,4,success,
97635,0,4,3,,distance,levenshtein,0.15384292602539062,1.0,1.0,1.0,3,success,
79820,0,3,8,,distance,levenshtein,7.145957946777344,1.0,1.0,1.0,8,success,
69007,0,4,8,,distance,levenshtein,0.5144789218902588,0.7777777777777778,1.0,0.875,8,success,
8938,0,3,4,,distance,levenshtein,0.2869548797607422,0.875,1.0,0.9333333333333333,4,success,
85303,0,4,5,,distance,levenshtein,1.752634048461914,0.7777777777777778,1.0,0.875,5,success,
98846,0,3,6,,distance,levenshtein,0.5707159042358398,0.7777777777777778,1.0,0.875,6,success,
114,0,3,6,,distance,levenshtein,8.191560983657837,1.0,1.0,1.0,6,success,
79121,0,4,10,,distance,levenshtein,0.7182819843292236,1.0,1.0,1.0,10,success,
97635,0,4,4,,distance,levenshtein,0.22403907775878906,1.0,1.0,1.0,4,success,
87228,0,2,7,,distance,levenshtein,0.4926450252532959,0.7777777777777778,1.0,0.875,7,success,
11298,0,3,9,,distance,levenshtein,2.739564895629883,0.875,1.0,0.9333333333333333,9,success,
98846,0,3,7,,distance,levenshtein,0.06437206268310547,0.7777777777777778,1.0,0.875,7,success,
7239,0,3,9,,distance,levenshtein,0.8013951778411865,0.7777777777777778,1.0,0.875,9,success,
79121,0,5,2,,distance,levenshtein,0.05725884437561035,1.0,1.0,1.0,2,success,
56085,0,4,8,,distance,levenshtein,0.4649479389190674,0.875,1.0,0.9333333333333333,8,success,
85303,0,4,6,,distance,levenshtein,0.27031707763671875,0.7777777777777778,1.0,0.875,6,success,
114,0,3,7,,distance,levenshtein,0.33806490898132324,1.0,1.0,1.0,7,success,
70332,0,3,9,,distance,levenshtein,0.8363790512084961,1.0,1.0,1.0,9,success,
79121,0,5,3,,distance,levenshtein,0.2177879810333252,1.0,1.0,1.0,3,success,
93344,0,4,10,,distance,levenshtein,0.6538629531860352,1.0,1.0,1.0,10,success,
69007,0,4,9,,distance,levenshtein,0.588637113571167,0.7777777777777778,1.0,0.875,9,success,
93344,0,5,2,,distance,levenshtein,0.06049203872680664,1.0,1.0,1.0,2,success,
97635,0,4,5,,distance,levenshtein,0.5133960247039795,1.0,1.0,1.0,5,success,
8938,0,3,5,,distance,levenshtein,0.7772350311279297,0.875,1.0,0.9333333333333333,5,success,
87228,0,2,8,,distance,levenshtein,0.4386470317840576,0.7777777777777778,1.0,0.875,8,success,
56085,0,4,9,,distance,levenshtein,0.45270299911499023,0.875,1.0,0.9333333333333333,9,success,
85303,0,4,7,,distance,levenshtein,0.3538961410522461,0.7777777777777778,1.0,0.875,7,success,
79121,0,5,4,,distance,levenshtein,0.3522028923034668,1.0,1.0,1.0,4,success,
114,0,3,8,,distance,levenshtein,0.44738006591796875,1.0,1.0,1.0,8,success,
93344,0,5,3,,distance,levenshtein,0.39774012565612793,1.0,1.0,1.0,3,success,
9178,0,4,5,,distance,levenshtein,1.8135318756103516,0.7777777777777778,1.0,0.875,5,success,
36624,0,2,9,,distance,levenshtein,5.291302919387817,0.7142857142857143,0.7142857142857143,0.7142857142857143,9,success,
69007,0,4,10,,distance,levenshtein,0.6815237998962402,0.7777777777777778,1.0,0.875,10,success,
87228,0,2,9,,distance,levenshtein,0.6527280807495117,0.7777777777777778,1.0,0.875,9,success,
69007,0,5,2,,distance,levenshtein,0.08130693435668945,0.7777777777777778,1.0,0.875,2,success,
72994,0,4,6,,distance,levenshtein,4.717226028442383,0.875,1.0,0.9333333333333333,6,success,
58283,0,3,9,,distance,levenshtein,3.452791929244995,0.875,1.0,0.9333333333333333,9,success,
65447,0,4,5,,distance,levenshtein,2.066314935684204,0.7777777777777778,1.0,0.875,5,success,
79121,0,5,5,,distance,levenshtein,0.9455900192260742,1.0,1.0,1.0,5,success,
69007,0,5,3,,distance,levenshtein,0.227586030960083,0.7777777777777778,1.0,0.875,3,success,
9178,0,4,6,,distance,levenshtein,0.8544681072235107,0.7777777777777778,1.0,0.875,6,success,
72994,0,4,7,,distance,levenshtein,0.27799296379089355,0.875,1.0,0.9333333333333333,7,success,
56085,0,4,10,,distance,levenshtein,1.017751932144165,0.875,1.0,0.9333333333333333,10,success,
56085,0,5,2,,distance,levenshtein,0.03308701515197754,0.875,1.0,0.9333333333333333,2,success,
65447,0,4,6,,distance,levenshtein,0.3181180953979492,0.7777777777777778,1.0,0.875,6,success,
56085,0,5,3,,distance,levenshtein,0.08724808692932129,0.875,1.0,0.9333333333333333,3,success,
114,0,3,9,,distance,levenshtein,1.2735350131988525,1.0,1.0,1.0,9,success,
9178,0,4,7,,distance,levenshtein,0.32393407821655273,0.7777777777777778,1.0,0.875,7,success,
56085,0,5,4,,distance,levenshtein,0.16791415214538574,0.875,1.0,0.9333333333333333,4,success,
79121,0,5,6,,distance,levenshtein,0.6602909564971924,1.0,0.7142857142857143,0.8333333333333334,6,success,
72994,0,4,8,,distance,levenshtein,0.36781883239746094,0.875,1.0,0.9333333333333333,8,success,
65447,0,4,7,,distance,levenshtein,0.3404090404510498,0.7777777777777778,1.0,0.875,7,success,
7239,0,3,10,,distance,levenshtein,2.5820889472961426,0.7777777777777778,1.0,0.875,10,success,
87228,0,2,10,,distance,levenshtein,0.8358159065246582,0.7777777777777778,1.0,0.875,10,success,
56085,0,5,5,,distance,levenshtein,0.17516517639160156,0.875,1.0,0.9333333333333333,5,success,
7239,0,4,2,,distance,levenshtein,0.04909110069274902,0.7777777777777778,1.0,0.875,2,success,
11298,0,3,10,,distance,levenshtein,2.7193329334259033,0.875,1.0,0.9333333333333333,10,success,
87228,0,3,2,,distance,levenshtein,0.017293930053710938,0.7777777777777778,1.0,0.875,2,success,
11298,0,4,2,,distance,levenshtein,0.027820110321044922,0.875,1.0,0.9333333333333333,2,success,
70332,0,3,10,,distance,levenshtein,2.5542099475860596,1.0,1.0,1.0,10,success,
7239,0,4,3,,distance,levenshtein,0.15129899978637695,0.7777777777777778,1.0,0.875,3,success,
87228,0,3,3,,distance,levenshtein,0.13868188858032227,0.7777777777777778,1.0,0.875,3,success,
11298,0,4,3,,distance,levenshtein,0.08969688415527344,0.875,1.0,0.9333333333333333,3,success,
70332,0,4,2,,distance,levenshtein,0.048963069915771484,1.0,1.0,1.0,2,success,
114,0,3,10,,distance,levenshtein,0.46337008476257324,1.0,1.0,1.0,10,success,
58283,0,3,10,,distance,levenshtein,1.3090589046478271,0.875,1.0,0.9333333333333333,10,success,
9178,0,4,8,,distance,levenshtein,0.5504550933837891,0.7777777777777778,1.0,0.875,8,success,
114,0,4,2,,distance,levenshtein,0.048417091369628906,1.0,1.0,1.0,2,success,
58283,0,4,2,,distance,levenshtein,0.03550291061401367,0.875,1.0,0.9333333333333333,2,success,
70332,0,4,3,,distance,levenshtein,0.09712409973144531,1.0,1.0,1.0,3,success,
72994,0,4,9,,distance,levenshtein,0.45581793785095215,0.875,1.0,0.9333333333333333,9,success,
65447,0,4,8,,distance,levenshtein,0.3642301559448242,0.7777777777777778,1.0,0.875,8,success,
87228,0,3,4,,distance,levenshtein,0.19238996505737305,0.7777777777777778,1.0,0.875,4,success,
11298,0,4,4,,distance,levenshtein,0.2042229175567627,0.875,1.0,0.9333333333333333,4,success,
58283,0,4,3,,distance,levenshtein,0.07050204277038574,0.875,1.0,0.9333333333333333,3,success,
56085,0,5,6,,distance,levenshtein,0.600247859954834,0.875,1.0,0.9333333333333333,6,success,
70332,0,4,4,,distance,levenshtein,0.17220687866210938,1.0,1.0,1.0,4,success,
7239,0,4,4,,distance,levenshtein,0.4465367794036865,0.7777777777777778,1.0,0.875,4,success,
58283,0,4,4,,distance,levenshtein,0.14541983604431152,0.875,1.0,0.9333333333333333,4,success,
36624,0,2,10,,distance,levenshtein,2.0842299461364746,0.6666666666666666,0.5714285714285714,0.6153846153846154,10,success,
75385,0,3,7,,distance,levenshtein,9.586001873016357,0.875,1.0,0.9333333333333333,7,success,
36624,0,3,2,,distance,levenshtein,0.047448158264160156,0.7777777777777778,1.0,0.875,2,success,
70332,0,4,5,,distance,levenshtein,0.3422231674194336,1.0,1.0,1.0,5,success,
85303,0,4,8,,distance,levenshtein,3.0105810165405273,0.7777777777777778,1.0,0.875,8,success,
11298,0,4,5,,distance,levenshtein,0.5310289859771729,0.875,1.0,0.9333333333333333,5,success,
58283,0,4,5,,distance,levenshtein,0.2916219234466553,0.875,1.0,0.9333333333333333,5,success,
9178,0,4,9,,distance,levenshtein,0.5559501647949219,0.7777777777777778,1.0,0.875,9,success,
65447,0,4,9,,distance,levenshtein,0.48847198486328125,0.7777777777777778,1.0,0.875,9,success,
7239,0,4,5,,distance,levenshtein,0.36855101585388184,0.7777777777777778,1.0,0.875,5,success,
36624,0,3,3,,distance,levenshtein,0.07823801040649414,0.7777777777777778,1.0,0.875,3,success,
72994,0,4,10,,distance,levenshtein,0.5615990161895752,0.875,1.0,0.9333333333333333,10,success,
87228,0,3,5,,distance,levenshtein,0.6872289180755615,0.7777777777777778,1.0,0.875,5,success,
72994,0,5,2,,distance,levenshtein,0.05477285385131836,0.875,1.0,0.9333333333333333,2,success,
36624,0,3,4,,distance,levenshtein,0.14447999000549316,0.7777777777777778,1.0,0.875,4,success,
69007,0,5,4,,distance,levenshtein,2.302039861679077,0.7777777777777778,1.0,0.875,4,success,
72994,0,5,3,,distance,levenshtein,0.06978583335876465,0.875,1.0,0.9333333333333333,3,success,
114,0,4,3,,distance,levenshtein,1.2237701416015625,1.0,1.0,1.0,3,success,
56085,0,5,7,,distance,levenshtein,0.980457067489624,0.875,1.0,0.9333333333333333,7,success,
72994,0,5,4,,distance,levenshtein,0.19762086868286133,0.875,1.0,0.9333333333333333,4,success,
36624,0,3,5,,distance,levenshtein,0.3644890785217285,0.7777777777777778,1.0,0.875,5,success,
87228,0,3,6,,distance,levenshtein,0.5943710803985596,0.7777777777777778,1.0,0.875,6,success,
70332,0,4,6,,distance,levenshtein,0.7482068538665771,1.0,1.0,1.0,6,success,
65447,0,4,10,,distance,levenshtein,0.671252965927124,0.7777777777777778,1.0,0.875,10,success,
9178,0,4,10,,distance,levenshtein,0.6868431568145752,0.7777777777777778,1.0,0.875,10,success,
85303,0,4,9,,distance,levenshtein,0.7029130458831787,0.7777777777777778,1.0,0.875,9,success,
58283,0,4,6,,distance,levenshtein,0.8848929405212402,0.875,1.0,0.9333333333333333,6,success,
65447,0,5,2,,distance,levenshtein,0.07553505897521973,0.7777777777777778,1.0,0.875,2,success,
9178,0,5,2,,distance,levenshtein,0.07439088821411133,0.7777777777777778,1.0,0.875,2,success,
11298,0,4,6,,distance,levenshtein,1.1480779647827148,0.875,1.0,0.9333333333333333,6,success,
72994,0,5,5,,distance,levenshtein,0.9435360431671143,0.875,1.0,0.9333333333333333,5,success,
97635,0,4,6,,distance,levenshtein,5.181618928909302,1.0,1.0,1.0,6,success,
114,0,4,4,,distance,levenshtein,1.2378308773040771,1.0,1.0,1.0,4,success,
75385,0,3,8,,distance,levenshtein,2.0407588481903076,0.875,1.0,0.9333333333333333,8,success,
70332,0,4,7,,distance,levenshtein,1.1207990646362305,1.0,1.0,1.0,7,success,
69007,0,5,5,,distance,levenshtein,1.7857961654663086,0.7777777777777778,1.0,0.875,5,success,
114,0,4,5,,distance,levenshtein,0.1957859992980957,1.0,1.0,1.0,5,success,
85303,0,4,10,,distance,levenshtein,0.8360259532928467,0.7777777777777778,1.0,0.875,10,success,
85303,0,5,2,,distance,levenshtein,0.0708150863647461,0.7777777777777778,1.0,0.875,2,success,
56085,0,5,8,,distance,levenshtein,1.7054660320281982,0.875,1.0,0.9333333333333333,8,success,
11298,0,4,7,,distance,levenshtein,1.032987117767334,0.875,1.0,0.9333333333333333,7,success,
9178,0,5,3,,distance,levenshtein,1.160033941268921,0.7777777777777778,1.0,0.875,3,success,
89149,0,2,10,,distance,levenshtein,14.025613069534302,1.0,1.0,1.0,10,success,
69007,0,5,6,,distance,levenshtein,0.21684503555297852,0.7777777777777778,1.0,0.875,6,success,
89149,0,3,2,,distance,levenshtein,0.036444902420043945,1.0,1.0,1.0,2,success,
114,0,4,6,,distance,levenshtein,0.2868669033050537,1.0,1.0,1.0,6,success,
85303,0,5,3,,distance,levenshtein,0.3546478748321533,0.7777777777777778,1.0,0.875,3,success,
89149,0,3,3,,distance,levenshtein,0.15233302116394043,1.0,1.0,1.0,3,success,
72994,0,5,6,,distance,levenshtein,1.1097519397735596,0.875,1.0,0.9333333333333333,6,success,
39161,0,4,6,,distance,levenshtein,9.296791076660156,0.875,1.0,0.9333333333333333,6,success,
69007,0,5,7,,distance,levenshtein,0.33910393714904785,0.7777777777777778,1.0,0.875,7,success,
114,0,4,7,,distance,levenshtein,0.3750169277191162,1.0,1.0,1.0,7,success,
39161,0,4,7,,distance,levenshtein,0.2736968994140625,0.875,1.0,0.9333333333333333,7,success,
65447,0,5,3,,distance,levenshtein,2.3897171020507812,0.7777777777777778,1.0,0.875,3,success,
89149,0,3,4,,distance,levenshtein,0.8541371822357178,1.0,1.0,1.0,4,success,
69007,0,5,8,,distance,levenshtein,0.48096203804016113,0.7777777777777778,1.0,0.875,8,success,
114,0,4,8,,distance,levenshtein,0.43129587173461914,1.0,1.0,1.0,8,success,
9178,0,5,4,,distance,levenshtein,1.4652998447418213,0.7777777777777778,1.0,0.875,4,success,
85303,0,5,4,,distance,levenshtein,1.1114659309387207,0.7777777777777778,1.0,0.875,4,success,
39161,0,4,8,,distance,levenshtein,0.449692964553833,0.875,1.0,0.9333333333333333,8,success,
72994,0,5,7,,distance,levenshtein,1.3379409313201904,0.875,1.0,0.9333333333333333,7,success,
9178,0,5,5,,distance,levenshtein,0.22582006454467773,0.7777777777777778,1.0,0.875,5,success,
8938,0,3,6,,distance,levenshtein,7.760601997375488,0.875,1.0,0.9333333333333333,6,success,
11298,0,4,8,,distance,levenshtein,2.198982000350952,0.875,1.0,0.9333333333333333,8,success,
114,0,4,9,,distance,levenshtein,0.678847074508667,1.0,1.0,1.0,9,success,
72994,0,5,8,,distance,levenshtein,0.2839241027832031,0.875,1.0,0.9333333333333333,8,success,
39161,0,4,9,,distance,levenshtein,0.584097146987915,0.875,1.0,0.9333333333333333,9,success,
8938,0,3,7,,distance,levenshtein,0.27983903884887695,0.875,1.0,0.9333333333333333,7,success,
9178,0,5,6,,distance,levenshtein,0.3236970901489258,0.7777777777777778,1.0,0.875,6,success,
70332,0,4,8,,distance,levenshtein,2.7948319911956787,1.0,1.0,1.0,8,success,
36624,0,3,6,,distance,levenshtein,4.213803052902222,0.7777777777777778,1.0,0.875,6,success,
65447,0,5,4,,distance,levenshtein,1.6464428901672363,0.7777777777777778,1.0,0.875,4,success,
69007,0,5,9,,distance,levenshtein,1.4056999683380127,0.7777777777777778,1.0,0.875,9,success,
8938,0,3,8,,distance,levenshtein,0.3675978183746338,0.875,1.0,0.9333333333333333,8,success,
72994,0,5,9,,distance,levenshtein,0.4081571102142334,0.875,1.0,0.9333333333333333,9,success,
9178,0,5,7,,distance,levenshtein,0.47621798515319824,0.7777777777777778,1.0,0.875,7,success,
39161,0,4,10,,distance,levenshtein,0.5899741649627686,0.875,1.0,0.9333333333333333,10,success,
56085,0,5,9,,distance,levenshtein,3.1873419284820557,0.875,1.0,0.9333333333333333,9,success,
39161,0,5,2,,distance,levenshtein,0.05124187469482422,0.875,1.0,0.9333333333333333,2,success,
114,0,4,10,,distance,levenshtein,0.8387019634246826,1.0,1.0,1.0,10,success,
114,0,5,2,,distance,levenshtein,0.09177684783935547,1.0,1.0,1.0,2,success,
75385,0,3,9,,distance,levenshtein,3.9359920024871826,0.875,1.0,0.9333333333333333,9,success,
72994,0,5,10,,distance,levenshtein,0.45349812507629395,0.875,1.0,0.9333333333333333,10,success,
39161,0,5,3,,distance,levenshtein,0.21570181846618652,0.875,1.0,0.9333333333333333,3,success,
72994,0,6,2,,distance,levenshtein,0.01311802864074707,0.875,1.0,0.9333333333333333,2,success,
72994,0,6,3,,distance,levenshtein,0.03535795211791992,0.875,1.0,0.9333333333333333,3,success,
69007,0,5,10,,distance,levenshtein,0.702347993850708,0.7777777777777778,1.0,0.875,10,success,
72994,0,6,4,,distance,levenshtein,0.036581993103027344,0.875,1.0,0.9333333333333333,4,success,
114,0,5,3,,distance,levenshtein,0.1998448371887207,1.0,1.0,1.0,3,success,
75385,0,3,10,,distance,levenshtein,0.11279010772705078,0.875,1.0,0.9333333333333333,10,success,
72994,0,6,5,,distance,levenshtein,0.02023601531982422,0.875,1.0,0.9333333333333333,5,success,
69007,0,6,2,,distance,levenshtein,0.03621196746826172,0.7777777777777778,1.0,0.875,2,success,
85303,0,5,5,,distance,levenshtein,2.382082223892212,0.7777777777777778,1.0,0.875,5,success,
69007,0,6,3,,distance,levenshtein,0.04006481170654297,0.7777777777777778,1.0,0.875,3,success,
75385,0,4,2,,distance,levenshtein,0.0748739242553711,0.875,1.0,0.9333333333333333,2,success,
9178,0,5,8,,distance,levenshtein,0.6664168834686279,0.7777777777777778,1.0,0.875,8,success,
65447,0,5,5,,distance,levenshtein,1.1017770767211914,0.7777777777777778,1.0,0.875,5,success,
98846,0,3,8,,distance,levenshtein,10.592820882797241,0.7777777777777778,1.0,0.875,8,success,
72994,0,6,6,,distance,levenshtein,0.18125581741333008,0.875,1.0,0.9333333333333333,6,success,
69007,0,6,4,,distance,levenshtein,0.10397505760192871,0.7777777777777778,1.0,0.875,4,success,
75385,0,4,3,,distance,levenshtein,0.08825302124023438,0.875,1.0,0.9333333333333333,3,success,
56085,0,5,10,,distance,levenshtein,0.8627681732177734,0.875,1.0,0.9333333333333333,10,success,
7239,0,4,6,,distance,levenshtein,6.734888076782227,0.75,0.8571428571428571,0.8,6,success,
56085,0,6,2,,distance,levenshtein,0.02165389060974121,0.875,1.0,0.9333333333333333,2,success,
56085,0,6,3,,distance,levenshtein,0.03555011749267578,0.875,1.0,0.9333333333333333,3,success,
72994,0,6,7,,distance,levenshtein,0.16780805587768555,0.875,1.0,0.9333333333333333,7,success,
75385,0,4,4,,distance,levenshtein,0.16438603401184082,0.875,1.0,0.9333333333333333,4,success,
69007,0,6,5,,distance,levenshtein,0.225783109664917,0.7777777777777778,1.0,0.875,5,success,
56085,0,6,4,,distance,levenshtein,0.17448711395263672,0.875,1.0,0.9333333333333333,4,success,
114,0,5,4,,distance,levenshtein,0.680732011795044,1.0,1.0,1.0,4,success,
75385,0,4,5,,distance,levenshtein,0.1780550479888916,0.875,1.0,0.9333333333333333,5,success,
65447,0,5,6,,distance,levenshtein,0.38153886795043945,0.7777777777777778,1.0,0.875,6,success,
85303,0,5,6,,distance,levenshtein,0.6259829998016357,0.7777777777777778,1.0,0.875,6,success,
98846,0,3,9,,distance,levenshtein,0.8037030696868896,0.7777777777777778,1.0,0.875,9,success,
8938,0,3,9,,distance,levenshtein,1.9760079383850098,0.875,1.0,0.9333333333333333,9,success,
56085,0,6,5,,distance,levenshtein,0.4032120704650879,0.8571428571428571,0.8571428571428571,0.8571428571428571,5,success,
69007,0,6,6,,distance,levenshtein,0.525749921798706,0.7777777777777778,1.0,0.875,6,success,
65447,0,5,7,,distance,levenshtein,0.39943909645080566,0.7777777777777778,1.0,0.875,7,success,
89149,0,3,5,,distance,levenshtein,4.354076862335205,1.0,1.0,1.0,5,success,
93344,0,5,4,,distance,levenshtein,11.25458288192749,1.0,1.0,1.0,4,success,
56085,0,6,6,,distance,levenshtein,0.6272578239440918,0.875,1.0,0.9333333333333333,6,success,
87228,0,3,7,,distance,levenshtein,7.4745728969573975,0.7777777777777778,1.0,0.875,7,success,
72994,0,6,8,,distance,levenshtein,1.3606059551239014,0.875,1.0,0.9333333333333333,8,success,
75385,0,4,6,,distance,levenshtein,1.15146803855896,0.875,1.0,0.9333333333333333,6,success,
70332,0,4,9,,distance,levenshtein,3.3490889072418213,1.0,1.0,1.0,9,success,
72994,0,6,9,,distance,levenshtein,0.05242514610290527,0.875,1.0,0.9333333333333333,9,success,
39161,0,5,4,,distance,levenshtein,2.2998220920562744,0.875,1.0,0.9333333333333333,4,success,
87228,0,3,8,,distance,levenshtein,0.11594891548156738,0.7777777777777778,1.0,0.875,8,success,
93344,0,5,5,,distance,levenshtein,0.2150428295135498,1.0,1.0,1.0,5,success,
72994,0,6,10,,distance,levenshtein,0.09004497528076172,0.875,1.0,0.9333333333333333,10,success,
65447,0,5,8,,distance,levenshtein,0.6103448867797852,0.7777777777777778,1.0,0.875,8,success,
69007,0,6,7,,distance,levenshtein,1.0090351104736328,0.7777777777777778,1.0,0.875,7,success,
72994,1,0,2,,distance,levenshtein,0.09229898452758789,0.2571428571428571,1.0,0.4090909090909091,2,success,
89149,0,3,6,,distance,levenshtein,0.7369480133056641,1.0,1.0,1.0,6,success,
58283,0,4,7,,distance,levenshtein,7.911607980728149,0.875,1.0,0.9333333333333333,7,success,
114,0,5,5,,distance,levenshtein,1.762362003326416,1.0,1.0,1.0,5,success,
56085,0,6,7,,distance,levenshtein,0.7007479667663574,0.875,1.0,0.9333333333333333,7,success,
93344,0,5,6,,distance,levenshtein,0.3589150905609131,1.0,1.0,1.0,6,success,
69007,0,6,8,,distance,levenshtein,0.34625697135925293,0.7777777777777778,1.0,0.875,8,success,
114,0,5,6,,distance,levenshtein,0.245513916015625,1.0,1.0,1.0,6,success,
72994,1,0,3,,distance,levenshtein,0.6442408561706543,0.24324324324324326,1.0,0.391304347826087,3,success,
89149,0,3,7,,distance,levenshtein,0.46087193489074707,1.0,1.0,1.0,7,success,
69007,0,6,9,,distance,levenshtein,0.42468881607055664,0.7777777777777778,1.0,0.875,9,success,
75385,0,4,7,,distance,levenshtein,1.1394150257110596,0.875,1.0,0.9333333333333333,7,success,
56085,0,6,8,,distance,levenshtein,0.5342600345611572,0.875,1.0,0.9333333333333333,8,success,
114,0,5,7,,distance,levenshtein,0.33902812004089355,1.0,1.0,1.0,7,success,
56085,0,6,9,,distance,levenshtein,0.07107901573181152,0.875,1.0,0.9333333333333333,9,success,
69007,0,6,10,,distance,levenshtein,0.11505913734436035,0.7777777777777778,1.0,0.875,10,success,
8938,0,3,10,,distance,levenshtein,2.263899087905884,0.875,1.0,0.9333333333333333,10,success,
8938,0,4,2,,distance,levenshtein,0.040038108825683594,0.875,1.0,0.9333333333333333,2,success,
69007,1,0,2,,distance,levenshtein,0.08654379844665527,0.1267605633802817,1.0,0.225,2,success,
8938,0,4,3,,distance,levenshtein,0.15740108489990234,0.875,1.0,0.9333333333333333,3,success,
98846,0,3,10,,distance,levenshtein,2.704632043838501,0.7777777777777778,1.0,0.875,10,success,
39161,0,5,5,,distance,levenshtein,1.8553218841552734,0.875,1.0,0.9333333333333333,5,success,
69007,1,0,3,,distance,levenshtein,0.20702195167541504,0.3333333333333333,1.0,0.5,3,success,
98846,0,4,2,,distance,levenshtein,0.058567047119140625,0.7777777777777778,1.0,0.875,2,success,
58283,0,4,8,,distance,levenshtein,1.4135279655456543,0.875,1.0,0.9333333333333333,8,success,
8938,0,4,4,,distance,levenshtein,0.16267895698547363,0.875,1.0,0.9333333333333333,4,success,
98846,0,4,3,,distance,levenshtein,0.13159990310668945,0.7777777777777778,1.0,0.875,3,success,
79121,0,5,7,,distance,levenshtein,12.243604183197021,1.0,1.0,1.0,7,success,
39161,0,5,6,,distance,levenshtein,0.21150898933410645,0.875,1.0,0.9333333333333333,6,success,
85303,0,5,7,,distance,levenshtein,3.449026107788086,0.7777777777777778,1.0,0.875,7,success,
9178,0,5,9,,distance,levenshtein,4.111318826675415,0.7777777777777778,1.0,0.875,9,success,
39161,0,5,7,,distance,levenshtein,0.07139706611633301,0.875,1.0,0.9333333333333333,7,success,
98846,0,4,4,,distance,levenshtein,0.33507513999938965,0.7777777777777778,1.0,0.875,4,success,
93344,0,5,7,,distance,levenshtein,1.8283982276916504,1.0,1.0,1.0,7,success,
89149,0,3,8,,distance,levenshtein,1.4077839851379395,1.0,1.0,1.0,8,success,
72994,1,0,4,,distance,levenshtein,1.5998539924621582,0.24324324324324326,1.0,0.391304347826087,4,success,
79121,0,5,8,,distance,levenshtein,0.38918399810791016,1.0,1.0,1.0,8,success,
65447,0,5,9,,distance,levenshtein,2.4261269569396973,0.7777777777777778,1.0,0.875,9,success,
8938,0,4,5,,distance,levenshtein,0.8153300285339355,0.875,1.0,0.9333333333333333,5,success,
75385,0,4,8,,distance,levenshtein,1.692474126815796,0.875,1.0,0.9333333333333333,8,success,
85303,0,5,8,,distance,levenshtein,0.4586198329925537,0.7777777777777778,1.0,0.875,8,success,
39161,0,5,8,,distance,levenshtein,0.4925050735473633,0.875,1.0,0.9333333333333333,8,success,
58283,0,4,9,,distance,levenshtein,1.1554560661315918,0.875,1.0,0.9333333333333333,9,success,
70332,0,4,10,,distance,levenshtein,3.3142690658569336,1.0,1.0,1.0,10,success,
93344,0,5,8,,distance,levenshtein,0.5629210472106934,1.0,1.0,1.0,8,success,
114,0,5,8,,distance,levenshtein,1.8844490051269531,1.0,1.0,1.0,8,success,
98846,0,4,5,,distance,levenshtein,0.7629909515380859,0.7777777777777778,1.0,0.875,5,success,
70332,0,5,2,,distance,levenshtein,0.04615902900695801,1.0,1.0,1.0,2,success,
70332,0,5,3,,distance,levenshtein,0.12199711799621582,1.0,1.0,1.0,3,success,
79121,0,5,9,,distance,levenshtein,1.0764038562774658,1.0,1.0,1.0,9,success,
39161,0,5,9,,distance,levenshtein,0.607518196105957,0.875,1.0,0.9333333333333333,9,success,
58283,0,4,10,,distance,levenshtein,0.5436999797821045,0.875,1.0,0.9333333333333333,10,success,
70332,0,5,4,,distance,levenshtein,0.39313387870788574,1.0,1.0,1.0,4,success,
69007,1,0,4,,distance,levenshtein,2.18742299079895,0.3333333333333333,1.0,0.5,4,success,
65447,0,5,10,,distance,levenshtein,0.9744670391082764,0.7777777777777778,1.0,0.875,10,success,
58283,0,5,2,,distance,levenshtein,0.10081195831298828,0.875,1.0,0.9333333333333333,2,success,
65447,0,6,2,,distance,levenshtein,0.01661205291748047,0.7777777777777778,1.0,0.875,2,success,
65447,0,6,3,,distance,levenshtein,0.0252530574798584,0.7777777777777778,1.0,0.875,3,success,
93344,0,5,9,,distance,levenshtein,0.6871349811553955,1.0,1.0,1.0,9,success,
70332,0,5,5,,distance,levenshtein,0.35143303871154785,1.0,1.0,1.0,5,success,
65447,0,6,4,,distance,levenshtein,0.23034095764160156,0.7777777777777778,1.0,0.875,4,success,
79121,0,5,10,,distance,levenshtein,0.4404280185699463,1.0,1.0,1.0,10,success,
79121,0,6,2,,distance,levenshtein,0.03597307205200195,1.0,1.0,1.0,2,success,
8938,0,4,6,,distance,levenshtein,1.6530499458312988,0.875,1.0,0.9333333333333333,6,success,
79121,0,6,3,,distance,levenshtein,0.01956796646118164,1.0,1.0,1.0,3,success,
36624,0,3,7,,distance,levenshtein,8.408915042877197,0.7777777777777778,1.0,0.875,7,success,
79121,0,6,4,,distance,levenshtein,0.09453797340393066,1.0,1.0,1.0,4,success,
65447,0,6,5,,distance,levenshtein,0.2574598789215088,0.7777777777777778,1.0,0.875,5,success,
39161,0,5,10,,distance,levenshtein,0.6645710468292236,0.875,1.0,0.9333333333333333,10,success,
58283,0,5,3,,distance,levenshtein,0.7090020179748535,0.875,1.0,0.9333333333333333,3,success,
79121,0,6,5,,distance,levenshtein,0.01995706558227539,1.0,1.0,1.0,5,success,
85303,0,5,9,,distance,levenshtein,1.7353379726409912,0.7777777777777778,1.0,0.875,9,success,
114,0,5,9,,distance,levenshtein,1.4230310916900635,1.0,1.0,1.0,9,success,
39161,0,6,2,,distance,levenshtein,0.018414020538330078,0.8571428571428571,0.8571428571428571,0.8571428571428571,2,success,
56085,0,6,10,,distance,levenshtein,3.616081953048706,0.875,1.0,0.9333333333333333,10,success,
36624,0,3,8,,distance,levenshtein,0.11279511451721191,0.7777777777777778,1.0,0.875,8,success,
56085,1,0,2,,distance,levenshtein,0.07145404815673828,0.14516129032258066,1.0,0.2535211267605634,2,success,
79121,0,6,6,,distance,levenshtein,0.19872307777404785,1.0,1.0,1.0,6,success,
39161,0,6,3,,distance,levenshtein,0.18454790115356445,0.875,1.0,0.9333333333333333,3,success,
75385,0,4,9,,distance,levenshtein,2.3575220108032227,0.875,1.0,0.9333333333333333,9,success,
65447,0,6,6,,distance,levenshtein,0.49261903762817383,0.7777777777777778,1.0,0.875,6,success,
39161,0,6,4,,distance,levenshtein,0.18248796463012695,0.875,1.0,0.9333333333333333,4,success,
79121,0,6,7,,distance,levenshtein,0.18845105171203613,1.0,1.0,1.0,7,success,
89149,0,3,9,,distance,levenshtein,2.8168649673461914,1.0,1.0,1.0,9,success,
93344,0,5,10,,distance,levenshtein,0.8976027965545654,1.0,1.0,1.0,10,success,
9178,0,5,10,,distance,levenshtein,2.9659318923950195,0.7777777777777778,1.0,0.875,10,success,
93344,0,6,2,,distance,levenshtein,0.014254093170166016,1.0,1.0,1.0,2,success,
93344,0,6,3,,distance,levenshtein,0.019361019134521484,1.0,1.0,1.0,3,success,
56085,1,0,3,,distance,levenshtein,0.457165002822876,0.25,1.0,0.4,3,success,
75385,0,4,10,,distance,levenshtein,0.09358382225036621,0.875,1.0,0.9333333333333333,10,success,
9178,0,6,2,,distance,levenshtein,0.013079166412353516,0.7777777777777778,1.0,0.875,2,success,
93344,0,6,4,,distance,levenshtein,0.0373539924621582,1.0,1.0,1.0,4,success,
9178,0,6,3,,distance,levenshtein,0.019289016723632812,0.7777777777777778,1.0,0.875,3,success,
39161,0,6,5,,distance,levenshtein,0.26651597023010254,0.875,1.0,0.9333333333333333,5,success,
93344,0,6,5,,distance,levenshtein,0.01972198486328125,1.0,1.0,1.0,5,success,
9178,0,6,4,,distance,levenshtein,0.036598920822143555,0.7777777777777778,1.0,0.875,4,success,
114,0,5,10,,distance,levenshtein,0.6135349273681641,1.0,1.0,1.0,10,success,
58283,0,5,4,,distance,levenshtein,0.8452370166778564,0.875,1.0,0.9333333333333333,4,success,
75385,0,5,2,,distance,levenshtein,0.11122703552246094,0.875,1.0,0.9333333333333333,2,success,
114,0,6,2,,distance,levenshtein,0.013147115707397461,1.0,1.0,1.0,2,success,
9178,0,6,5,,distance,levenshtein,0.04197502136230469,0.7777777777777778,1.0,0.875,5,success,
114,0,6,3,,distance,levenshtein,0.037756919860839844,1.0,1.0,1.0,3,success,
39161,0,6,6,,distance,levenshtein,0.16556620597839355,0.8571428571428571,0.8571428571428571,0.8571428571428571,6,success,
114,0,6,4,,distance,levenshtein,0.03969597816467285,1.0,1.0,1.0,4,success,
93344,0,6,6,,distance,levenshtein,0.18415021896362305,1.0,0.8571428571428571,0.9230769230769231,6,success,
114,0,6,5,,distance,levenshtein,0.019649982452392578,1.0,1.0,1.0,5,success,
9178,0,6,6,,distance,levenshtein,0.1807270050048828,0.7777777777777778,1.0,0.875,6,success,
89149,0,3,10,,distance,levenshtein,0.47857189178466797,1.0,1.0,1.0,10,success,
75385,0,5,3,,distance,levenshtein,0.29408693313598633,0.875,1.0,0.9333333333333333,3,success,
93344,0,6,7,,distance,levenshtein,0.17344999313354492,1.0,1.0,1.0,7,success,
89149,0,4,2,,distance,levenshtein,0.049978017807006836,1.0,1.0,1.0,2,success,
114,0,6,6,,distance,levenshtein,0.17871904373168945,1.0,1.0,1.0,6,success,
9178,0,6,7,,distance,levenshtein,0.16891980171203613,0.7777777777777778,1.0,0.875,7,success,
8938,0,4,7,,distance,levenshtein,1.6966240406036377,0.875,1.0,0.9333333333333333,7,success,
39161,0,6,7,,distance,levenshtein,0.36069393157958984,0.875,1.0,0.9333333333333333,7,success,
65447,0,6,7,,distance,levenshtein,0.9766111373901367,0.7777777777777778,1.0,0.875,7,success,
114,0,6,7,,distance,levenshtein,0.16902494430541992,1.0,1.0,1.0,7,success,
65447,0,6,8,,distance,levenshtein,0.07287406921386719,0.7777777777777778,1.0,0.875,8,success,
39161,0,6,8,,distance,levenshtein,0.10132288932800293,0.875,1.0,0.9333333333333333,8,success,
79121,0,6,8,,distance,levenshtein,1.3134942054748535,1.0,1.0,1.0,8,success,
65447,0,6,9,,distance,levenshtein,0.09516501426696777,0.7777777777777778,1.0,0.875,9,success,
89149,0,4,3,,distance,levenshtein,0.6347479820251465,1.0,1.0,1.0,3,success,
69007,1,0,5,,distance,levenshtein,2.875530958175659,0.3333333333333333,1.0,0.5,5,success,
79121,0,6,9,,distance,levenshtein,0.054769039154052734,1.0,1.0,1.0,9,success,
29382,0,1,9,,distance,levenshtein,40.65298891067505,1.0,1.0,1.0,9,success,
79820,0,3,9,,distance,levenshtein,20.289344787597656,1.0,1.0,1.0,9,success,
65447,0,6,10,,distance,levenshtein,0.08142399787902832,0.7777777777777778,1.0,0.875,10,success,
79121,0,6,10,,distance,levenshtein,0.09064912796020508,1.0,1.0,1.0,10,success,
98846,0,4,6,,distance,levenshtein,3.84161114692688,0.7777777777777778,1.0,0.875,6,success,
65447,1,0,2,,distance,levenshtein,0.0593109130859375,0.13846153846153847,1.0,0.24324324324324326,2,success,
79121,1,0,2,,distance,levenshtein,0.08009004592895508,0.28125,1.0,0.43902439024390244,2,success,
9178,0,6,8,,distance,levenshtein,1.0921649932861328,0.7777777777777778,1.0,0.875,8,success,
39161,0,6,9,,distance,levenshtein,0.8281099796295166,0.875,1.0,0.9333333333333333,9,success,
9178,0,6,9,,distance,levenshtein,0.05327010154724121,0.7777777777777778,1.0,0.875,9,success,
93344,0,6,8,,distance,levenshtein,1.3448750972747803,1.0,0.8571428571428571,0.9230769230769231,8,success,
79121,1,0,3,,distance,levenshtein,0.27733612060546875,0.2647058823529412,1.0,0.4186046511627907,3,success,
89149,0,4,4,,distance,levenshtein,0.6493320465087891,1.0,1.0,1.0,4,success,
65447,1,0,3,,distance,levenshtein,0.49448299407958984,0.2571428571428571,1.0,0.4090909090909091,3,success,
9178,0,6,10,,distance,levenshtein,0.09830880165100098,0.7777777777777778,1.0,0.875,10,success,
93344,0,6,9,,distance,levenshtein,0.13496994972229004,1.0,1.0,1.0,9,success,
114,0,6,8,,distance,levenshtein,1.3141670227050781,1.0,1.0,1.0,8,success,
9178,1,0,2,,distance,levenshtein,0.10161304473876953,0.13043478260869565,1.0,0.23076923076923078,2,success,
93344,0,6,10,,distance,levenshtein,0.054119110107421875,1.0,1.0,1.0,10,success,
58283,0,5,5,,distance,levenshtein,2.2298130989074707,0.875,1.0,0.9333333333333333,5,success,
114,0,6,9,,distance,levenshtein,0.07680797576904297,1.0,1.0,1.0,9,success,
93344,1,0,2,,distance,levenshtein,0.052423954010009766,0.2647058823529412,1.0,0.4186046511627907,2,success,
114,0,6,10,,distance,levenshtein,0.05333113670349121,1.0,1.0,1.0,10,success,
72994,1,0,5,,distance,levenshtein,5.733833074569702,0.25,1.0,0.4,5,success,
93344,1,0,3,,distance,levenshtein,0.13905906677246094,0.24324324324324326,1.0,0.391304347826087,3,success,
114,1,0,2,,distance,levenshtein,0.07466697692871094,0.13432835820895522,1.0,0.23684210526315788,2,success,
9178,1,0,3,,distance,levenshtein,0.39183688163757324,0.3103448275862069,1.0,0.47368421052631576,3,success,
79121,1,0,4,,distance,levenshtein,0.7882189750671387,0.2647058823529412,1.0,0.4186046511627907,4,success,
58283,0,5,6,,distance,levenshtein,0.3248867988586426,0.875,1.0,0.9333333333333333,6,success,
39161,0,6,10,,distance,levenshtein,0.8756251335144043,0.875,1.0,0.9333333333333333,10,success,
93344,1,0,4,,distance,levenshtein,0.35279393196105957,0.24324324324324326,1.0,0.391304347826087,4,success,
39161,1,0,2,,distance,levenshtein,0.05930900573730469,0.13432835820895522,1.0,0.23684210526315788,2,success,
8938,0,4,8,,distance,levenshtein,2.3581290245056152,0.875,1.0,0.9333333333333333,8,success,
98846,0,4,7,,distance,levenshtein,1.6700000762939453,0.7777777777777778,1.0,0.875,7,success,
56085,1,0,4,,distance,levenshtein,3.4677329063415527,0.25,1.0,0.4,4,success,
114,1,0,3,,distance,levenshtein,0.6288712024688721,0.2903225806451613,1.0,0.45,3,success,
58283,0,5,7,,distance,levenshtein,0.4251730442047119,0.875,1.0,0.9333333333333333,7,success,
65447,1,0,4,,distance,levenshtein,1.3092918395996094,0.2571428571428571,1.0,0.4090909090909091,4,success,
39161,1,0,3,,distance,levenshtein,0.4062051773071289,0.28125,1.0,0.43902439024390244,3,success,
9178,1,0,4,,distance,levenshtein,0.7904479503631592,0.3103448275862069,1.0,0.47368421052631576,4,success,
8938,0,4,9,,distance,levenshtein,0.5178649425506592,0.875,1.0,0.9333333333333333,9,success,
58283,0,5,8,,distance,levenshtein,0.37744593620300293,0.875,1.0,0.9333333333333333,8,success,
93344,1,0,5,,distance,levenshtein,1.371992826461792,0.23684210526315788,1.0,0.3829787234042553,5,success,
8938,0,4,10,,distance,levenshtein,0.5430469512939453,0.875,1.0,0.9333333333333333,10,success,
70332,0,5,6,,distance,levenshtein,6.012185096740723,1.0,1.0,1.0,6,success,
8938,0,5,2,,distance,levenshtein,0.06436395645141602,0.875,1.0,0.9333333333333333,2,success,
79121,1,0,5,,distance,levenshtein,1.9211080074310303,0.2647058823529412,1.0,0.4186046511627907,5,success,
58283,0,5,9,,distance,levenshtein,0.5908169746398926,0.875,1.0,0.9333333333333333,9,success,
9178,1,0,5,,distance,levenshtein,1.2083919048309326,0.32142857142857145,1.0,0.4864864864864865,5,success,
7239,0,4,7,,distance,levenshtein,12.602033138275146,0.7777777777777778,1.0,0.875,7,success,
114,1,0,4,,distance,levenshtein,1.462852954864502,0.2903225806451613,1.0,0.45,4,success,
39161,1,0,4,,distance,levenshtein,1.2991361618041992,0.28125,1.0,0.43902439024390244,4,success,
8938,0,5,3,,distance,levenshtein,0.5042219161987305,0.875,1.0,0.9333333333333333,3,success,
7239,0,4,8,,distance,levenshtein,0.30959296226501465,0.7777777777777778,1.0,0.875,8,success,
93344,1,0,6,,distance,levenshtein,0.7733759880065918,0.24324324324324326,1.0,0.391304347826087,6,success,
65447,1,0,5,,distance,levenshtein,2.0787718296051025,0.2571428571428571,1.0,0.4090909090909091,5,success,
58283,0,5,10,,distance,levenshtein,0.7070341110229492,0.875,1.0,0.9333333333333333,10,success,
58283,0,6,2,,distance,levenshtein,0.03975486755371094,0.875,1.0,0.9333333333333333,2,success,
7239,0,4,9,,distance,levenshtein,0.5067880153656006,0.7777777777777778,1.0,0.875,9,success,
58283,0,6,3,,distance,levenshtein,0.1693251132965088,0.875,1.0,0.9333333333333333,3,success,
56085,1,0,5,,distance,levenshtein,2.7173240184783936,0.25,1.0,0.4,5,success,
85303,0,5,10,,distance,levenshtein,7.236063003540039,0.7777777777777778,1.0,0.875,10,success,
85303,0,6,2,,distance,levenshtein,0.013309955596923828,0.7777777777777778,1.0,0.875,2,success,
59934,0,1,10,,distance,levenshtein,28.458989143371582,0.875,1.0,0.9333333333333333,10,success,
85303,0,6,3,,distance,levenshtein,0.03820300102233887,0.7777777777777778,1.0,0.875,3,success,
85303,0,6,4,,distance,levenshtein,0.05931997299194336,0.7777777777777778,1.0,0.875,4,success,
59934,0,2,2,,distance,levenshtein,0.08272409439086914,0.875,1.0,0.9333333333333333,2,success,
7239,0,4,10,,distance,levenshtein,0.4952690601348877,0.7777777777777778,1.0,0.875,10,success,
85303,0,6,5,,distance,levenshtein,0.03932380676269531,0.7777777777777778,1.0,0.875,5,success,
7239,0,5,2,,distance,levenshtein,0.04902005195617676,0.7777777777777778,1.0,0.875,2,success,
87228,0,3,9,,distance,levenshtein,13.066009044647217,0.7777777777777778,1.0,0.875,9,success,
85303,0,6,6,,distance,levenshtein,0.20551109313964844,0.7777777777777778,1.0,0.875,6,success,
7239,0,5,3,,distance,levenshtein,0.2599961757659912,0.7777777777777778,1.0,0.875,3,success,
85303,0,6,7,,distance,levenshtein,0.19258999824523926,0.7777777777777778,1.0,0.875,7,success,
87228,0,3,10,,distance,levenshtein,0.13570594787597656,0.7777777777777778,1.0,0.875,10,success,
87228,0,4,2,,distance,levenshtein,0.060269832611083984,0.7777777777777778,1.0,0.875,2,success,
87228,0,4,3,,distance,levenshtein,0.12444400787353516,0.7777777777777778,1.0,0.875,3,success,
58283,0,6,4,,distance,levenshtein,1.9608728885650635,0.875,1.0,0.9333333333333333,4,success,
87228,0,4,4,,distance,levenshtein,0.30157995223999023,0.7777777777777778,1.0,0.875,4,success,
39161,1,0,5,,distance,levenshtein,3.209069013595581,0.28125,1.0,0.43902439024390244,5,success,
58283,0,6,5,,distance,levenshtein,0.1726078987121582,0.875,1.0,0.9333333333333333,5,success,
9178,1,0,6,,distance,levenshtein,3.5198440551757812,0.3103448275862069,1.0,0.47368421052631576,6,success,
59934,0,2,3,,distance,levenshtein,1.7296321392059326,0.875,1.0,0.9333333333333333,3,success,
85303,0,6,8,,distance,levenshtein,1.122473955154419,0.7777777777777778,1.0,0.875,8,success,
97635,0,4,7,,distance,levenshtein,21.579013109207153,1.0,1.0,1.0,7,success,
93344,1,0,7,,distance,levenshtein,3.121614933013916,0.25,1.0,0.4,7,success,
85303,0,6,9,,distance,levenshtein,0.09332895278930664,0.7777777777777778,1.0,0.875,9,success,
7239,0,5,4,,distance,levenshtein,1.4842338562011719,0.7777777777777778,1.0,0.875,4,success,
85303,0,6,10,,distance,levenshtein,0.07763981819152832,0.7777777777777778,1.0,0.875,10,success,
114,1,0,5,,distance,levenshtein,4.08199405670166,0.2903225806451613,1.0,0.45,5,success,
58283,0,6,6,,distance,levenshtein,0.534235954284668,0.875,1.0,0.9333333333333333,6,success,
85303,1,0,2,,distance,levenshtein,0.07719612121582031,0.2727272727272727,1.0,0.42857142857142855,2,success,
87228,0,4,5,,distance,levenshtein,1.0448970794677734,0.7777777777777778,1.0,0.875,5,success,
79121,1,0,6,,distance,levenshtein,4.5271899700164795,0.2647058823529412,1.0,0.4186046511627907,6,success,
58283,0,6,7,,distance,levenshtein,0.4048020839691162,0.875,1.0,0.9333333333333333,7,success,
85303,1,0,3,,distance,levenshtein,0.42061495780944824,0.2571428571428571,1.0,0.4090909090909091,3,success,
29382,0,1,10,,distance,levenshtein,8.383709907531738,1.0,1.0,1.0,10,success,
29382,0,2,2,,distance,levenshtein,0.09666609764099121,1.0,1.0,1.0,2,success,
85303,1,0,4,,distance,levenshtein,0.6912469863891602,0.2571428571428571,1.0,0.4090909090909091,4,success,
7239,0,5,5,,distance,levenshtein,1.5027670860290527,0.7777777777777778,1.0,0.875,5,success,
58283,0,6,8,,distance,levenshtein,0.7667689323425293,0.875,1.0,0.9333333333333333,8,success,
65447,1,0,6,,distance,levenshtein,5.044594049453735,0.2571428571428571,1.0,0.4090909090909091,6,success,
58283,0,6,9,,distance,levenshtein,0.22423911094665527,0.875,1.0,0.9333333333333333,9,success,
87228,0,4,6,,distance,levenshtein,1.7283239364624023,0.7777777777777778,1.0,0.875,6,success,
29382,0,2,3,,distance,levenshtein,1.517711877822876,1.0,1.0,1.0,3,success,
97635,0,4,8,,distance,levenshtein,2.6317639350891113,1.0,1.0,1.0,8,success,
69007,1,0,6,,distance,levenshtein,10.467283010482788,0.3333333333333333,1.0,0.5,6,success,
11298,0,4,9,,distance,levenshtein,21.769679069519043,0.875,1.0,0.9333333333333333,9,success,
70332,0,5,7,,distance,levenshtein,7.184601068496704,1.0,1.0,1.0,7,success,
11298,0,4,10,,distance,levenshtein,0.11385202407836914,0.875,1.0,0.9333333333333333,10,success,
89149,0,4,5,,distance,levenshtein,10.394308805465698,1.0,1.0,1.0,5,success,
11298,0,5,2,,distance,levenshtein,0.07383608818054199,0.875,1.0,0.9333333333333333,2,success,
70332,0,5,8,,distance,levenshtein,0.41074204444885254,1.0,1.0,1.0,8,success,
58283,0,6,10,,distance,levenshtein,1.1902430057525635,0.875,1.0,0.9333333333333333,10,success,
11298,0,5,3,,distance,levenshtein,0.286038875579834,0.875,1.0,0.9333333333333333,3,success,
58283,1,0,2,,distance,levenshtein,0.08977389335632324,0.2647058823529412,1.0,0.4186046511627907,2,success,
89149,0,4,6,,distance,levenshtein,0.2881150245666504,1.0,1.0,1.0,6,success,
85303,1,0,5,,distance,levenshtein,2.2885289192199707,0.23076923076923078,1.0,0.375,5,success,
97635,0,4,9,,distance,levenshtein,1.4183509349822998,1.0,1.0,1.0,9,success,
93344,1,0,8,,distance,levenshtein,4.330347061157227,0.24324324324324326,1.0,0.391304347826087,8,success,
58283,1,0,3,,distance,levenshtein,0.3786909580230713,0.2571428571428571,1.0,0.4090909090909091,3,success,
70332,0,5,9,,distance,levenshtein,0.5004692077636719,1.0,1.0,1.0,9,success,
89149,0,4,7,,distance,levenshtein,0.3597991466522217,1.0,1.0,1.0,7,success,
8938,0,5,4,,distance,levenshtein,8.044203996658325,0.875,1.0,0.9333333333333333,4,success,
11298,0,5,4,,distance,levenshtein,0.8951911926269531,0.875,1.0,0.9333333333333333,4,success,
97635,0,4,10,,distance,levenshtein,0.43468809127807617,1.0,1.0,1.0,10,success,
8938,0,5,5,,distance,levenshtein,0.23117494583129883,0.875,1.0,0.9333333333333333,5,success,
97635,0,5,2,,distance,levenshtein,0.06378507614135742,1.0,1.0,1.0,2,success,
89149,0,4,8,,distance,levenshtein,0.48138880729675293,1.0,1.0,1.0,8,success,
70332,0,5,10,,distance,levenshtein,0.5850510597229004,1.0,1.0,1.0,10,success,
79121,1,0,7,,distance,levenshtein,4.562403202056885,0.2647058823529412,1.0,0.4186046511627907,7,success,
70332,0,6,2,,distance,levenshtein,0.09593915939331055,1.0,1.0,1.0,2,success,
97635,0,5,3,,distance,levenshtein,0.27930712699890137,1.0,1.0,1.0,3,success,
8938,0,5,6,,distance,levenshtein,0.30122804641723633,0.875,1.0,0.9333333333333333,6,success,
70332,0,6,3,,distance,levenshtein,0.14108920097351074,1.0,1.0,1.0,3,success,
85303,1,0,6,,distance,levenshtein,1.4952208995819092,0.23684210526315788,1.0,0.3829787234042553,6,success,
58283,1,0,4,,distance,levenshtein,1.386749029159546,0.25,1.0,0.4,4,success,
70332,0,6,4,,distance,levenshtein,0.25418996810913086,1.0,1.0,1.0,4,success,
39161,1,0,6,,distance,levenshtein,6.421627044677734,0.28125,1.0,0.43902439024390244,6,success,
97635,0,5,4,,distance,levenshtein,0.43421101570129395,1.0,1.0,1.0,4,success,
89149,0,4,9,,distance,levenshtein,0.6791610717773438,1.0,1.0,1.0,9,success,
8938,0,5,7,,distance,levenshtein,0.5725700855255127,0.875,1.0,0.9333333333333333,7,success,
70332,0,6,5,,distance,levenshtein,0.47501707077026367,1.0,1.0,1.0,5,success,
9178,1,0,7,,distance,levenshtein,6.828601121902466,0.3103448275862069,1.0,0.47368421052631576,7,success,
29382,0,2,4,,distance,levenshtein,3.9042229652404785,1.0,1.0,1.0,4,success,
114,1,0,6,,distance,levenshtein,6.324501991271973,0.2903225806451613,1.0,0.45,6,success,
70332,0,6,6,,distance,levenshtein,0.26663994789123535,1.0,1.0,1.0,6,success,
89149,0,4,10,,distance,levenshtein,0.6394751071929932,1.0,1.0,1.0,10,success,
70332,0,6,7,,distance,levenshtein,0.10459494590759277,1.0,1.0,1.0,7,success,
11298,0,5,5,,distance,levenshtein,2.0815019607543945,0.875,1.0,0.9333333333333333,5,success,
89149,0,5,2,,distance,levenshtein,0.06066107749938965,1.0,1.0,1.0,2,success,
8938,0,5,8,,distance,levenshtein,0.5831961631774902,0.875,1.0,0.9333333333333333,8,success,
89149,0,5,3,,distance,levenshtein,0.15481114387512207,1.0,1.0,1.0,3,success,
97635,0,5,5,,distance,levenshtein,1.2300269603729248,1.0,1.0,1.0,5,success,
75385,0,5,4,,distance,levenshtein,15.979734897613525,0.875,1.0,0.9333333333333333,4,success,
11298,0,5,6,,distance,levenshtein,0.2290968894958496,0.875,1.0,0.9333333333333333,6,success,
89149,0,5,4,,distance,levenshtein,0.4313809871673584,1.0,1.0,1.0,4,success,
75385,0,5,5,,distance,levenshtein,0.2315828800201416,0.875,1.0,0.9333333333333333,5,success,
70332,0,6,8,,distance,levenshtein,0.7472758293151855,1.0,1.0,1.0,8,success,
11298,0,5,7,,distance,levenshtein,0.36875081062316895,0.875,1.0,0.9333333333333333,7,success,
7239,0,5,6,,distance,levenshtein,6.397709131240845,0.7777777777777778,1.0,0.875,6,success,
79121,1,0,8,,distance,levenshtein,2.705245018005371,0.2647058823529412,1.0,0.4186046511627907,8,success,
8938,0,5,9,,distance,levenshtein,0.8461251258850098,0.875,1.0,0.9333333333333333,9,success,
72994,1,0,6,,distance,levenshtein,14.876594066619873,0.24324324324324326,1.0,0.391304347826087,6,success,
29382,0,2,5,,distance,levenshtein,1.8156979084014893,1.0,1.0,1.0,5,success,
7239,0,5,7,,distance,levenshtein,0.3512229919433594,0.7777777777777778,1.0,0.875,7,success,
9178,1,0,8,,distance,levenshtein,1.96352219581604,0.3103448275862069,1.0,0.47368421052631576,8,success,
11298,0,5,8,,distance,levenshtein,0.5225639343261719,0.875,1.0,0.9333333333333333,8,success,
70332,0,6,9,,distance,levenshtein,0.8229701519012451,1.0,1.0,1.0,9,success,
29382,0,2,6,,distance,levenshtein,0.3114340305328369,1.0,1.0,1.0,6,success,
59934,0,2,4,,distance,levenshtein,9.485602140426636,0.875,1.0,0.9333333333333333,4,success,
7239,0,5,8,,distance,levenshtein,0.4926278591156006,0.7777777777777778,1.0,0.875,8,success,
79820,0,3,10,,distance,levenshtein,17.08256697654724,1.0,1.0,1.0,10,success,
29382,0,2,7,,distance,levenshtein,0.25080204010009766,1.0,1.0,1.0,7,success,
79820,0,4,2,,distance,levenshtein,0.08105301856994629,1.0,1.0,1.0,2,success,
8938,0,5,10,,distance,levenshtein,1.006181001663208,0.875,1.0,0.9333333333333333,10,success,
36624,0,3,9,,distance,levenshtein,19.480536937713623,0.7777777777777778,1.0,0.875,9,success,
79820,0,4,3,,distance,levenshtein,0.10261988639831543,1.0,1.0,1.0,3,success,
8938,0,6,2,,distance,levenshtein,0.039861202239990234,0.875,1.0,0.9333333333333333,2,success,
8938,0,6,3,,distance,levenshtein,0.1845560073852539,0.875,1.0,0.9333333333333333,3,success,
36624,0,3,10,,distance,levenshtein,0.09453201293945312,0.7777777777777778,1.0,0.875,10,success,
59934,0,2,5,,distance,levenshtein,0.6396410465240479,0.875,1.0,0.9333333333333333,5,success,
7239,0,5,9,,distance,levenshtein,0.54880690574646,0.7777777777777778,1.0,0.875,9,success,
36624,0,4,2,,distance,levenshtein,0.040812015533447266,0.7777777777777778,1.0,0.875,2,success,
79820,0,4,4,,distance,levenshtein,0.3294529914855957,1.0,1.0,1.0,4,success,
8938,0,6,4,,distance,levenshtein,0.22370600700378418,0.875,1.0,0.9333333333333333,4,success,
36624,0,4,3,,distance,levenshtein,0.14408516883850098,0.7777777777777778,1.0,0.875,3,success,
29382,0,2,8,,distance,levenshtein,0.5976450443267822,1.0,1.0,1.0,8,success,
75385,0,5,6,,distance,levenshtein,2.355754852294922,0.875,1.0,0.9333333333333333,6,success,
89149,0,5,5,,distance,levenshtein,2.602931022644043,1.0,1.0,1.0,5,success,
58283,1,0,5,,distance,levenshtein,4.585385084152222,0.2571428571428571,1.0,0.4090909090909091,5,success,
59934,0,2,6,,distance,levenshtein,0.2752809524536133,0.875,1.0,0.9333333333333333,6,success,
8938,0,6,5,,distance,levenshtein,0.27598023414611816,0.875,1.0,0.9333333333333333,5,success,
11298,0,5,9,,distance,levenshtein,1.702355146408081,0.875,1.0,0.9333333333333333,9,success,
36624,0,4,4,,distance,levenshtein,0.4122040271759033,0.7777777777777778,1.0,0.875,4,success,
8938,0,6,6,,distance,levenshtein,0.16490602493286133,0.875,1.0,0.9333333333333333,6,success,
7239,0,5,10,,distance,levenshtein,0.6586751937866211,0.7777777777777778,1.0,0.875,10,success,
7239,0,6,2,,distance,levenshtein,0.019868135452270508,0.7777777777777778,1.0,0.875,2,success,
29382,0,2,9,,distance,levenshtein,0.5557820796966553,1.0,1.0,1.0,9,success,
7239,0,6,3,,distance,levenshtein,0.16358494758605957,0.7777777777777778,1.0,0.875,3,success,
8938,0,6,7,,distance,levenshtein,0.38286495208740234,0.875,1.0,0.9333333333333333,7,success,
98846,0,4,8,,distance,levenshtein,17.11855912208557,0.7777777777777778,1.0,0.875,8,success,
7239,0,6,4,,distance,levenshtein,0.17795491218566895,0.7777777777777778,1.0,0.875,4,success,
8938,0,6,8,,distance,levenshtein,0.12561893463134766,0.875,1.0,0.9333333333333333,8,success,
11298,0,5,10,,distance,levenshtein,0.6968109607696533,0.875,1.0,0.9333333333333333,10,success,
11298,0,6,2,,distance,levenshtein,0.03017282485961914,0.875,1.0,0.9333333333333333,2,success,
75385,0,5,7,,distance,levenshtein,1.216130018234253,0.875,1.0,0.9333333333333333,7,success,
7239,0,6,5,,distance,levenshtein,0.25203704833984375,0.7777777777777778,1.0,0.875,5,success,
93344,1,0,9,,distance,levenshtein,7.502993106842041,0.24324324324324326,1.0,0.391304347826087,9,success,
11298,0,6,3,,distance,levenshtein,0.04212689399719238,0.875,1.0,0.9333333333333333,3,success,
36624,0,4,5,,distance,levenshtein,0.960399866104126,0.7777777777777778,1.0,0.875,5,success,
11298,0,6,4,,distance,levenshtein,0.037444114685058594,0.875,1.0,0.9333333333333333,4,success,
29382,0,2,10,,distance,levenshtein,0.49097299575805664,1.0,1.0,1.0,10,success,
70332,0,6,10,,distance,levenshtein,2.9025049209594727,1.0,1.0,1.0,10,success,
11298,0,6,5,,distance,levenshtein,0.02066206932067871,0.875,1.0,0.9333333333333333,5,success,
29382,0,3,2,,distance,levenshtein,0.03320813179016113,1.0,1.0,1.0,2,success,
7239,0,6,6,,distance,levenshtein,0.18745994567871094,0.7777777777777778,1.0,0.875,6,success,
70332,1,0,2,,distance,levenshtein,0.07146406173706055,0.24324324324324326,1.0,0.391304347826087,2,success,
29382,0,3,3,,distance,levenshtein,0.04831099510192871,1.0,1.0,1.0,3,success,
11298,0,6,6,,distance,levenshtein,0.20338797569274902,0.875,1.0,0.9333333333333333,6,success,
89149,0,5,6,,distance,levenshtein,1.804049015045166,1.0,1.0,1.0,6,success,
29382,0,3,4,,distance,levenshtein,0.17026185989379883,1.0,1.0,1.0,4,success,
70332,1,0,3,,distance,levenshtein,0.2449190616607666,0.24324324324324326,1.0,0.391304347826087,3,success,
11298,0,6,7,,distance,levenshtein,0.17053699493408203,0.875,1.0,0.9333333333333333,7,success,
8938,0,6,9,,distance,levenshtein,0.8237419128417969,0.875,1.0,0.9333333333333333,9,success,
98846,0,4,9,,distance,levenshtein,0.8747711181640625,0.7777777777777778,1.0,0.875,9,success,
58283,1,0,6,,distance,levenshtein,1.9920499324798584,0.2571428571428571,1.0,0.4090909090909091,6,success,
7239,0,6,7,,distance,levenshtein,0.42400217056274414,0.7777777777777778,1.0,0.875,7,success,
29382,0,3,5,,distance,levenshtein,0.3277859687805176,1.0,1.0,1.0,5,success,
69007,1,0,7,,distance,levenshtein,10.332849979400635,0.3333333333333333,1.0,0.5,7,success,
59934,0,2,7,,distance,levenshtein,2.6319940090179443,0.875,1.0,0.9333333333333333,7,success,
98846,0,4,10,,distance,levenshtein,0.5337388515472412,0.7777777777777778,1.0,0.875,10,success,
7239,0,6,8,,distance,levenshtein,0.588364839553833,0.7777777777777778,1.0,0.875,8,success,
98846,0,5,2,,distance,levenshtein,0.06646919250488281,0.7777777777777778,1.0,0.875,2,success,
75385,0,5,8,,distance,levenshtein,1.5472807884216309,0.875,1.0,0.9333333333333333,8,success,
29382,0,3,6,,distance,levenshtein,0.6576569080352783,1.0,1.0,1.0,6,success,
8938,0,6,10,,distance,levenshtein,0.8856508731842041,0.875,1.0,0.9333333333333333,10,success,
8938,1,0,2,,distance,levenshtein,0.04791402816772461,0.13846153846153847,1.0,0.24324324324324326,2,success,
98846,0,5,3,,distance,levenshtein,0.31301093101501465,0.7777777777777778,1.0,0.875,3,success,
11298,0,6,8,,distance,levenshtein,1.3516581058502197,0.875,1.0,0.9333333333333333,8,success,
8938,1,0,3,,distance,levenshtein,0.23429489135742188,0.2727272727272727,1.0,0.42857142857142855,3,success,
11298,0,6,9,,distance,levenshtein,0.052941083908081055,0.875,1.0,0.9333333333333333,9,success,
89149,0,5,7,,distance,levenshtein,1.7112338542938232,1.0,1.0,1.0,7,success,
59934,0,2,8,,distance,levenshtein,0.6177058219909668,0.875,1.0,0.9333333333333333,8,success,
11298,0,6,10,,distance,levenshtein,0.0940699577331543,0.875,1.0,0.9333333333333333,10,success,
7239,0,6,9,,distance,levenshtein,0.801171064376831,0.7777777777777778,1.0,0.875,9,success,
65447,1,0,7,,distance,levenshtein,12.499971866607666,0.2571428571428571,1.0,0.4090909090909091,7,success,
98846,0,5,4,,distance,levenshtein,0.47032713890075684,0.7777777777777778,1.0,0.875,4,success,
97635,0,5,6,,distance,levenshtein,7.1226160526275635,1.0,1.0,1.0,6,success,
11298,1,0,2,,distance,levenshtein,0.06907486915588379,0.14285714285714285,1.0,0.25,2,success,
87228,0,4,7,,distance,levenshtein,12.240597009658813,0.7777777777777778,1.0,0.875,7,success,
8938,1,0,4,,distance,levenshtein,0.44031286239624023,0.2727272727272727,1.0,0.42857142857142855,4,success,
97635,0,5,7,,distance,levenshtein,0.12706708908081055,1.0,1.0,1.0,7,success,
70332,1,0,4,,distance,levenshtein,2.198857069015503,0.23684210526315788,1.0,0.3829787234042553,4,success,
11298,1,0,3,,distance,levenshtein,0.2822849750518799,0.2647058823529412,1.0,0.4186046511627907,3,success,
89149,0,5,8,,distance,levenshtein,0.4673280715942383,1.0,1.0,1.0,8,success,
87228,0,4,8,,distance,levenshtein,0.39264988899230957,0.7777777777777778,1.0,0.875,8,success,
79820,0,4,5,,distance,levenshtein,4.946562051773071,1.0,1.0,1.0,5,success,
97635,0,5,8,,distance,levenshtein,0.45946192741394043,1.0,1.0,1.0,8,success,
59934,0,2,9,,distance,levenshtein,0.8669519424438477,0.875,1.0,0.9333333333333333,9,success,
7239,0,6,10,,distance,levenshtein,0.8975110054016113,0.7777777777777778,1.0,0.875,10,success,
89149,0,5,9,,distance,levenshtein,0.47544097900390625,1.0,1.0,1.0,9,success,
7239,1,0,2,,distance,levenshtein,0.07439899444580078,0.12857142857142856,1.0,0.22784810126582278,2,success,
51134,0,4,9,,distance,levenshtein,55.327434062957764,0.6363636363636364,1.0,0.7777777777777778,9,success,
8938,1,0,5,,distance,levenshtein,0.9295511245727539,0.2727272727272727,1.0,0.42857142857142855,5,success,
87228,0,4,9,,distance,levenshtein,0.39088010787963867,0.7777777777777778,1.0,0.875,9,success,
7239,1,0,3,,distance,levenshtein,0.13591718673706055,0.3103448275862069,1.0,0.47368421052631576,3,success,
89149,0,5,10,,distance,levenshtein,0.16850900650024414,1.0,1.0,1.0,10,success,
51134,0,4,10,,distance,levenshtein,0.11931610107421875,0.6363636363636364,1.0,0.7777777777777778,10,success,
11298,1,0,4,,distance,levenshtein,1.030850887298584,0.2571428571428571,1.0,0.4090909090909091,4,success,
39161,1,0,7,,distance,levenshtein,10.022629022598267,0.28125,1.0,0.43902439024390244,7,success,
89149,0,6,2,,distance,levenshtein,0.0571141242980957,1.0,1.0,1.0,2,success,
51134,0,5,2,,distance,levenshtein,0.05561208724975586,0.6363636363636364,1.0,0.7777777777777778,2,success,
97635,0,5,9,,distance,levenshtein,0.5261349678039551,1.0,1.0,1.0,9,success,
89149,0,6,3,,distance,levenshtein,0.04131507873535156,1.0,1.0,1.0,3,success,
89149,0,6,4,,distance,levenshtein,0.03700995445251465,1.0,1.0,1.0,4,success,
89149,0,6,5,,distance,levenshtein,0.040284156799316406,1.0,1.0,1.0,5,success,
87228,0,4,10,,distance,levenshtein,0.44736194610595703,0.7777777777777778,1.0,0.875,10,success,
59934,0,2,10,,distance,levenshtein,0.7188870906829834,0.875,1.0,0.9333333333333333,10,success,
87228,0,5,2,,distance,levenshtein,0.03760814666748047,0.7777777777777778,1.0,0.875,2,success,
89149,0,6,6,,distance,levenshtein,0.18241000175476074,1.0,1.0,1.0,6,success,
59934,0,3,2,,distance,levenshtein,0.02833700180053711,0.875,1.0,0.9333333333333333,2,success,
59934,0,3,3,,distance,levenshtein,0.06775999069213867,0.875,1.0,0.9333333333333333,3,success,
87228,0,5,3,,distance,levenshtein,0.15881896018981934,0.7777777777777778,1.0,0.875,3,success,
89149,0,6,7,,distance,levenshtein,0.17123794555664062,1.0,1.0,1.0,7,success,
59934,0,3,4,,distance,levenshtein,0.08053803443908691,0.875,1.0,0.9333333333333333,4,success,
97635,0,5,10,,distance,levenshtein,0.5552778244018555,1.0,1.0,1.0,10,success,
7239,1,0,4,,distance,levenshtein,1.0883209705352783,0.3,1.0,0.46153846153846156,4,success,
97635,0,6,2,,distance,levenshtein,0.033149003982543945,1.0,1.0,1.0,2,success,
51134,0,5,3,,distance,levenshtein,0.9055690765380859,0.6363636363636364,1.0,0.7777777777777778,3,success,
87228,0,5,4,,distance,levenshtein,0.29082417488098145,0.7777777777777778,1.0,0.875,4,success,
114,1,0,7,,distance,levenshtein,10.449113845825195,0.2903225806451613,1.0,0.45,7,success,
59934,0,3,5,,distance,levenshtein,0.25367307662963867,0.875,1.0,0.9333333333333333,5,success,
56085,1,0,6,,distance,levenshtein,19.915138006210327,0.25,1.0,0.4,6,success,
97635,0,6,3,,distance,levenshtein,0.10080194473266602,1.0,1.0,1.0,3,success,
11298,1,0,5,,distance,levenshtein,1.3042819499969482,0.2571428571428571,1.0,0.4090909090909091,5,success,
97635,0,6,4,,distance,levenshtein,0.18967103958129883,1.0,1.0,1.0,4,success,
70332,1,0,5,,distance,levenshtein,2.628671169281006,0.23684210526315788,1.0,0.3829787234042553,5,success,
59934,0,3,6,,distance,levenshtein,0.3376731872558594,0.875,1.0,0.9333333333333333,6,success,
87228,0,5,5,,distance,levenshtein,0.3836090564727783,0.7777777777777778,1.0,0.875,5,success,
8938,1,0,6,,distance,levenshtein,2.211638927459717,0.2727272727272727,1.0,0.42857142857142855,6,success,
59934,0,3,7,,distance,levenshtein,0.3191089630126953,0.875,1.0,0.9333333333333333,7,success,
89149,0,6,8,,distance,levenshtein,1.3410289287567139,1.0,1.0,1.0,8,success,
59934,0,3,8,,distance,levenshtein,0.06577301025390625,0.875,1.0,0.9333333333333333,8,success,
97635,0,6,5,,distance,levenshtein,0.7614610195159912,1.0,1.0,1.0,5,success,
51134,0,5,4,,distance,levenshtein,1.121453046798706,0.6363636363636364,1.0,0.7777777777777778,4,success,
89149,0,6,9,,distance,levenshtein,0.07348895072937012,1.0,1.0,1.0,9,success,
97635,0,6,6,,distance,levenshtein,0.055329084396362305,1.0,1.0,1.0,6,success,
59934,0,3,9,,distance,levenshtein,0.1425609588623047,0.875,1.0,0.9333333333333333,9,success,
89149,0,6,10,,distance,levenshtein,0.05307292938232422,1.0,1.0,1.0,10,success,
75385,0,5,9,,distance,levenshtein,4.70356297492981,0.875,1.0,0.9333333333333333,9,success,
97635,0,6,7,,distance,levenshtein,0.10220694541931152,1.0,1.0,1.0,7,success,
36624,0,4,6,,distance,levenshtein,6.709333896636963,0.7777777777777778,1.0,0.875,6,success,
89149,1,0,2,,distance,levenshtein,0.11101794242858887,0.15,1.0,0.2608695652173913,2,success,
36624,0,4,7,,distance,levenshtein,0.5815300941467285,0.7777777777777778,1.0,0.875,7,success,
97635,0,6,8,,distance,levenshtein,0.6785540580749512,1.0,1.0,1.0,8,success,
70332,1,0,6,,distance,levenshtein,1.8825440406799316,0.23684210526315788,1.0,0.3829787234042553,6,success,
89149,1,0,3,,distance,levenshtein,0.6782410144805908,0.225,1.0,0.3673469387755102,3,success,
87228,0,5,6,,distance,levenshtein,1.943615198135376,0.7777777777777778,1.0,0.875,6,success,
75385,0,5,10,,distance,levenshtein,0.9327709674835205,0.875,1.0,0.9333333333333333,10,success,
36624,0,4,8,,distance,levenshtein,0.38170695304870605,0.7777777777777778,1.0,0.875,8,success,
75385,0,6,2,,distance,levenshtein,0.05197596549987793,0.875,1.0,0.9333333333333333,2,success,
75385,0,6,3,,distance,levenshtein,0.07716894149780273,0.875,1.0,0.9333333333333333,3,success,
97635,0,6,9,,distance,levenshtein,0.615562915802002,1.0,1.0,1.0,9,success,
98846,0,5,5,,distance,levenshtein,5.7430830001831055,0.7777777777777778,1.0,0.875,5,success,
75385,0,6,4,,distance,levenshtein,0.05470991134643555,0.875,1.0,0.9333333333333333,4,success,
75385,0,6,5,,distance,levenshtein,0.02009892463684082,0.875,1.0,0.9333333333333333,5,success,
98846,0,5,6,,distance,levenshtein,0.21602296829223633,0.7777777777777778,1.0,0.875,6,success,
36624,0,4,9,,distance,levenshtein,0.4750819206237793,0.7777777777777778,1.0,0.875,9,success,
75385,0,6,6,,distance,levenshtein,0.2249891757965088,0.875,1.0,0.9333333333333333,6,success,
75385,0,6,7,,distance,levenshtein,0.22146987915039062,0.875,1.0,0.9333333333333333,7,success,
51134,0,5,5,,distance,levenshtein,2.7279579639434814,0.6363636363636364,1.0,0.7777777777777778,5,success,
97635,0,6,10,,distance,levenshtein,0.89121413230896,1.0,1.0,1.0,10,success,
36624,0,4,10,,distance,levenshtein,0.5663878917694092,0.7777777777777778,1.0,0.875,10,success,
97635,1,0,2,,distance,levenshtein,0.0741419792175293,0.14754098360655737,1.0,0.2571428571428571,2,success,
98846,0,5,7,,distance,levenshtein,0.7456591129302979,0.7777777777777778,1.0,0.875,7,success,
36624,0,5,2,,distance,levenshtein,0.06251001358032227,0.7777777777777778,1.0,0.875,2,success,
51134,0,5,6,,distance,levenshtein,0.2922539710998535,0.6363636363636364,1.0,0.7777777777777778,6,success,
7239,1,0,5,,distance,levenshtein,4.572085857391357,0.3,1.0,0.46153846153846156,5,success,
36624,0,5,3,,distance,levenshtein,0.20163202285766602,0.7777777777777778,1.0,0.875,3,success,
97635,1,0,3,,distance,levenshtein,0.3980560302734375,0.24324324324324326,1.0,0.391304347826087,3,success,
79820,0,4,6,,distance,levenshtein,6.73322606086731,1.0,1.0,1.0,6,success,
59934,0,3,10,,distance,levenshtein,3.392953872680664,0.875,1.0,0.9333333333333333,10,success,
98846,0,5,8,,distance,levenshtein,0.4103400707244873,0.7777777777777778,1.0,0.875,8,success,
8938,1,0,7,,distance,levenshtein,4.088645935058594,0.2727272727272727,1.0,0.42857142857142855,7,success,
59934,0,4,2,,distance,levenshtein,0.06632494926452637,0.875,1.0,0.9333333333333333,2,success,
93344,1,0,10,,distance,levenshtein,10.21851110458374,0.24324324324324326,1.0,0.391304347826087,10,success,
85303,1,0,7,,distance,levenshtein,16.69580101966858,0.23684210526315788,1.0,0.3829787234042553,7,success,
75385,0,6,8,,distance,levenshtein,1.4090521335601807,0.875,1.0,0.9333333333333333,8,success,
93344,1,2,2,,distance,levenshtein,0.19008994102478027,0.024691358024691357,0.2222222222222222,0.044444444444444446,2,success,
58283,1,0,7,,distance,levenshtein,9.80691909790039,0.2571428571428571,1.0,0.4090909090909091,7,success,
75385,0,6,9,,distance,levenshtein,0.053752899169921875,0.875,1.0,0.9333333333333333,9,success,
75385,0,6,10,,distance,levenshtein,0.07107186317443848,0.875,1.0,0.9333333333333333,10,success,
98846,0,5,9,,distance,levenshtein,0.41164708137512207,0.7777777777777778,1.0,0.875,9,success,
89149,1,0,4,,distance,levenshtein,3.2419800758361816,0.225,1.0,0.3673469387755102,4,success,
59934,0,4,3,,distance,levenshtein,0.621225118637085,0.875,1.0,0.9333333333333333,3,success,
75385,1,0,2,,distance,levenshtein,0.10002398490905762,0.13043478260869565,1.0,0.23076923076923078,2,success,
36624,0,5,4,,distance,levenshtein,1.2395100593566895,0.7777777777777778,1.0,0.875,4,success,
51134,0,5,7,,distance,levenshtein,1.2720599174499512,0.6363636363636364,1.0,0.7777777777777778,7,success,
58283,1,0,8,,distance,levenshtein,0.4124588966369629,0.25,1.0,0.4,8,success,
75385,1,0,3,,distance,levenshtein,0.2444019317626953,0.3103448275862069,1.0,0.47368421052631576,3,success,
29382,0,3,7,,distance,levenshtein,9.60158109664917,1.0,1.0,1.0,7,success,
59934,0,4,4,,distance,levenshtein,0.5759968757629395,0.875,1.0,0.9333333333333333,4,success,
97635,1,0,4,,distance,levenshtein,1.5043869018554688,0.24324324324324326,1.0,0.391304347826087,4,success,
29382,0,3,8,,distance,levenshtein,0.1267249584197998,1.0,1.0,1.0,8,success,
98846,0,5,10,,distance,levenshtein,0.55246901512146,0.7777777777777778,1.0,0.875,10,success,
98846,0,6,2,,distance,levenshtein,0.03294491767883301,0.7777777777777778,1.0,0.875,2,success,
98846,0,6,3,,distance,levenshtein,0.018963098526000977,0.7777777777777778,1.0,0.875,3,success,
98846,0,6,4,,distance,levenshtein,0.03818202018737793,0.7777777777777778,1.0,0.875,4,success,
98846,0,6,5,,distance,levenshtein,0.020190954208374023,0.7777777777777778,1.0,0.875,5,success,
51134,0,5,8,,distance,levenshtein,0.58514404296875,0.6363636363636364,1.0,0.7777777777777778,8,success,
69007,1,0,8,,distance,levenshtein,10.581991910934448,0.3333333333333333,1.0,0.5,8,success,
98846,0,6,6,,distance,levenshtein,0.22184300422668457,0.7777777777777778,1.0,0.875,6,success,
36624,0,5,5,,distance,levenshtein,1.0974009037017822,0.7777777777777778,1.0,0.875,5,success,
98846,0,6,7,,distance,levenshtein,0.17165017127990723,0.7777777777777778,1.0,0.875,7,success,
8938,1,0,8,,distance,levenshtein,2.1756138801574707,0.2727272727272727,1.0,0.42857142857142855,8,success,
11298,1,0,6,,distance,levenshtein,7.228858947753906,0.2571428571428571,1.0,0.4090909090909091,6,success,
72994,1,0,7,,distance,levenshtein,16.218276023864746,0.24324324324324326,1.0,0.391304347826087,7,success,
58283,1,0,9,,distance,levenshtein,1.4261441230773926,0.2571428571428571,1.0,0.4090909090909091,9,success,
51134,0,5,9,,distance,levenshtein,0.6840670108795166,0.6363636363636364,1.0,0.7777777777777778,9,success,
65447,1,0,8,,distance,levenshtein,10.430508136749268,0.2571428571428571,1.0,0.4090909090909091,8,success,
93344,1,2,3,,distance,levenshtein,2.420283079147339,0.23684210526315788,1.0,0.3829787234042553,3,success,
98846,0,6,8,,distance,levenshtein,1.13307785987854,0.7777777777777778,1.0,0.875,8,success,
69007,1,0,9,,distance,levenshtein,1.5291039943695068,0.3333333333333333,1.0,0.5,9,success,
98846,0,6,9,,distance,levenshtein,0.12120795249938965,0.7777777777777778,1.0,0.875,9,success,
75385,1,0,4,,distance,levenshtein,2.6948931217193604,0.32142857142857145,1.0,0.4864864864864865,4,success,
98846,0,6,10,,distance,levenshtein,0.09509086608886719,0.7777777777777778,1.0,0.875,10,success,
51134,0,5,10,,distance,levenshtein,0.874114990234375,0.6363636363636364,1.0,0.7777777777777778,10,success,
51134,0,6,2,,distance,levenshtein,0.013374090194702148,0.6363636363636364,1.0,0.7777777777777778,2,success,
51134,0,6,3,,distance,levenshtein,0.038331031799316406,0.6363636363636364,1.0,0.7777777777777778,3,success,
98846,1,0,2,,distance,levenshtein,0.08587121963500977,0.15,1.0,0.2608695652173913,2,success,
51134,0,6,4,,distance,levenshtein,0.10033011436462402,0.6363636363636364,1.0,0.7777777777777778,4,success,
58283,1,0,10,,distance,levenshtein,1.322633981704712,0.25,1.0,0.4,10,success,
51134,0,6,5,,distance,levenshtein,0.04087400436401367,0.6363636363636364,1.0,0.7777777777777778,5,success,
70332,1,0,7,,distance,levenshtein,6.927142143249512,0.23684210526315788,1.0,0.3829787234042553,7,success,
51134,0,6,6,,distance,levenshtein,0.2266099452972412,0.6363636363636364,1.0,0.7777777777777778,6,success,
72994,1,0,8,,distance,levenshtein,1.8629040718078613,0.24324324324324326,1.0,0.391304347826087,8,success,
58283,1,2,2,,distance,levenshtein,0.2782399654388428,0.24242424242424243,0.8888888888888888,0.38095238095238093,2,success,
51134,0,6,7,,distance,levenshtein,0.1935291290283203,0.6363636363636364,1.0,0.7777777777777778,7,success,
98846,1,0,3,,distance,levenshtein,0.7543239593505859,0.23684210526315788,1.0,0.3829787234042553,3,success,
97635,1,0,5,,distance,levenshtein,3.5778748989105225,0.24324324324324326,1.0,0.391304347826087,5,success,
65447,1,0,9,,distance,levenshtein,2.284152030944824,0.2571428571428571,1.0,0.4090909090909091,9,success,
58283,1,2,3,,distance,levenshtein,0.7853260040283203,0.23529411764705882,0.8888888888888888,0.37209302325581395,3,success,
69007,1,0,10,,distance,levenshtein,1.9514820575714111,0.3333333333333333,1.0,0.5,10,success,
89149,1,0,5,,distance,levenshtein,5.145876169204712,0.225,1.0,0.3673469387755102,5,success,
51134,0,6,8,,distance,levenshtein,1.3166460990905762,0.6363636363636364,1.0,0.7777777777777778,8,success,
69007,1,2,2,,distance,levenshtein,0.5369019508361816,0.0,0.0,0.0,2,success,
51134,0,6,9,,distance,levenshtein,0.0909721851348877,0.6363636363636364,1.0,0.7777777777777778,9,success,
51134,0,6,10,,distance,levenshtein,0.1072540283203125,0.6363636363636364,1.0,0.7777777777777778,10,success,
59934,0,4,5,,distance,levenshtein,5.3203511238098145,0.875,1.0,0.9333333333333333,5,success,
51134,1,0,2,,distance,levenshtein,0.12557387351989746,0.2727272727272727,1.0,0.42857142857142855,2,success,
7239,1,0,6,,distance,levenshtein,7.54059100151062,0.3,1.0,0.46153846153846156,6,success,
51134,1,0,3,,distance,levenshtein,0.21599984169006348,0.2647058823529412,1.0,0.4186046511627907,3,success,
36624,0,5,6,,distance,levenshtein,5.015587091445923,0.7777777777777778,1.0,0.875,6,success,
75385,1,0,5,,distance,levenshtein,3.352321147918701,0.3103448275862069,1.0,0.47368421052631576,5,success,
59934,0,4,6,,distance,levenshtein,0.5789999961853027,0.875,1.0,0.9333333333333333,6,success,
98846,1,0,4,,distance,levenshtein,2.41680908203125,0.23684210526315788,1.0,0.3829787234042553,4,success,
51134,1,0,4,,distance,levenshtein,0.21563100814819336,0.2647058823529412,1.0,0.4186046511627907,4,success,
9178,1,0,9,,distance,levenshtein,21.018189907073975,0.3103448275862069,1.0,0.47368421052631576,9,success,
59934,0,4,7,,distance,levenshtein,0.35384702682495117,0.875,1.0,0.9333333333333333,7,success,
65447,1,0,10,,distance,levenshtein,2.505625009536743,0.2571428571428571,1.0,0.4090909090909091,10,success,
72994,1,0,9,,distance,levenshtein,3.3033831119537354,0.24324324324324326,1.0,0.391304347826087,9,success,
36624,0,5,7,,distance,levenshtein,1.216048002243042,0.7777777777777778,1.0,0.875,7,success,
79820,0,4,7,,distance,levenshtein,8.762133121490479,1.0,1.0,1.0,7,success,
65447,1,2,2,,distance,levenshtein,0.6251440048217773,0.0,0.0,0.0,2,success,
79121,1,0,9,,distance,levenshtein,23.067102909088135,0.2647058823529412,1.0,0.4186046511627907,9,success,
72994,1,0,10,,distance,levenshtein,0.6272120475769043,0.24324324324324326,1.0,0.391304347826087,10,success,
36624,0,5,8,,distance,levenshtein,0.2676730155944824,0.7777777777777778,1.0,0.875,8,success,
79820,0,4,8,,distance,levenshtein,0.45658206939697266,1.0,1.0,1.0,8,success,
59934,0,4,8,,distance,levenshtein,1.14292311668396,0.875,1.0,0.9333333333333333,8,success,
72994,1,2,2,,distance,levenshtein,0.20978212356567383,0.22857142857142856,0.8888888888888888,0.36363636363636365,2,success,
8938,1,0,9,,distance,levenshtein,7.055377960205078,0.2727272727272727,1.0,0.42857142857142855,9,success,
36624,0,5,9,,distance,levenshtein,0.33899688720703125,0.7777777777777778,1.0,0.875,9,success,
79820,0,4,9,,distance,levenshtein,0.44161415100097656,1.0,1.0,1.0,9,success,
85303,1,0,8,,distance,levenshtein,9.782421112060547,0.2571428571428571,1.0,0.4090909090909091,8,success,
59934,0,4,9,,distance,levenshtein,0.49659299850463867,0.875,1.0,0.9333333333333333,9,success,
36624,0,5,10,,distance,levenshtein,0.542212963104248,0.7777777777777778,1.0,0.875,10,success,
36624,0,6,2,,distance,levenshtein,0.05222511291503906,0.7777777777777778,1.0,0.875,2,success,
51134,1,0,5,,distance,levenshtein,2.893819808959961,0.2727272727272727,1.0,0.42857142857142855,5,success,
36624,0,6,3,,distance,levenshtein,0.03790402412414551,0.7777777777777778,1.0,0.875,3,success,
79820,0,4,10,,distance,levenshtein,0.4919087886810303,1.0,1.0,1.0,10,success,
36624,0,6,4,,distance,levenshtein,0.07483887672424316,0.7777777777777778,1.0,0.875,4,success,
36624,0,6,5,,distance,levenshtein,0.03823208808898926,0.7777777777777778,1.0,0.875,5,success,
79820,0,5,2,,distance,levenshtein,0.05110597610473633,1.0,1.0,1.0,2,success,
9178,1,0,10,,distance,levenshtein,3.166872978210449,0.3103448275862069,1.0,0.47368421052631576,10,success,
72994,1,2,3,,distance,levenshtein,1.4855449199676514,0.25,1.0,0.4,3,success,
59934,0,4,10,,distance,levenshtein,0.6542999744415283,0.875,1.0,0.9333333333333333,10,success,
36624,0,6,6,,distance,levenshtein,0.20462393760681152,0.7777777777777778,1.0,0.875,6,success,
59934,0,5,2,,distance,levenshtein,0.07774615287780762,0.875,1.0,0.9333333333333333,2,success,
79820,0,5,3,,distance,levenshtein,0.33452701568603516,1.0,1.0,1.0,3,success,
36624,0,6,7,,distance,levenshtein,0.167741060256958,0.7777777777777778,1.0,0.875,7,success,
87228,0,5,7,,distance,levenshtein,13.974734783172607,0.7777777777777778,1.0,0.875,7,success,
9178,1,2,2,,distance,levenshtein,0.4426250457763672,0.0,0.0,0.0,2,success,
59934,0,5,3,,distance,levenshtein,0.426069974899292,0.875,1.0,0.9333333333333333,3,success,
87228,0,5,8,,distance,levenshtein,0.2966740131378174,0.7777777777777778,1.0,0.875,8,success,
79820,0,5,4,,distance,levenshtein,0.7197930812835693,1.0,1.0,1.0,4,success,
56085,1,0,7,,distance,levenshtein,17.06086802482605,0.25,1.0,0.4,7,success,
87228,0,5,9,,distance,levenshtein,0.10550308227539062,0.7777777777777778,1.0,0.875,9,success,
36624,0,6,8,,distance,levenshtein,1.1266820430755615,0.7777777777777778,1.0,0.875,8,success,
11298,1,0,7,,distance,levenshtein,9.996196985244751,0.2571428571428571,1.0,0.4090909090909091,7,success,
36624,0,6,9,,distance,levenshtein,0.05240011215209961,0.7777777777777778,1.0,0.875,9,success,
8938,1,0,10,,distance,levenshtein,2.9823999404907227,0.2647058823529412,1.0,0.4186046511627907,10,success,
36624,0,6,10,,distance,levenshtein,0.07398295402526855,0.7777777777777778,1.0,0.875,10,success,
36624,1,0,2,,distance,levenshtein,0.04940986633300781,0.28125,1.0,0.43902439024390244,2,success,
87228,0,5,10,,distance,levenshtein,0.45992493629455566,0.7777777777777778,1.0,0.875,10,success,
59934,0,5,4,,distance,levenshtein,1.2272920608520508,0.875,1.0,0.9333333333333333,4,success,
87228,0,6,2,,distance,levenshtein,0.020267963409423828,0.7777777777777778,1.0,0.875,2,success,
98846,1,0,5,,distance,levenshtein,5.516304969787598,0.23684210526315788,1.0,0.3829787234042553,5,success,
8938,1,2,2,,distance,levenshtein,0.27976202964782715,0.0,0.0,0.0,2,success,
114,1,0,8,,distance,levenshtein,18.096349954605103,0.2903225806451613,1.0,0.45,8,success,
93344,1,2,4,,distance,levenshtein,10.324404001235962,0.25,1.0,0.4,4,success,
36624,1,0,3,,distance,levenshtein,0.22427988052368164,0.2647058823529412,1.0,0.4186046511627907,3,success,
87228,0,6,3,,distance,levenshtein,0.18768596649169922,0.7777777777777778,1.0,0.875,3,success,
59934,0,5,5,,distance,levenshtein,0.19867777824401855,0.875,1.0,0.9333333333333333,5,success,
87228,0,6,4,,distance,levenshtein,0.1804051399230957,0.7777777777777778,1.0,0.875,4,success,
56085,1,0,8,,distance,levenshtein,1.528364896774292,0.25,1.0,0.4,8,success,
87228,0,6,5,,distance,levenshtein,0.26160192489624023,0.7777777777777778,1.0,0.875,5,success,
79820,0,5,5,,distance,levenshtein,1.8917410373687744,1.0,1.0,1.0,5,success,
75385,1,0,6,,distance,levenshtein,6.64668607711792,0.3103448275862069,1.0,0.47368421052631576,6,success,
87228,0,6,6,,distance,levenshtein,0.1689591407775879,0.7777777777777778,1.0,0.875,6,success,
36624,1,0,4,,distance,levenshtein,0.8188478946685791,0.2647058823529412,1.0,0.4186046511627907,4,success,
69007,1,2,3,,distance,levenshtein,7.787782907485962,0.3333333333333333,1.0,0.5,3,success,
87228,0,6,7,,distance,levenshtein,0.4520728588104248,0.7777777777777778,1.0,0.875,7,success,
11298,1,0,8,,distance,levenshtein,2.250077962875366,0.2571428571428571,1.0,0.4090909090909091,8,success,
79820,0,5,6,,distance,levenshtein,0.9542660713195801,1.0,0.8571428571428571,0.9230769230769231,6,success,
93344,1,2,5,,distance,levenshtein,1.9117939472198486,0.24324324324324326,1.0,0.391304347826087,5,success,
87228,0,6,8,,distance,levenshtein,0.6110601425170898,0.7777777777777778,1.0,0.875,8,success,
36624,1,0,5,,distance,levenshtein,1.5152621269226074,0.2647058823529412,1.0,0.4186046511627907,5,success,
79820,0,5,7,,distance,levenshtein,0.7039170265197754,1.0,1.0,1.0,7,success,
114,1,0,9,,distance,levenshtein,2.668264865875244,0.2903225806451613,1.0,0.45,9,success,
59934,0,5,6,,distance,levenshtein,2.5302908420562744,0.875,1.0,0.9333333333333333,6,success,
8938,1,2,3,,distance,levenshtein,2.8824291229248047,0.2727272727272727,1.0,0.42857142857142855,3,success,
97635,1,0,6,,distance,levenshtein,11.004015922546387,0.24324324324324326,1.0,0.391304347826087,6,success,
51134,1,0,6,,distance,levenshtein,5.51448392868042,0.2727272727272727,1.0,0.42857142857142855,6,success,
87228,0,6,9,,distance,levenshtein,0.8288280963897705,0.7777777777777778,1.0,0.875,9,success,
59934,0,5,7,,distance,levenshtein,0.4057769775390625,0.875,1.0,0.9333333333333333,7,success,
114,1,0,10,,distance,levenshtein,0.5683250427246094,0.2903225806451613,1.0,0.45,10,success,
56085,1,0,9,,distance,levenshtein,3.3255507946014404,0.25,1.0,0.4,9,success,
59934,0,5,8,,distance,levenshtein,0.6584680080413818,0.875,1.0,0.9333333333333333,8,success,
72994,1,2,4,,distance,levenshtein,6.509536981582642,0.24324324324324326,1.0,0.391304347826087,4,success,
87228,0,6,10,,distance,levenshtein,0.9305720329284668,0.7777777777777778,1.0,0.875,10,success,
75385,1,0,7,,distance,levenshtein,3.567272186279297,0.3103448275862069,1.0,0.47368421052631576,7,success,
87228,1,0,2,,distance,levenshtein,0.11375808715820312,0.2903225806451613,1.0,0.45,2,success,
87228,1,0,3,,distance,levenshtein,0.2546651363372803,0.2727272727272727,1.0,0.42857142857142855,3,success,
114,1,2,2,,distance,levenshtein,1.0787951946258545,0.0,0.0,0.0,2,success,
59934,0,5,9,,distance,levenshtein,0.757051944732666,0.875,1.0,0.9333333333333333,9,success,
87228,1,0,4,,distance,levenshtein,0.6673929691314697,0.28125,1.0,0.43902439024390244,4,success,
36624,1,0,6,,distance,levenshtein,2.9769630432128906,0.2647058823529412,1.0,0.4186046511627907,6,success,
56085,1,0,10,,distance,levenshtein,1.4036688804626465,0.25,1.0,0.4,10,success,
72994,1,2,5,,distance,levenshtein,1.4667870998382568,0.24324324324324326,1.0,0.391304347826087,5,success,
79820,0,5,8,,distance,levenshtein,3.0611140727996826,1.0,1.0,1.0,8,success,
56085,1,2,2,,distance,levenshtein,0.42946290969848633,0.012658227848101266,0.1111111111111111,0.022727272727272728,2,success,
87228,1,0,5,,distance,levenshtein,0.7755851745605469,0.2647058823529412,1.0,0.4186046511627907,5,success,
89149,1,0,6,,distance,levenshtein,13.747257947921753,0.225,1.0,0.3673469387755102,6,success,
79820,0,5,9,,distance,levenshtein,0.5368549823760986,1.0,1.0,1.0,9,success,
93344,1,2,6,,distance,levenshtein,4.674221992492676,0.25,1.0,0.4,6,success,
87228,1,0,6,,distance,levenshtein,1.1088969707489014,0.2647058823529412,1.0,0.4186046511627907,6,success,
79820,0,5,10,,distance,levenshtein,0.6745858192443848,1.0,1.0,1.0,10,success,
72994,1,2,6,,distance,levenshtein,1.6026690006256104,0.24324324324324326,1.0,0.391304347826087,6,success,
79820,0,6,2,,distance,levenshtein,0.07815003395080566,1.0,0.8571428571428571,0.9230769230769231,2,success,
79820,0,6,3,,distance,levenshtein,0.20942997932434082,1.0,1.0,1.0,3,success,
79820,0,6,4,,distance,levenshtein,0.25778818130493164,1.0,1.0,1.0,4,success,
59934,0,5,10,,distance,levenshtein,2.7996602058410645,0.875,1.0,0.9333333333333333,10,success,
59934,0,6,2,,distance,levenshtein,0.06978988647460938,0.875,1.0,0.9333333333333333,2,success,
59934,0,6,3,,distance,levenshtein,0.0378870964050293,0.875,1.0,0.9333333333333333,3,success,
79820,0,6,5,,distance,levenshtein,0.2591428756713867,1.0,1.0,1.0,5,success,
59934,0,6,4,,distance,levenshtein,0.05840492248535156,0.875,1.0,0.9333333333333333,4,success,
59934,0,6,5,,distance,levenshtein,0.040325164794921875,0.875,1.0,0.9333333333333333,5,success,
56085,1,2,3,,distance,levenshtein,2.315150022506714,0.25,1.0,0.4,3,success,
79820,0,6,6,,distance,levenshtein,0.0560610294342041,1.0,0.7142857142857143,0.8333333333333334,6,success,
7239,1,0,7,,distance,levenshtein,15.288352966308594,0.3,1.0,0.46153846153846156,7,success,
59934,0,6,6,,distance,levenshtein,0.24851393699645996,0.875,1.0,0.9333333333333333,6,success,
79820,0,6,7,,distance,levenshtein,0.3868980407714844,1.0,1.0,1.0,7,success,
59934,0,6,7,,distance,levenshtein,0.17236709594726562,0.875,1.0,0.9333333333333333,7,success,
72994,1,2,7,,distance,levenshtein,2.0841898918151855,0.24324324324324326,1.0,0.391304347826087,7,success,
79820,0,6,8,,distance,levenshtein,0.5548441410064697,1.0,1.0,1.0,8,success,
59934,0,6,8,,distance,levenshtein,1.3003489971160889,0.875,1.0,0.9333333333333333,8,success,
59934,0,6,9,,distance,levenshtein,0.11224007606506348,0.875,1.0,0.9333333333333333,9,success,
79820,0,6,9,,distance,levenshtein,0.8390610218048096,1.0,1.0,1.0,9,success,
58283,1,2,4,,distance,levenshtein,18.845102787017822,0.23529411764705882,0.8888888888888888,0.37209302325581395,4,success,
9178,1,2,3,,distance,levenshtein,12.985743999481201,0.3103448275862069,1.0,0.47368421052631576,3,success,
59934,0,6,10,,distance,levenshtein,0.0974130630493164,0.875,1.0,0.9333333333333333,10,success,
59934,1,0,2,,distance,levenshtein,0.0780181884765625,0.12162162162162163,1.0,0.21686746987951808,2,success,
39161,1,0,8,,distance,levenshtein,31.220616102218628,0.28125,1.0,0.43902439024390244,8,success,
93344,1,2,7,,distance,levenshtein,4.96061110496521,0.25,1.0,0.4,7,success,
29382,0,3,9,,distance,levenshtein,24.027908086776733,1.0,1.0,1.0,9,success,
59934,1,0,3,,distance,levenshtein,0.660336971282959,0.36,1.0,0.5294117647058824,3,success,
58283,1,2,5,,distance,levenshtein,0.8297810554504395,0.23529411764705882,0.8888888888888888,0.37209302325581395,5,success,
79820,0,6,10,,distance,levenshtein,1.117555856704712,1.0,1.0,1.0,10,success,
97635,1,0,7,,distance,levenshtein,9.481981992721558,0.24324324324324326,1.0,0.391304347826087,7,success,
29382,0,3,10,,distance,levenshtein,0.1312708854675293,1.0,1.0,1.0,10,success,
7239,1,0,8,,distance,levenshtein,3.1070539951324463,0.3,1.0,0.46153846153846156,8,success,
69007,1,2,4,,distance,levenshtein,11.407392024993896,0.3333333333333333,1.0,0.5,4,success,
79820,1,0,2,,distance,levenshtein,0.08424592018127441,0.14516129032258066,1.0,0.2535211267605634,2,success,
29382,0,4,2,,distance,levenshtein,0.042578935623168945,1.0,1.0,1.0,2,success,
98846,1,0,6,,distance,levenshtein,12.84059190750122,0.23684210526315788,1.0,0.3829787234042553,6,success,
29382,0,4,3,,distance,levenshtein,0.19630217552185059,1.0,1.0,1.0,3,success,
79820,1,0,3,,distance,levenshtein,0.6275718212127686,0.25,1.0,0.4,3,success,
7239,1,0,9,,distance,levenshtein,0.602046012878418,0.3103448275862069,1.0,0.47368421052631576,9,success,
29382,0,4,4,,distance,levenshtein,0.5166420936584473,1.0,1.0,1.0,4,success,
39161,1,0,9,,distance,levenshtein,2.7409400939941406,0.28125,1.0,0.43902439024390244,9,success,
29382,0,4,5,,distance,levenshtein,1.25655198097229,1.0,1.0,1.0,5,success,
59934,1,0,4,,distance,levenshtein,2.5649449825286865,0.36,1.0,0.5294117647058824,4,success,
7239,1,0,10,,distance,levenshtein,1.2672309875488281,0.3,1.0,0.46153846153846156,10,success,
70332,1,0,8,,distance,levenshtein,24.027559995651245,0.23076923076923078,1.0,0.375,8,success,
51134,1,0,7,,distance,levenshtein,12.320294857025146,0.2647058823529412,1.0,0.4186046511627907,7,success,
7239,1,2,2,,distance,levenshtein,0.34406185150146484,0.0,0.0,0.0,2,success,
72994,1,2,8,,distance,levenshtein,5.016280174255371,0.24324324324324326,1.0,0.391304347826087,8,success,
93344,1,2,8,,distance,levenshtein,3.0912039279937744,0.24324324324324326,1.0,0.391304347826087,8,success,
79820,1,0,4,,distance,levenshtein,2.7705190181732178,0.25,1.0,0.4,4,success,
87228,1,0,7,,distance,levenshtein,8.428524017333984,0.2647058823529412,1.0,0.4186046511627907,7,success,
36624,1,0,7,,distance,levenshtein,10.568766117095947,0.2571428571428571,1.0,0.4090909090909091,7,success,
8938,1,2,4,,distance,levenshtein,13.685082912445068,0.2647058823529412,1.0,0.4186046511627907,4,success,
70332,1,0,9,,distance,levenshtein,1.9642949104309082,0.23684210526315788,1.0,0.3829787234042553,9,success,
58283,1,2,6,,distance,levenshtein,4.832331895828247,0.23529411764705882,0.8888888888888888,0.37209302325581395,6,success,
85303,1,0,9,,distance,levenshtein,20.71876096725464,0.2571428571428571,1.0,0.4090909090909091,9,success,
59934,1,0,5,,distance,levenshtein,3.5896410942077637,0.36,1.0,0.5294117647058824,5,success,
39161,1,0,10,,distance,levenshtein,3.721890926361084,0.28125,1.0,0.43902439024390244,10,success,
75385,1,0,8,,distance,levenshtein,14.171221017837524,0.3103448275862069,1.0,0.47368421052631576,8,success,
85303,1,0,10,,distance,levenshtein,1.0561699867248535,0.23684210526315788,1.0,0.3829787234042553,10,success,
79121,1,0,10,,distance,levenshtein,22.993576049804688,0.2647058823529412,1.0,0.4186046511627907,10,success,
70332,1,0,10,,distance,levenshtein,1.3369359970092773,0.23076923076923078,1.0,0.375,10,success,
79820,1,0,5,,distance,levenshtein,2.7311692237854004,0.2571428571428571,1.0,0.4090909090909091,5,success,
85303,1,2,2,,distance,levenshtein,0.2024669647216797,0.23529411764705882,0.8888888888888888,0.37209302325581395,2,success,
79121,1,2,2,,distance,levenshtein,0.20458197593688965,0.25806451612903225,0.8888888888888888,0.4,2,success,
70332,1,2,2,,distance,levenshtein,0.22950196266174316,0.2,0.7777777777777778,0.3181818181818182,2,success,
39161,1,2,2,,distance,levenshtein,0.41388511657714844,0.0,0.0,0.0,2,success,
93344,1,2,9,,distance,levenshtein,5.366568088531494,0.24324324324324326,1.0,0.391304347826087,9,success,
75385,1,0,9,,distance,levenshtein,2.1768479347229004,0.3103448275862069,1.0,0.47368421052631576,9,success,
85303,1,2,3,,distance,levenshtein,2.2345309257507324,0.25,1.0,0.4,3,success,
29382,0,4,6,,distance,levenshtein,8.337316989898682,1.0,1.0,1.0,6,success,
79121,1,2,3,,distance,levenshtein,4.174660921096802,0.2571428571428571,1.0,0.4090909090909091,3,success,
75385,1,0,10,,distance,levenshtein,2.0726349353790283,0.3103448275862069,1.0,0.47368421052631576,10,success,
75385,1,2,2,,distance,levenshtein,0.48183298110961914,0.0,0.0,0.0,2,success,
72994,1,2,9,,distance,levenshtein,8.662389993667603,0.24324324324324326,1.0,0.391304347826087,9,success,
59934,1,0,6,,distance,levenshtein,6.126893997192383,0.36,1.0,0.5294117647058824,6,success,
29382,0,4,7,,distance,levenshtein,1.4565160274505615,1.0,1.0,1.0,7,success,
58283,1,2,7,,distance,levenshtein,7.700109004974365,0.22857142857142856,0.8888888888888888,0.36363636363636365,7,success,
7239,1,2,3,,distance,levenshtein,10.041231870651245,0.3,1.0,0.46153846153846156,3,success,
29382,0,4,8,,distance,levenshtein,0.4893169403076172,1.0,1.0,1.0,8,success,
72994,1,2,10,,distance,levenshtein,0.9329750537872314,0.24324324324324326,1.0,0.391304347826087,10,success,
72994,1,3,2,,distance,levenshtein,0.2180800437927246,0.0,0.0,0.0,2,success,
29382,0,4,9,,distance,levenshtein,0.597804069519043,1.0,1.0,1.0,9,success,
114,1,2,3,,distance,levenshtein,21.561722993850708,0.2903225806451613,1.0,0.45,3,success,
29382,0,4,10,,distance,levenshtein,0.6050779819488525,1.0,1.0,1.0,10,success,
29382,0,5,2,,distance,levenshtein,0.10936617851257324,1.0,1.0,1.0,2,success,
29382,0,5,3,,distance,levenshtein,0.17029905319213867,1.0,1.0,1.0,3,success,
36624,1,0,8,,distance,levenshtein,11.586026906967163,0.2647058823529412,1.0,0.4186046511627907,8,success,
29382,0,5,4,,distance,levenshtein,0.45065879821777344,1.0,1.0,1.0,4,success,
87228,1,0,8,,distance,levenshtein,12.24587607383728,0.28125,1.0,0.43902439024390244,8,success,
36624,1,0,9,,distance,levenshtein,1.0000550746917725,0.2647058823529412,1.0,0.4186046511627907,9,success,
72994,1,3,3,,distance,levenshtein,3.233430862426758,0.24324324324324326,1.0,0.391304347826087,3,success,
29382,0,5,5,,distance,levenshtein,1.175786018371582,1.0,1.0,1.0,5,success,
87228,1,0,9,,distance,levenshtein,1.387403964996338,0.28125,1.0,0.43902439024390244,9,success,
98846,1,0,7,,distance,levenshtein,17.727283000946045,0.23684210526315788,1.0,0.3829787234042553,7,success,
93344,1,2,10,,distance,levenshtein,9.20592188835144,0.24324324324324326,1.0,0.391304347826087,10,success,
79820,1,0,6,,distance,levenshtein,11.72499418258667,0.2571428571428571,1.0,0.4090909090909091,6,success,
36624,1,0,10,,distance,levenshtein,1.4374158382415771,0.2727272727272727,1.0,0.42857142857142855,10,success,
93344,1,3,2,,distance,levenshtein,0.12675189971923828,0.11290322580645161,0.7777777777777778,0.19718309859154928,2,success,
87228,1,0,10,,distance,levenshtein,0.553368091583252,0.2727272727272727,1.0,0.42857142857142855,10,success,
36624,1,2,2,,distance,levenshtein,0.21169805526733398,0.21428571428571427,0.6666666666666666,0.32432432432432434,2,success,
87228,1,2,2,,distance,levenshtein,0.22034096717834473,0.0,0.0,0.0,2,success,
93344,1,3,3,,distance,levenshtein,0.5864541530609131,0.24324324324324326,1.0,0.391304347826087,3,success,
70332,1,2,3,,distance,levenshtein,12.473688840866089,0.21621621621621623,0.8888888888888888,0.34782608695652173,3,success,
89149,1,0,7,,distance,levenshtein,25.534654140472412,0.225,1.0,0.3673469387755102,7,success,
39161,1,2,3,,distance,levenshtein,12.86856484413147,0.28125,1.0,0.43902439024390244,3,success,
98846,1,0,8,,distance,levenshtein,1.8468689918518066,0.23684210526315788,1.0,0.3829787234042553,8,success,
75385,1,2,3,,distance,levenshtein,8.80863881111145,0.3103448275862069,1.0,0.47368421052631576,3,success,
93344,1,3,4,,distance,levenshtein,1.4104139804840088,0.24324324324324326,1.0,0.391304347826087,4,success,
89149,1,0,8,,distance,levenshtein,1.2174501419067383,0.225,1.0,0.3673469387755102,8,success,
87228,1,2,3,,distance,levenshtein,2.192018985748291,0.2647058823529412,1.0,0.4186046511627907,3,success,
72994,1,3,4,,distance,levenshtein,4.188299894332886,0.24324324324324326,1.0,0.391304347826087,4,success,
39161,1,2,4,,distance,levenshtein,2.2615480422973633,0.28125,1.0,0.43902439024390244,4,success,
29382,0,5,6,,distance,levenshtein,5.530565977096558,1.0,1.0,1.0,6,success,
98846,1,0,9,,distance,levenshtein,2.543687105178833,0.23684210526315788,1.0,0.3829787234042553,9,success,
11298,1,0,9,,distance,levenshtein,33.99093294143677,0.2647058823529412,1.0,0.4186046511627907,9,success,
85303,1,2,4,,distance,levenshtein,14.946602821350098,0.23684210526315788,1.0,0.3829787234042553,4,success,
85303,1,2,5,,distance,levenshtein,0.24222803115844727,0.2571428571428571,1.0,0.4090909090909091,5,success,
93344,1,3,5,,distance,levenshtein,4.237925052642822,0.24324324324324326,1.0,0.391304347826087,5,success,
89149,1,0,9,,distance,levenshtein,3.693251132965088,0.225,1.0,0.3673469387755102,9,success,
98846,1,0,10,,distance,levenshtein,3.5101749897003174,0.23684210526315788,1.0,0.3829787234042553,10,success,
98846,1,2,2,,distance,levenshtein,0.3059999942779541,0.0125,0.1111111111111111,0.02247191011235955,2,success,
85303,1,2,6,,distance,levenshtein,3.734321117401123,0.23076923076923078,1.0,0.375,6,success,
51134,1,0,8,,distance,levenshtein,25.619335174560547,0.2727272727272727,1.0,0.42857142857142855,8,success,
97635,1,0,8,,distance,levenshtein,28.705240964889526,0.24324324324324326,1.0,0.391304347826087,8,success,
89149,1,0,10,,distance,levenshtein,4.15984320640564,0.225,1.0,0.3673469387755102,10,success,
59934,1,0,7,,distance,levenshtein,17.796621084213257,0.36,1.0,0.5294117647058824,7,success,
89149,1,2,2,,distance,levenshtein,1.0057590007781982,0.0,0.0,0.0,2,success,
51134,1,0,9,,distance,levenshtein,2.4494829177856445,0.2647058823529412,1.0,0.4186046511627907,9,success,
97635,1,0,9,,distance,levenshtein,2.483351945877075,0.24324324324324326,1.0,0.391304347826087,9,success,
79820,1,0,7,,distance,levenshtein,12.955741882324219,0.25,1.0,0.4,7,success,
87228,1,2,4,,distance,levenshtein,10.359509944915771,0.2727272727272727,1.0,0.42857142857142855,4,success,
58283,1,2,8,,distance,levenshtein,18.534417152404785,0.22857142857142856,0.8888888888888888,0.36363636363636365,8,success,
98846,1,2,3,,distance,levenshtein,4.485518932342529,0.21621621621621623,0.8888888888888888,0.34782608695652173,3,success,
97635,1,0,10,,distance,levenshtein,0.5799260139465332,0.24324324324324326,1.0,0.391304347826087,10,success,
59934,1,0,8,,distance,levenshtein,1.815580129623413,0.36,1.0,0.5294117647058824,8,success,
97635,1,2,2,,distance,levenshtein,0.2653629779815674,0.2222222222222222,0.8888888888888888,0.35555555555555557,2,success,
56085,1,2,4,,distance,levenshtein,36.723473072052,0.25,1.0,0.4,4,success,
98846,1,2,4,,distance,levenshtein,1.1519601345062256,0.21621621621621623,0.8888888888888888,0.34782608695652173,4,success,
79820,1,0,8,,distance,levenshtein,1.6200599670410156,0.25,1.0,0.4,8,success,
79121,1,2,4,,distance,levenshtein,22.697108030319214,0.2647058823529412,1.0,0.4186046511627907,4,success,
59934,1,0,9,,distance,levenshtein,1.4849538803100586,0.36,1.0,0.5294117647058824,9,success,
79121,1,2,5,,distance,levenshtein,0.75732421875,0.2647058823529412,1.0,0.4186046511627907,5,success,
79820,1,0,9,,distance,levenshtein,1.2801909446716309,0.2571428571428571,1.0,0.4090909090909091,9,success,
59934,1,0,10,,distance,levenshtein,0.6660449504852295,0.36,1.0,0.5294117647058824,10,success,
59934,1,2,2,,distance,levenshtein,0.3628401756286621,0.0,0.0,0.0,2,success,
51134,1,0,10,,distance,levenshtein,4.306833028793335,0.2647058823529412,1.0,0.4186046511627907,10,success,
93344,1,3,6,,distance,levenshtein,10.581452131271362,0.21621621621621623,0.8888888888888888,0.34782608695652173,6,success,
51134,1,2,2,,distance,levenshtein,0.3792839050292969,0.0,0.0,0.0,2,success,
85303,1,2,7,,distance,levenshtein,7.854326009750366,0.23684210526315788,1.0,0.3829787234042553,7,success,
29382,0,5,7,,distance,levenshtein,14.044894218444824,1.0,1.0,1.0,7,success,
79820,1,0,10,,distance,levenshtein,2.06069016456604,0.25,1.0,0.4,10,success,
79820,1,2,2,,distance,levenshtein,0.3949849605560303,0.0,0.0,0.0,2,success,
36624,1,2,3,,distance,levenshtein,20.33503293991089,0.2571428571428571,1.0,0.4090909090909091,3,success,
79121,1,2,6,,distance,levenshtein,4.602518796920776,0.2647058823529412,1.0,0.4186046511627907,6,success,
29382,0,5,8,,distance,levenshtein,2.806102991104126,1.0,1.0,1.0,8,success,
85303,1,2,8,,distance,levenshtein,3.493997097015381,0.25,1.0,0.4,8,success,
29382,0,5,9,,distance,levenshtein,0.5681819915771484,1.0,1.0,1.0,9,success,
56085,1,2,5,,distance,levenshtein,7.458872079849243,0.25,1.0,0.4,5,success,
51134,1,2,3,,distance,levenshtein,5.5340540409088135,0.2647058823529412,1.0,0.4186046511627907,3,success,
58283,1,2,9,,distance,levenshtein,11.167961120605469,0.22857142857142856,0.8888888888888888,0.36363636363636365,9,success,
79820,1,2,3,,distance,levenshtein,5.427513837814331,0.25,1.0,0.4,3,success,
29382,0,5,10,,distance,levenshtein,2.536574125289917,1.0,1.0,1.0,10,success,
29382,0,6,2,,distance,levenshtein,0.0968790054321289,1.0,1.0,1.0,2,success,
29382,0,6,3,,distance,levenshtein,0.13998699188232422,1.0,1.0,1.0,3,success,
29382,0,6,4,,distance,levenshtein,0.3753218650817871,1.0,1.0,1.0,4,success,
29382,0,6,5,,distance,levenshtein,0.19614696502685547,1.0,1.0,1.0,5,success,
29382,0,6,6,,distance,levenshtein,0.9348158836364746,1.0,1.0,1.0,6,success,
79121,1,2,7,,distance,levenshtein,5.8465189933776855,0.2571428571428571,1.0,0.4090909090909091,7,success,
8938,1,2,5,,distance,levenshtein,42.48992991447449,0.2647058823529412,1.0,0.4186046511627907,5,success,
85303,1,2,9,,distance,levenshtein,5.9924211502075195,0.2571428571428571,1.0,0.4090909090909091,9,success,
29382,0,6,7,,distance,levenshtein,1.2501749992370605,1.0,1.0,1.0,7,success,
29382,0,6,8,,distance,levenshtein,0.3978750705718994,1.0,1.0,1.0,8,success,
72994,1,3,5,,distance,levenshtein,26.121729135513306,0.24324324324324326,1.0,0.391304347826087,5,success,
9178,1,2,4,,distance,levenshtein,49.65316104888916,0.32142857142857145,1.0,0.4864864864864865,4,success,
29382,0,6,9,,distance,levenshtein,1.0606989860534668,1.0,0.8571428571428571,0.9230769230769231,9,success,
29382,0,6,10,,distance,levenshtein,0.14946198463439941,1.0,1.0,1.0,10,success,
72994,1,3,6,,distance,levenshtein,1.413172960281372,0.24324324324324326,1.0,0.391304347826087,6,success,
56085,1,2,6,,distance,levenshtein,8.086727142333984,0.25,1.0,0.4,6,success,
29382,1,0,2,,distance,levenshtein,0.11028194427490234,0.25,1.0,0.4,2,success,
29382,1,0,3,,distance,levenshtein,0.48663806915283203,0.23076923076923078,1.0,0.375,3,success,
98846,1,2,5,,distance,levenshtein,18.14477300643921,0.21621621621621623,0.8888888888888888,0.34782608695652173,5,success,
29382,1,0,4,,distance,levenshtein,1.9781241416931152,0.23076923076923078,1.0,0.375,4,success,
70332,1,2,4,,distance,levenshtein,33.031227111816406,0.21052631578947367,0.8888888888888888,0.3404255319148936,4,success,
79121,1,2,8,,distance,levenshtein,6.715135097503662,0.2647058823529412,1.0,0.4186046511627907,8,success,
72994,1,3,7,,distance,levenshtein,3.674544095993042,0.24324324324324326,1.0,0.391304347826087,7,success,
8938,1,2,6,,distance,levenshtein,6.999546051025391,0.2647058823529412,1.0,0.4186046511627907,6,success,
98846,1,2,6,,distance,levenshtein,3.7895379066467285,0.21621621621621623,0.8888888888888888,0.34782608695652173,6,success,
93344,1,3,7,,distance,levenshtein,20.302879095077515,0.2222222222222222,0.8888888888888888,0.35555555555555557,7,success,
85303,1,2,10,,distance,levenshtein,9.268184900283813,0.23076923076923078,1.0,0.375,10,success,
70332,1,2,5,,distance,levenshtein,3.914776086807251,0.21621621621621623,0.8888888888888888,0.34782608695652173,5,success,
56085,1,2,7,,distance,levenshtein,7.108304977416992,0.25,1.0,0.4,7,success,
85303,1,3,2,,distance,levenshtein,0.1351780891418457,0.140625,1.0,0.2465753424657534,2,success,
69007,1,2,5,,distance,levenshtein,56.82789897918701,0.3333333333333333,1.0,0.5,5,success,
29382,1,0,5,,distance,levenshtein,4.964123010635376,0.23076923076923078,1.0,0.375,5,success,
85303,1,3,3,,distance,levenshtein,0.8138070106506348,0.25,1.0,0.4,3,success,
8938,1,2,7,,distance,levenshtein,3.539367914199829,0.2647058823529412,1.0,0.4186046511627907,7,success,
72994,1,3,8,,distance,levenshtein,5.5169219970703125,0.25,1.0,0.4,8,success,
98846,1,2,7,,distance,levenshtein,3.6374459266662598,0.21621621621621623,0.8888888888888888,0.34782608695652173,7,success,
51134,1,2,4,,distance,levenshtein,18.097673892974854,0.24242424242424243,0.8888888888888888,0.38095238095238093,4,success,
29382,1,0,6,,distance,levenshtein,3.6368260383605957,0.23076923076923078,1.0,0.375,6,success,
85303,1,3,4,,distance,levenshtein,4.117161989212036,0.2571428571428571,1.0,0.4090909090909091,4,success,
51134,1,2,5,,distance,levenshtein,2.766439914703369,0.2727272727272727,1.0,0.42857142857142855,5,success,
79121,1,2,9,,distance,levenshtein,10.693712949752808,0.2647058823529412,1.0,0.4186046511627907,9,success,
69007,1,2,6,,distance,levenshtein,6.901340961456299,0.3333333333333333,1.0,0.5,6,success,
70332,1,2,6,,distance,levenshtein,7.319145917892456,0.21621621621621623,0.8888888888888888,0.34782608695652173,6,success,
72994,1,3,9,,distance,levenshtein,4.960191011428833,0.24324324324324326,1.0,0.391304347826087,9,success,
51134,1,2,6,,distance,levenshtein,2.1627590656280518,0.2647058823529412,1.0,0.4186046511627907,6,success,
29382,1,0,7,,distance,levenshtein,4.949638843536377,0.23076923076923078,1.0,0.375,7,success,
98846,1,2,8,,distance,levenshtein,6.765837907791138,0.21621621621621623,0.8888888888888888,0.34782608695652173,8,success,
59934,1,2,3,,distance,levenshtein,31.862033128738403,0.36,1.0,0.5294117647058824,3,success,
69007,1,2,7,,distance,levenshtein,3.390446901321411,0.3333333333333333,1.0,0.5,7,success,
8938,1,2,8,,distance,levenshtein,10.339905977249146,0.2727272727272727,1.0,0.42857142857142855,8,success,
69007,1,2,8,,distance,levenshtein,1.8918790817260742,0.3333333333333333,1.0,0.5,8,success,
72994,1,3,10,,distance,levenshtein,6.849257946014404,0.24324324324324326,1.0,0.391304347826087,10,success,
65447,1,2,3,,distance,levenshtein,88.74623012542725,0.2571428571428571,1.0,0.4090909090909091,3,success,
72994,1,4,2,,distance,levenshtein,0.29558897018432617,0.0,0.0,0.0,2,success,
58283,1,2,10,,distance,levenshtein,28.79187822341919,0.23529411764705882,0.8888888888888888,0.37209302325581395,10,success,
58283,1,3,2,,distance,levenshtein,0.12221622467041016,0.11290322580645161,0.7777777777777778,0.19718309859154928,2,success,
51134,1,2,7,,distance,levenshtein,7.166513919830322,0.2647058823529412,1.0,0.4186046511627907,7,success,
69007,1,2,9,,distance,levenshtein,2.6861000061035156,0.3333333333333333,1.0,0.5,9,success,
58283,1,3,3,,distance,levenshtein,1.0679380893707275,0.25,1.0,0.4,3,success,
29382,1,0,8,,distance,levenshtein,8.571878910064697,0.23076923076923078,1.0,0.375,8,success,
85303,1,3,5,,distance,levenshtein,12.793740034103394,0.2571428571428571,1.0,0.4090909090909091,5,success,
72994,1,4,3,,distance,levenshtein,3.547644853591919,0.24324324324324326,1.0,0.391304347826087,3,success,
11298,1,0,10,,distance,levenshtein,52.29235911369324,0.2647058823529412,1.0,0.4186046511627907,10,success,
11298,1,2,2,,distance,levenshtein,0.4024331569671631,0.0,0.0,0.0,2,success,
8938,1,2,9,,distance,levenshtein,7.953468084335327,0.2647058823529412,1.0,0.4186046511627907,9,success,
98846,1,2,9,,distance,levenshtein,9.676480054855347,0.21621621621621623,0.8888888888888888,0.34782608695652173,9,success,
29382,1,0,9,,distance,levenshtein,2.2165441513061523,0.23076923076923078,1.0,0.375,9,success,
70332,1,2,7,,distance,levenshtein,13.420938968658447,0.2222222222222222,0.8888888888888888,0.35555555555555557,7,success,
58283,1,3,4,,distance,levenshtein,3.9107768535614014,0.2571428571428571,1.0,0.4090909090909091,4,success,
29382,1,0,10,,distance,levenshtein,1.175459861755371,0.225,1.0,0.3673469387755102,10,success,
29382,1,2,2,,distance,levenshtein,0.26925110816955566,0.0,0.0,0.0,2,success,
51134,1,2,8,,distance,levenshtein,6.091753005981445,0.2647058823529412,1.0,0.4186046511627907,8,success,
29382,1,2,3,,distance,levenshtein,2.5179779529571533,0.23076923076923078,1.0,0.375,3,success,
56085,1,2,8,,distance,levenshtein,24.955042839050293,0.25,1.0,0.4,8,success,
8938,1,2,10,,distance,levenshtein,5.543864965438843,0.2727272727272727,1.0,0.42857142857142855,10,success,
8938,1,3,2,,distance,levenshtein,0.19016098976135254,0.13846153846153847,1.0,0.24324324324324326,2,success,
11298,1,2,3,,distance,levenshtein,7.102582931518555,0.2571428571428571,1.0,0.4090909090909091,3,success,
69007,1,2,10,,distance,levenshtein,10.489521026611328,0.3333333333333333,1.0,0.5,10,success,
8938,1,3,3,,distance,levenshtein,1.305811882019043,0.2727272727272727,1.0,0.42857142857142855,3,success,
69007,1,3,2,,distance,levenshtein,0.15653109550476074,0.1267605633802817,1.0,0.225,2,success,
39161,1,2,5,,distance,levenshtein,63.30054497718811,0.28125,1.0,0.43902439024390244,5,success,
69007,1,3,3,,distance,levenshtein,2.0512311458587646,0.3076923076923077,0.8888888888888888,0.45714285714285713,3,success,
8938,1,3,4,,distance,levenshtein,2.437614917755127,0.2727272727272727,1.0,0.42857142857142855,4,success,
79121,1,2,10,,distance,levenshtein,22.71366596221924,0.2647058823529412,1.0,0.4186046511627907,10,success,
79121,1,3,2,,distance,levenshtein,0.139801025390625,0.109375,0.7777777777777778,0.1917808219178082,2,success,
98846,1,2,10,,distance,levenshtein,11.598502159118652,0.21621621621621623,0.8888888888888888,0.34782608695652173,10,success,
98846,1,3,2,,distance,levenshtein,0.23328590393066406,0.08928571428571429,0.5555555555555556,0.15384615384615385,2,success,
79121,1,3,3,,distance,levenshtein,1.6430881023406982,0.2571428571428571,1.0,0.4090909090909091,3,success,
29382,1,2,4,,distance,levenshtein,7.580115079879761,0.225,1.0,0.3673469387755102,4,success,
39161,1,2,6,,distance,levenshtein,4.009087800979614,0.28125,1.0,0.43902439024390244,6,success,
36624,1,2,4,,distance,levenshtein,50.94762992858887,0.2647058823529412,1.0,0.4186046511627907,4,success,
51134,1,2,9,,distance,levenshtein,10.864259958267212,0.2647058823529412,1.0,0.4186046511627907,9,success,
98846,1,3,3,,distance,levenshtein,1.5455498695373535,0.23684210526315788,1.0,0.3829787234042553,3,success,
72994,1,4,4,,distance,levenshtein,15.466348886489868,0.22857142857142856,0.8888888888888888,0.36363636363636365,4,success,
69007,1,3,4,,distance,levenshtein,4.419168949127197,0.3333333333333333,1.0,0.5,4,success,
75385,1,2,4,,distance,levenshtein,71.79065799713135,0.3103448275862069,1.0,0.47368421052631576,4,success,
58283,1,3,5,,distance,levenshtein,14.118975162506104,0.2571428571428571,1.0,0.4090909090909091,5,success,
98846,1,3,4,,distance,levenshtein,2.021618127822876,0.23684210526315788,1.0,0.3829787234042553,4,success,
39161,1,2,7,,distance,levenshtein,3.2144901752471924,0.28125,1.0,0.43902439024390244,7,success,
70332,1,2,8,,distance,levenshtein,15.386813879013062,0.21621621621621623,0.8888888888888888,0.34782608695652173,8,success,
79121,1,3,4,,distance,levenshtein,5.333128213882446,0.2571428571428571,1.0,0.4090909090909091,4,success,
51134,1,2,10,,distance,levenshtein,3.4359729290008545,0.2647058823529412,1.0,0.4186046511627907,10,success,
51134,1,3,2,,distance,levenshtein,0.12993597984313965,0.1111111111111111,0.7777777777777778,0.19444444444444445,2,success,
51134,1,3,3,,distance,levenshtein,0.5887210369110107,0.2647058823529412,1.0,0.4186046511627907,3,success,
93344,1,3,8,,distance,levenshtein,40.23293709754944,0.24324324324324326,1.0,0.391304347826087,8,success,
36624,1,2,5,,distance,levenshtein,6.28416109085083,0.2571428571428571,1.0,0.4090909090909091,5,success,
39161,1,2,8,,distance,levenshtein,3.995817184448242,0.28125,1.0,0.43902439024390244,8,success,
93344,1,3,9,,distance,levenshtein,1.574113130569458,0.23684210526315788,1.0,0.3829787234042553,9,success,
98846,1,3,5,,distance,levenshtein,5.741914987564087,0.23684210526315788,1.0,0.3829787234042553,5,success,
65447,1,2,4,,distance,levenshtein,27.17864203453064,0.2571428571428571,1.0,0.4090909090909091,4,success,
93344,1,3,10,,distance,levenshtein,0.5253589153289795,0.2222222222222222,0.8888888888888888,0.35555555555555557,10,success,
51134,1,3,4,,distance,levenshtein,3.8281290531158447,0.2727272727272727,1.0,0.42857142857142855,4,success,
93344,1,4,2,,distance,levenshtein,0.24800801277160645,0.0,0.0,0.0,2,success,
9178,1,2,5,,distance,levenshtein,51.64012885093689,0.3103448275862069,1.0,0.47368421052631576,5,success,
87228,1,2,5,,distance,levenshtein,68.75561499595642,0.2727272727272727,1.0,0.42857142857142855,5,success,
69007,1,3,5,,distance,levenshtein,9.575927972793579,0.3076923076923077,0.8888888888888888,0.45714285714285713,5,success,
75385,1,2,5,,distance,levenshtein,8.89006495475769,0.3103448275862069,1.0,0.47368421052631576,5,success,
36624,1,2,6,,distance,levenshtein,4.3716881275177,0.2647058823529412,1.0,0.4186046511627907,6,success,
39161,1,2,9,,distance,levenshtein,4.392990827560425,0.28125,1.0,0.43902439024390244,9,success,
93344,1,4,3,,distance,levenshtein,2.7009329795837402,0.24324324324324326,1.0,0.391304347826087,3,success,
87228,1,2,6,,distance,levenshtein,2.5378470420837402,0.2647058823529412,1.0,0.4186046511627907,6,success,
36624,1,2,7,,distance,levenshtein,1.7866129875183105,0.23529411764705882,0.8888888888888888,0.37209302325581395,7,success,
9178,1,2,6,,distance,levenshtein,3.1562490463256836,0.32142857142857145,1.0,0.4864864864864865,6,success,
8938,1,3,5,,distance,levenshtein,17.18465280532837,0.2727272727272727,1.0,0.42857142857142855,5,success,
8938,1,3,6,,distance,levenshtein,0.4481539726257324,0.2727272727272727,1.0,0.42857142857142855,6,success,
56085,1,2,9,,distance,levenshtein,24.000362873077393,0.20588235294117646,0.7777777777777778,0.32558139534883723,9,success,
8938,1,3,7,,distance,levenshtein,2.3988020420074463,0.2647058823529412,1.0,0.4186046511627907,7,success,
87228,1,2,7,,distance,levenshtein,5.033140182495117,0.2647058823529412,1.0,0.4186046511627907,7,success,
93344,1,4,4,,distance,levenshtein,7.1277549266815186,0.23684210526315788,1.0,0.3829787234042553,4,success,
75385,1,2,6,,distance,levenshtein,8.720008134841919,0.3103448275862069,1.0,0.47368421052631576,6,success,
8938,1,3,8,,distance,levenshtein,3.554263114929199,0.2647058823529412,1.0,0.4186046511627907,8,success,
39161,1,2,10,,distance,levenshtein,8.832040786743164,0.28125,1.0,0.43902439024390244,10,success,
69007,1,3,6,,distance,levenshtein,10.624167203903198,0.3333333333333333,1.0,0.5,6,success,
39161,1,3,2,,distance,levenshtein,0.19143295288085938,0.12121212121212122,0.8888888888888888,0.21333333333333335,2,success,
39161,1,3,3,,distance,levenshtein,1.2984619140625,0.28125,1.0,0.43902439024390244,3,success,
8938,1,3,9,,distance,levenshtein,1.6223149299621582,0.2647058823529412,1.0,0.4186046511627907,9,success,
51134,1,3,5,,distance,levenshtein,14.105934143066406,0.2647058823529412,1.0,0.4186046511627907,5,success,
75385,1,2,7,,distance,levenshtein,3.9251041412353516,0.3103448275862069,1.0,0.47368421052631576,7,success,
85303,1,3,6,,distance,levenshtein,39.871450901031494,0.25,1.0,0.4,6,success,
70332,1,2,9,,distance,levenshtein,20.841081857681274,0.21621621621621623,0.8888888888888888,0.34782608695652173,9,success,
69007,1,3,7,,distance,levenshtein,2.977900981903076,0.3333333333333333,1.0,0.5,7,success,
9178,1,2,7,,distance,levenshtein,11.387797832489014,0.3103448275862069,1.0,0.47368421052631576,7,success,
39161,1,3,4,,distance,levenshtein,3.1174771785736084,0.28125,1.0,0.43902439024390244,4,success,
85303,1,3,7,,distance,levenshtein,2.3340060710906982,0.23076923076923078,1.0,0.375,7,success,
69007,1,3,8,,distance,levenshtein,3.442099094390869,0.3076923076923077,0.8888888888888888,0.45714285714285713,8,success,
58283,1,3,6,,distance,levenshtein,27.306051015853882,0.22857142857142856,0.8888888888888888,0.36363636363636365,6,success,
97635,1,2,3,,distance,levenshtein,87.43377208709717,0.24324324324324326,1.0,0.391304347826087,3,success,
85303,1,3,8,,distance,levenshtein,2.925166130065918,0.23076923076923078,1.0,0.375,8,success,
69007,1,3,9,,distance,levenshtein,1.3759441375732422,0.3333333333333333,1.0,0.5,9,success,
11298,1,2,4,,distance,levenshtein,37.44739890098572,0.2571428571428571,1.0,0.4090909090909091,4,success,
87228,1,2,8,,distance,levenshtein,12.858705997467041,0.2647058823529412,1.0,0.4186046511627907,8,success,
8938,1,3,10,,distance,levenshtein,7.951143026351929,0.2647058823529412,1.0,0.4186046511627907,10,success,
8938,1,4,2,,distance,levenshtein,0.23548483848571777,0.0,0.0,0.0,2,success,
29382,1,2,5,,distance,levenshtein,33.39288282394409,0.225,1.0,0.3673469387755102,5,success,
85303,1,3,9,,distance,levenshtein,2.5061020851135254,0.23684210526315788,1.0,0.3829787234042553,9,success,
98846,1,3,6,,distance,levenshtein,24.537779808044434,0.23684210526315788,1.0,0.3829787234042553,6,success,
58283,1,3,7,,distance,levenshtein,3.8350799083709717,0.25,1.0,0.4,7,success,
8938,1,4,3,,distance,levenshtein,1.8250081539154053,0.2727272727272727,1.0,0.42857142857142855,3,success,
98846,1,3,7,,distance,levenshtein,0.7791121006011963,0.23684210526315788,1.0,0.3829787234042553,7,success,
11298,1,2,5,,distance,levenshtein,4.141168832778931,0.2647058823529412,1.0,0.4186046511627907,5,success,
85303,1,3,10,,distance,levenshtein,1.8333258628845215,0.25,1.0,0.4,10,success,
39161,1,3,5,,distance,levenshtein,9.241075038909912,0.28125,1.0,0.43902439024390244,5,success,
85303,1,4,2,,distance,levenshtein,0.2975199222564697,0.0,0.0,0.0,2,success,
51134,1,3,6,,distance,levenshtein,12.252271890640259,0.2727272727272727,1.0,0.42857142857142855,6,success,
69007,1,3,10,,distance,levenshtein,5.5543859004974365,0.3076923076923077,0.8888888888888888,0.45714285714285713,10,success,
69007,1,4,2,,distance,levenshtein,0.25517797470092773,0.0,0.0,0.0,2,success,
79820,1,2,4,,distance,levenshtein,84.0903058052063,0.25,1.0,0.4,4,success,
58283,1,3,8,,distance,levenshtein,3.597011089324951,0.2571428571428571,1.0,0.4090909090909091,8,success,
11298,1,2,6,,distance,levenshtein,2.1313650608062744,0.2647058823529412,1.0,0.4186046511627907,6,success,
29382,1,2,6,,distance,levenshtein,5.080271005630493,0.225,1.0,0.3673469387755102,6,success,
98846,1,3,8,,distance,levenshtein,3.48610520362854,0.23684210526315788,1.0,0.3829787234042553,8,success,
72994,1,4,5,,distance,levenshtein,37.690266132354736,0.24324324324324326,1.0,0.391304347826087,5,success,
9178,1,2,8,,distance,levenshtein,13.501554012298584,0.3103448275862069,1.0,0.47368421052631576,8,success,
72994,1,4,6,,distance,levenshtein,0.3645758628845215,0.25,1.0,0.4,6,success,
7239,1,2,4,,distance,levenshtein,116.76714897155762,0.3,1.0,0.46153846153846156,4,success,
85303,1,4,3,,distance,levenshtein,3.566554069519043,0.25,1.0,0.4,3,success,
51134,1,3,7,,distance,levenshtein,3.666682004928589,0.2647058823529412,1.0,0.4186046511627907,7,success,
79121,1,3,5,,distance,levenshtein,35.65372180938721,0.2647058823529412,1.0,0.4186046511627907,5,success,
87228,1,2,9,,distance,levenshtein,8.611640930175781,0.2727272727272727,1.0,0.42857142857142855,9,success,
29382,1,2,7,,distance,levenshtein,2.42378306388855,0.225,1.0,0.3673469387755102,7,success,
11298,1,2,7,,distance,levenshtein,3.3019399642944336,0.2727272727272727,1.0,0.42857142857142855,7,success,
79121,1,3,6,,distance,levenshtein,1.1376221179962158,0.2647058823529412,1.0,0.4186046511627907,6,success,
79820,1,2,5,,distance,levenshtein,4.183499097824097,0.2571428571428571,1.0,0.4090909090909091,5,success,
69007,1,4,3,,distance,levenshtein,4.79880690574646,0.3333333333333333,1.0,0.5,3,success,
51134,1,3,8,,distance,levenshtein,1.6583271026611328,0.25,0.8888888888888888,0.3902439024390244,8,success,
70332,1,2,10,,distance,levenshtein,17.099584102630615,0.21621621621621623,0.8888888888888888,0.34782608695652173,10,success,
98846,1,3,9,,distance,levenshtein,3.896436929702759,0.23684210526315788,1.0,0.3829787234042553,9,success,
70332,1,3,2,,distance,levenshtein,0.09740900993347168,0.10714285714285714,0.6666666666666666,0.18461538461538463,2,success,
58283,1,3,9,,distance,levenshtein,4.59703803062439,0.25,1.0,0.4,9,success,
70332,1,3,3,,distance,levenshtein,0.6001060009002686,0.23684210526315788,1.0,0.3829787234042553,3,success,
8938,1,4,4,,distance,levenshtein,9.967772006988525,0.2647058823529412,1.0,0.4186046511627907,4,success,
9178,1,2,9,,distance,levenshtein,4.881057024002075,0.3103448275862069,1.0,0.47368421052631576,9,success,
72994,1,4,7,,distance,levenshtein,4.740064859390259,0.24324324324324326,1.0,0.391304347826087,7,success,
58283,1,3,10,,distance,levenshtein,1.708634853363037,0.25,1.0,0.4,10,success,
75385,1,2,8,,distance,levenshtein,19.86378288269043,0.3103448275862069,1.0,0.47368421052631576,8,success,
29382,1,2,8,,distance,levenshtein,3.66157603263855,0.225,1.0,0.3673469387755102,8,success,
58283,1,4,2,,distance,levenshtein,0.18337011337280273,0.0,0.0,0.0,2,success,
79121,1,3,7,,distance,levenshtein,3.2190968990325928,0.2647058823529412,1.0,0.4186046511627907,7,success,
51134,1,3,9,,distance,levenshtein,3.0231430530548096,0.2647058823529412,1.0,0.4186046511627907,9,success,
7239,1,2,5,,distance,levenshtein,5.843059062957764,0.3103448275862069,1.0,0.47368421052631576,5,success,
98846,1,3,10,,distance,levenshtein,3.22353196144104,0.23684210526315788,1.0,0.3829787234042553,10,success,
98846,1,4,2,,distance,levenshtein,0.2570931911468506,0.0,0.0,0.0,2,success,
70332,1,3,4,,distance,levenshtein,3.004042863845825,0.23076923076923078,1.0,0.375,4,success,
93344,1,4,5,,distance,levenshtein,26.50442099571228,0.23684210526315788,1.0,0.3829787234042553,5,success,
58283,1,4,3,,distance,levenshtein,2.6267189979553223,0.25,1.0,0.4,3,success,
93344,1,4,6,,distance,levenshtein,1.6475410461425781,0.23684210526315788,1.0,0.3829787234042553,6,success,
51134,1,3,10,,distance,levenshtein,3.656783103942871,0.2647058823529412,1.0,0.4186046511627907,10,success,
51134,1,4,2,,distance,levenshtein,0.22511696815490723,0.0,0.0,0.0,2,success,
98846,1,4,3,,distance,levenshtein,3.221363067626953,0.23684210526315788,1.0,0.3829787234042553,3,success,
72994,1,4,8,,distance,levenshtein,4.9477338790893555,0.25,1.0,0.4,8,success,
97635,1,2,4,,distance,levenshtein,20.113506078720093,0.2222222222222222,0.8888888888888888,0.35555555555555557,4,success,
36624,1,2,8,,distance,levenshtein,37.61972522735596,0.2571428571428571,1.0,0.4090909090909091,8,success,
87228,1,2,10,,distance,levenshtein,10.547185897827148,0.2647058823529412,1.0,0.4186046511627907,10,success,
39161,1,3,6,,distance,levenshtein,15.649612188339233,0.28125,1.0,0.43902439024390244,6,success,
51134,1,4,3,,distance,levenshtein,2.180783987045288,0.2647058823529412,1.0,0.4186046511627907,3,success,
87228,1,3,2,,distance,levenshtein,0.12433099746704102,0.12121212121212122,0.8888888888888888,0.21333333333333335,2,success,
79121,1,3,8,,distance,levenshtein,7.135746955871582,0.2647058823529412,1.0,0.4186046511627907,8,success,
87228,1,3,3,,distance,levenshtein,0.8384780883789062,0.2727272727272727,1.0,0.42857142857142855,3,success,
97635,1,2,5,,distance,levenshtein,2.4181039333343506,0.24324324324324326,1.0,0.391304347826087,5,success,
59934,1,2,4,,distance,levenshtein,76.00736093521118,0.36,1.0,0.5294117647058824,4,success,
70332,1,3,5,,distance,levenshtein,7.271347999572754,0.23076923076923078,1.0,0.375,5,success,
79820,1,2,6,,distance,levenshtein,11.848082065582275,0.25,1.0,0.4,6,success,
39161,1,3,7,,distance,levenshtein,1.980677843093872,0.28125,1.0,0.43902439024390244,7,success,
29382,1,2,9,,distance,levenshtein,8.973827838897705,0.20512820512820512,0.8888888888888888,0.3333333333333333,9,success,
93344,1,4,7,,distance,levenshtein,6.29554295539856,0.24324324324324326,1.0,0.391304347826087,7,success,
87228,1,3,4,,distance,levenshtein,2.1650431156158447,0.2727272727272727,1.0,0.42857142857142855,4,success,
58283,1,4,4,,distance,levenshtein,7.2492759227752686,0.25,1.0,0.4,4,success,
39161,1,3,8,,distance,levenshtein,2.0000758171081543,0.28125,1.0,0.43902439024390244,8,success,
97635,1,2,6,,distance,levenshtein,5.000092029571533,0.24324324324324326,1.0,0.391304347826087,6,success,
98846,1,4,4,,distance,levenshtein,9.523993968963623,0.23684210526315788,1.0,0.3829787234042553,4,success,
59934,1,2,5,,distance,levenshtein,5.844111919403076,0.36,1.0,0.5294117647058824,5,success,
39161,1,3,9,,distance,levenshtein,3.222707986831665,0.28125,1.0,0.43902439024390244,9,success,
72994,1,4,9,,distance,levenshtein,9.72504210472107,0.24324324324324326,1.0,0.391304347826087,9,success,
79820,1,2,7,,distance,levenshtein,5.8502490520477295,0.2571428571428571,1.0,0.4090909090909091,7,success,
79121,1,3,9,,distance,levenshtein,7.482702016830444,0.2571428571428571,1.0,0.4090909090909091,9,success,
85303,1,4,4,,distance,levenshtein,21.91235899925232,0.2571428571428571,1.0,0.4090909090909091,4,success,
93344,1,4,8,,distance,levenshtein,7.083865165710449,0.25,1.0,0.4,8,success,
39161,1,3,10,,distance,levenshtein,3.199274778366089,0.28125,1.0,0.43902439024390244,10,success,
39161,1,4,2,,distance,levenshtein,0.21171188354492188,0.0,0.0,0.0,2,success,
9178,1,2,10,,distance,levenshtein,18.92534899711609,0.3103448275862069,1.0,0.47368421052631576,10,success,
75385,1,2,9,,distance,levenshtein,18.6964430809021,0.3103448275862069,1.0,0.47368421052631576,9,success,
9178,1,3,2,,distance,levenshtein,0.11697602272033691,0.1044776119402985,0.7777777777777778,0.18421052631578946,2,success,
7239,1,2,6,,distance,levenshtein,18.286182165145874,0.3,1.0,0.46153846153846156,6,success,
97635,1,2,7,,distance,levenshtein,5.734997034072876,0.2222222222222222,0.8888888888888888,0.35555555555555557,7,success,
51134,1,4,4,,distance,levenshtein,12.760860919952393,0.2647058823529412,1.0,0.4186046511627907,4,success,
39161,1,4,3,,distance,levenshtein,1.2718420028686523,0.28125,1.0,0.43902439024390244,3,success,
9178,1,3,3,,distance,levenshtein,1.5120699405670166,0.32142857142857145,1.0,0.4864864864864865,3,success,
87228,1,3,5,,distance,levenshtein,10.92769718170166,0.28125,1.0,0.43902439024390244,5,success,
29382,1,2,10,,distance,levenshtein,13.352807998657227,0.23076923076923078,1.0,0.375,10,success,
29382,1,3,2,,distance,levenshtein,0.1368718147277832,0.18181818181818182,0.6666666666666666,0.2857142857142857,2,success,
70332,1,3,6,,distance,levenshtein,14.4583420753479,0.23076923076923078,1.0,0.375,6,success,
29382,1,3,3,,distance,levenshtein,1.0142109394073486,0.225,1.0,0.3673469387755102,3,success,
93344,1,4,9,,distance,levenshtein,6.791799068450928,0.25,1.0,0.4,9,success,
70332,1,3,7,,distance,levenshtein,1.0896790027618408,0.23076923076923078,1.0,0.375,7,success,
11298,1,2,8,,distance,levenshtein,28.18498992919922,0.2571428571428571,1.0,0.4090909090909091,8,success,
7239,1,2,7,,distance,levenshtein,5.556611061096191,0.3,1.0,0.46153846153846156,7,success,
72994,1,4,10,,distance,levenshtein,9.862886905670166,0.24324324324324326,1.0,0.391304347826087,10,success,
72994,1,5,2,,distance,levenshtein,0.15686511993408203,0.0,0.0,0.0,2,success,
36624,1,2,9,,distance,levenshtein,18.80149006843567,0.2571428571428571,1.0,0.4090909090909091,9,success,
9178,1,3,4,,distance,levenshtein,5.562378168106079,0.3103448275862069,1.0,0.47368421052631576,4,success,
72994,1,5,3,,distance,levenshtein,1.05796217918396,0.24324324324324326,1.0,0.391304347826087,3,success,
70332,1,3,8,,distance,levenshtein,2.357085943222046,0.23684210526315788,1.0,0.3829787234042553,8,success,
97635,1,2,8,,distance,levenshtein,7.88078498840332,0.24324324324324326,1.0,0.391304347826087,8,success,
79121,1,3,10,,distance,levenshtein,11.64737582206726,0.2647058823529412,1.0,0.4186046511627907,10,success,
79121,1,4,2,,distance,levenshtein,0.22065091133117676,0.0,0.0,0.0,2,success,
56085,1,2,10,,distance,levenshtein,57.08192992210388,0.25,1.0,0.4,10,success,
56085,1,3,2,,distance,levenshtein,0.20441293716430664,0.0,0.0,0.0,2,success,
79820,1,2,8,,distance,levenshtein,13.763782024383545,0.25,1.0,0.4,8,success,
70332,1,3,9,,distance,levenshtein,1.9825479984283447,0.23076923076923078,1.0,0.375,9,success,
29382,1,3,4,,distance,levenshtein,5.4502809047698975,0.225,1.0,0.3673469387755102,4,success,
70332,1,3,10,,distance,levenshtein,0.6076281070709229,0.23076923076923078,1.0,0.375,10,success,
59934,1,2,6,,distance,levenshtein,15.569801092147827,0.36,1.0,0.5294117647058824,6,success,
39161,1,4,4,,distance,levenshtein,10.390054941177368,0.23333333333333334,0.7777777777777778,0.358974358974359,4,success,
70332,1,4,2,,distance,levenshtein,0.13753604888916016,0.0,0.0,0.0,2,success,
79121,1,4,3,,distance,levenshtein,2.9306480884552,0.2647058823529412,1.0,0.4186046511627907,3,success,
56085,1,3,3,,distance,levenshtein,2.31164813041687,0.25,1.0,0.4,3,success,
70332,1,4,3,,distance,levenshtein,1.1154391765594482,0.23684210526315788,1.0,0.3829787234042553,3,success,
97635,1,2,9,,distance,levenshtein,4.094989061355591,0.24324324324324326,1.0,0.391304347826087,9,success,
79820,1,2,9,,distance,levenshtein,2.533743143081665,0.25,1.0,0.4,9,success,
11298,1,2,9,,distance,levenshtein,7.949202060699463,0.2647058823529412,1.0,0.4186046511627907,9,success,
70332,1,4,4,,distance,levenshtein,1.927751064300537,0.23684210526315788,1.0,0.3829787234042553,4,success,
72994,1,5,4,,distance,levenshtein,7.420086145401001,0.24324324324324326,1.0,0.391304347826087,4,success,
69007,1,4,4,,distance,levenshtein,38.09822201728821,0.3333333333333333,1.0,0.5,4,success,
7239,1,2,8,,distance,levenshtein,9.661077976226807,0.3,1.0,0.46153846153846156,8,success,
93344,1,4,10,,distance,levenshtein,10.32254695892334,0.24324324324324326,1.0,0.391304347826087,10,success,
93344,1,5,2,,distance,levenshtein,0.20614099502563477,0.0,0.0,0.0,2,success,
79820,1,2,10,,distance,levenshtein,3.6039528846740723,0.25,1.0,0.4,10,success,
79820,1,3,2,,distance,levenshtein,0.2511940002441406,0.0,0.0,0.0,2,success,
93344,1,5,3,,distance,levenshtein,2.0681099891662598,0.24324324324324326,1.0,0.391304347826087,3,success,
79820,1,3,3,,distance,levenshtein,2.0365991592407227,0.25,1.0,0.4,3,success,
70332,1,4,5,,distance,levenshtein,4.700572967529297,0.23076923076923078,1.0,0.375,5,success,
58283,1,4,5,,distance,levenshtein,28.59278893470764,0.22857142857142856,0.8888888888888888,0.36363636363636365,5,success,
79121,1,4,4,,distance,levenshtein,8.210500955581665,0.23529411764705882,0.8888888888888888,0.37209302325581395,4,success,
9178,1,3,5,,distance,levenshtein,13.101016998291016,0.32142857142857145,1.0,0.4864864864864865,5,success,
56085,1,3,4,,distance,levenshtein,9.564207077026367,0.25,1.0,0.4,4,success,
58283,1,4,6,,distance,levenshtein,2.1740670204162598,0.2571428571428571,1.0,0.4090909090909091,6,success,
59934,1,2,7,,distance,levenshtein,12.642199039459229,0.36,1.0,0.5294117647058824,7,success,
97635,1,2,10,,distance,levenshtein,11.785001039505005,0.2222222222222222,0.8888888888888888,0.35555555555555557,10,success,
97635,1,3,2,,distance,levenshtein,0.21637797355651855,0.11864406779661017,0.7777777777777778,0.20588235294117646,2,success,
75385,1,2,10,,distance,levenshtein,25.329596996307373,0.3103448275862069,1.0,0.47368421052631576,10,success,
75385,1,3,2,,distance,levenshtein,0.16054511070251465,0.25,0.6666666666666666,0.36363636363636365,2,success,
7239,1,2,9,,distance,levenshtein,10.151319980621338,0.3,1.0,0.46153846153846156,9,success,
29382,1,3,5,,distance,levenshtein,15.762918949127197,0.225,1.0,0.3673469387755102,5,success,
58283,1,4,7,,distance,levenshtein,4.629961013793945,0.23529411764705882,0.8888888888888888,0.37209302325581395,7,success,
75385,1,3,3,,distance,levenshtein,1.1212220191955566,0.3103448275862069,1.0,0.47368421052631576,3,success,
8938,1,4,5,,distance,levenshtein,46.97947096824646,0.2727272727272727,1.0,0.42857142857142855,5,success,
70332,1,4,6,,distance,levenshtein,7.618831157684326,0.23076923076923078,1.0,0.375,6,success,
79820,1,3,4,,distance,levenshtein,7.760460138320923,0.25,1.0,0.4,4,success,
98846,1,4,5,,distance,levenshtein,32.509093046188354,0.23684210526315788,1.0,0.3829787234042553,5,success,
97635,1,3,3,,distance,levenshtein,2.8314311504364014,0.24324324324324326,1.0,0.391304347826087,3,success,
11298,1,2,10,,distance,levenshtein,14.097295999526978,0.2647058823529412,1.0,0.4186046511627907,10,success,
11298,1,3,2,,distance,levenshtein,0.11256694793701172,0.0,0.0,0.0,2,success,
11298,1,3,3,,distance,levenshtein,0.4286081790924072,0.2647058823529412,1.0,0.4186046511627907,3,success,
8938,1,4,6,,distance,levenshtein,3.3415448665618896,0.2647058823529412,1.0,0.4186046511627907,6,success,
11298,1,3,4,,distance,levenshtein,1.2346298694610596,0.2647058823529412,1.0,0.4186046511627907,4,success,
75385,1,3,4,,distance,levenshtein,3.7654008865356445,0.3103448275862069,1.0,0.47368421052631576,4,success,
93344,1,5,4,,distance,levenshtein,13.752990007400513,0.24324324324324326,1.0,0.391304347826087,4,success,
97635,1,3,4,,distance,levenshtein,4.4208128452301025,0.24324324324324326,1.0,0.391304347826087,4,success,
58283,1,4,8,,distance,levenshtein,5.911379098892212,0.23529411764705882,0.8888888888888888,0.37209302325581395,8,success,
8938,1,4,7,,distance,levenshtein,3.22987699508667,0.2647058823529412,1.0,0.4186046511627907,7,success,
72994,1,5,5,,distance,levenshtein,19.66634702682495,0.24324324324324326,1.0,0.391304347826087,5,success,
11298,1,3,5,,distance,levenshtein,5.351485013961792,0.2647058823529412,1.0,0.4186046511627907,5,success,
58283,1,4,9,,distance,levenshtein,3.6414730548858643,0.25,1.0,0.4,9,success,
79820,1,3,5,,distance,levenshtein,9.827227115631104,0.25,1.0,0.4,5,success,
7239,1,2,10,,distance,levenshtein,11.574846029281616,0.3,1.0,0.46153846153846156,10,success,
58283,1,4,10,,distance,levenshtein,0.9266948699951172,0.25,1.0,0.4,10,success,
36624,1,2,10,,distance,levenshtein,31.812055110931396,0.2571428571428571,1.0,0.4090909090909091,10,success,
7239,1,3,2,,distance,levenshtein,0.14382314682006836,0.07575757575757576,0.5555555555555556,0.13333333333333333,2,success,
58283,1,5,2,,distance,levenshtein,0.21257901191711426,0.0,0.0,0.0,2,success,
36624,1,3,2,,distance,levenshtein,0.12220001220703125,0.140625,1.0,0.2465753424657534,2,success,
7239,1,3,3,,distance,levenshtein,0.7319750785827637,0.3,1.0,0.46153846153846156,3,success,
39161,1,4,5,,distance,levenshtein,28.13487696647644,0.28125,1.0,0.43902439024390244,5,success,
36624,1,3,3,,distance,levenshtein,0.7810909748077393,0.2571428571428571,1.0,0.4090909090909091,3,success,
75385,1,3,5,,distance,levenshtein,9.65729808807373,0.3103448275862069,1.0,0.47368421052631576,5,success,
39161,1,4,6,,distance,levenshtein,1.8613090515136719,0.28125,1.0,0.43902439024390244,6,success,
7239,1,3,4,,distance,levenshtein,2.032097101211548,0.3,1.0,0.46153846153846156,4,success,
51134,1,4,5,,distance,levenshtein,41.58696484565735,0.2647058823529412,1.0,0.4186046511627907,5,success,
9178,1,3,6,,distance,levenshtein,21.786351203918457,0.3103448275862069,1.0,0.47368421052631576,6,success,
79121,1,4,5,,distance,levenshtein,22.30905294418335,0.2571428571428571,1.0,0.4090909090909091,5,success,
58283,1,5,3,,distance,levenshtein,4.22383189201355,0.2571428571428571,1.0,0.4090909090909091,3,success,
36624,1,3,4,,distance,levenshtein,3.9691309928894043,0.2647058823529412,1.0,0.4186046511627907,4,success,
59934,1,2,8,,distance,levenshtein,19.56840705871582,0.30434782608695654,0.7777777777777778,0.4375,8,success,
79121,1,4,6,,distance,levenshtein,1.6399281024932861,0.2647058823529412,1.0,0.4186046511627907,6,success,
8938,1,4,8,,distance,levenshtein,10.317448139190674,0.2727272727272727,1.0,0.42857142857142855,8,success,
39161,1,4,7,,distance,levenshtein,2.8302359580993652,0.28125,1.0,0.43902439024390244,7,success,
11298,1,3,6,,distance,levenshtein,8.83750319480896,0.24242424242424243,0.8888888888888888,0.38095238095238093,6,success,
51134,1,4,6,,distance,levenshtein,2.977246046066284,0.2647058823529412,1.0,0.4186046511627907,6,success,
9178,1,3,7,,distance,levenshtein,3.0211470127105713,0.3103448275862069,1.0,0.47368421052631576,7,success,
79121,1,4,7,,distance,levenshtein,1.7326538562774658,0.2647058823529412,1.0,0.4186046511627907,7,success,
9178,1,3,8,,distance,levenshtein,2.8137359619140625,0.3103448275862069,1.0,0.47368421052631576,8,success,
70332,1,4,7,,distance,levenshtein,21.60099506378174,0.23076923076923078,1.0,0.375,7,success,
97635,1,3,5,,distance,levenshtein,16.354588985443115,0.24324324324324326,1.0,0.391304347826087,5,success,
51134,1,4,7,,distance,levenshtein,3.697650909423828,0.2727272727272727,1.0,0.42857142857142855,7,success,
39161,1,4,8,,distance,levenshtein,4.615657806396484,0.28125,1.0,0.43902439024390244,8,success,
7239,1,3,5,,distance,levenshtein,8.113710880279541,0.3,1.0,0.46153846153846156,5,success,
70332,1,4,8,,distance,levenshtein,1.8419020175933838,0.23684210526315788,1.0,0.3829787234042553,8,success,
97635,1,3,6,,distance,levenshtein,1.6712570190429688,0.24324324324324326,1.0,0.391304347826087,6,success,
29382,1,3,6,,distance,levenshtein,24.654215097427368,0.23076923076923078,1.0,0.375,6,success,
8938,1,4,9,,distance,levenshtein,6.32370400428772,0.2647058823529412,1.0,0.4186046511627907,9,success,
36624,1,3,5,,distance,levenshtein,7.587383031845093,0.2571428571428571,1.0,0.4090909090909091,5,success,
79121,1,4,8,,distance,levenshtein,5.392970085144043,0.2647058823529412,1.0,0.4186046511627907,8,success,
70332,1,4,9,,distance,levenshtein,1.4956238269805908,0.23684210526315788,1.0,0.3829787234042553,9,success,
9178,1,3,9,,distance,levenshtein,4.793215036392212,0.3103448275862069,1.0,0.47368421052631576,9,success,
97635,1,3,7,,distance,levenshtein,2.458390951156616,0.24324324324324326,1.0,0.391304347826087,7,success,
29382,1,3,7,,distance,levenshtein,2.632491111755371,0.225,1.0,0.3673469387755102,7,success,
39161,1,4,9,,distance,levenshtein,4.39540696144104,0.28125,1.0,0.43902439024390244,9,success,
51134,1,4,8,,distance,levenshtein,5.697361946105957,0.2647058823529412,1.0,0.4186046511627907,8,success,
70332,1,4,10,,distance,levenshtein,2.1735401153564453,0.23076923076923078,1.0,0.375,10,success,
29382,1,3,8,,distance,levenshtein,1.072904109954834,0.225,1.0,0.3673469387755102,8,success,
70332,1,5,2,,distance,levenshtein,0.21219277381896973,0.0,0.0,0.0,2,success,
11298,1,3,7,,distance,levenshtein,12.284985065460205,0.2571428571428571,1.0,0.4090909090909091,7,success,
87228,1,3,6,,distance,levenshtein,55.80880308151245,0.2727272727272727,1.0,0.42857142857142855,6,success,
97635,1,3,8,,distance,levenshtein,3.9852380752563477,0.24324324324324326,1.0,0.391304347826087,8,success,
70332,1,5,3,,distance,levenshtein,2.6057281494140625,0.23684210526315788,1.0,0.3829787234042553,3,success,
58283,1,5,4,,distance,levenshtein,15.477683067321777,0.2571428571428571,1.0,0.4090909090909091,4,success,
8938,1,4,10,,distance,levenshtein,6.951743841171265,0.28125,1.0,0.43902439024390244,10,success,
8938,1,5,2,,distance,levenshtein,0.280195951461792,0.0,0.0,0.0,2,success,
79820,1,3,6,,distance,levenshtein,21.711570978164673,0.2571428571428571,1.0,0.4090909090909091,6,success,
87228,1,3,7,,distance,levenshtein,1.4881579875946045,0.2647058823529412,1.0,0.4186046511627907,7,success,
79121,1,4,9,,distance,levenshtein,7.1482179164886475,0.2647058823529412,1.0,0.4186046511627907,9,success,
56085,1,3,5,,distance,levenshtein,38.66987705230713,0.25,1.0,0.4,5,success,
29382,1,3,9,,distance,levenshtein,5.114774942398071,0.225,1.0,0.3673469387755102,9,success,
79820,1,3,7,,distance,levenshtein,1.6623609066009521,0.2571428571428571,1.0,0.4090909090909091,7,success,
87228,1,3,8,,distance,levenshtein,1.6920411586761475,0.2727272727272727,1.0,0.42857142857142855,8,success,
8938,1,5,3,,distance,levenshtein,2.6187641620635986,0.2727272727272727,1.0,0.42857142857142855,3,success,
72994,1,5,6,,distance,levenshtein,28.062137842178345,0.24324324324324326,1.0,0.391304347826087,6,success,
9178,1,3,10,,distance,levenshtein,8.91650390625,0.3103448275862069,1.0,0.47368421052631576,10,success,
56085,1,3,6,,distance,levenshtein,2.3304200172424316,0.25,1.0,0.4,6,success,
9178,1,4,2,,distance,levenshtein,0.16695213317871094,0.0,0.0,0.0,2,success,
79121,1,4,10,,distance,levenshtein,4.085531949996948,0.2647058823529412,1.0,0.4186046511627907,10,success,
79121,1,5,2,,distance,levenshtein,0.22484803199768066,0.0,0.0,0.0,2,success,
79820,1,3,8,,distance,levenshtein,2.9068541526794434,0.25,1.0,0.4,8,success,
9178,1,4,3,,distance,levenshtein,0.9121990203857422,0.3103448275862069,1.0,0.47368421052631576,3,success,
70332,1,5,4,,distance,levenshtein,6.003328084945679,0.23684210526315788,1.0,0.3829787234042553,4,success,
29382,1,3,10,,distance,levenshtein,3.4516758918762207,0.225,1.0,0.3673469387755102,10,success,
87228,1,3,9,,distance,levenshtein,3.394447088241577,0.28125,1.0,0.43902439024390244,9,success,
97635,1,3,9,,distance,levenshtein,6.519518852233887,0.24324324324324326,1.0,0.391304347826087,9,success,
29382,1,4,2,,distance,levenshtein,0.3400249481201172,0.0,0.0,0.0,2,success,
69007,1,4,5,,distance,levenshtein,49.98298907279968,0.3333333333333333,1.0,0.5,5,success,
87228,1,3,10,,distance,levenshtein,0.6373651027679443,0.28125,1.0,0.43902439024390244,10,success,
87228,1,4,2,,distance,levenshtein,0.17442989349365234,0.0,0.0,0.0,2,success,
72994,1,5,7,,distance,levenshtein,3.2934370040893555,0.24324324324324326,1.0,0.391304347826087,7,success,
56085,1,3,7,,distance,levenshtein,3.3685309886932373,0.25,1.0,0.4,7,success,
98846,1,4,6,,distance,levenshtein,39.26333808898926,0.23684210526315788,1.0,0.3829787234042553,6,success,
51134,1,4,9,,distance,levenshtein,11.507977962493896,0.2647058823529412,1.0,0.4186046511627907,9,success,
87228,1,4,3,,distance,levenshtein,1.5957629680633545,0.2727272727272727,1.0,0.42857142857142855,3,success,
79121,1,5,3,,distance,levenshtein,3.815232038497925,0.2647058823529412,1.0,0.4186046511627907,3,success,
75385,1,3,6,,distance,levenshtein,27.979953050613403,0.3103448275862069,1.0,0.47368421052631576,6,success,
29382,1,4,3,,distance,levenshtein,3.541546106338501,0.23076923076923078,1.0,0.375,3,success,
69007,1,4,6,,distance,levenshtein,2.951462984085083,0.3333333333333333,1.0,0.5,6,success,
39161,1,4,10,,distance,levenshtein,14.951107025146484,0.28125,1.0,0.43902439024390244,10,success,
9178,1,4,4,,distance,levenshtein,5.752197027206421,0.3103448275862069,1.0,0.47368421052631576,4,success,
39161,1,5,2,,distance,levenshtein,0.5354318618774414,0.0,0.0,0.0,2,success,
93344,1,5,5,,distance,levenshtein,38.48361015319824,0.24324324324324326,1.0,0.391304347826087,5,success,
59934,1,2,9,,distance,levenshtein,26.59126591682434,0.36,1.0,0.5294117647058824,9,success,
97635,1,3,10,,distance,levenshtein,6.19229793548584,0.24324324324324326,1.0,0.391304347826087,10,success,
75385,1,3,7,,distance,levenshtein,2.8837029933929443,0.3103448275862069,1.0,0.47368421052631576,7,success,
97635,1,4,2,,distance,levenshtein,0.2148740291595459,0.0,0.0,0.0,2,success,
36624,1,3,6,,distance,levenshtein,20.617825031280518,0.2727272727272727,1.0,0.42857142857142855,6,success,
79820,1,3,9,,distance,levenshtein,7.80788779258728,0.2571428571428571,1.0,0.4090909090909091,9,success,
72994,1,5,8,,distance,levenshtein,5.788442850112915,0.24324324324324326,1.0,0.391304347826087,8,success,
98846,1,4,7,,distance,levenshtein,5.264598846435547,0.23684210526315788,1.0,0.3829787234042553,7,success,
93344,1,5,6,,distance,levenshtein,2.0569729804992676,0.24324324324324326,1.0,0.391304347826087,6,success,
56085,1,3,8,,distance,levenshtein,6.017692804336548,0.25,1.0,0.4,8,success,
69007,1,4,7,,distance,levenshtein,4.005981922149658,0.3333333333333333,1.0,0.5,7,success,
75385,1,3,8,,distance,levenshtein,1.3965721130371094,0.3103448275862069,1.0,0.47368421052631576,8,success,
97635,1,4,3,,distance,levenshtein,1.8478760719299316,0.24324324324324326,1.0,0.391304347826087,3,success,
36624,1,3,7,,distance,levenshtein,2.245496988296509,0.2571428571428571,1.0,0.4090909090909091,7,success,
93344,1,5,7,,distance,levenshtein,2.1104719638824463,0.23684210526315788,1.0,0.3829787234042553,7,success,
29382,1,4,4,,distance,levenshtein,6.838437080383301,0.225,1.0,0.3673469387755102,4,success,
51134,1,4,10,,distance,levenshtein,8.396046876907349,0.2647058823529412,1.0,0.4186046511627907,10,success,
75385,1,3,9,,distance,levenshtein,2.4815919399261475,0.3103448275862069,1.0,0.47368421052631576,9,success,
36624,1,3,8,,distance,levenshtein,1.3967249393463135,0.2647058823529412,1.0,0.4186046511627907,8,success,
51134,1,5,2,,distance,levenshtein,0.240617036819458,0.0,0.0,0.0,2,success,
79820,1,3,10,,distance,levenshtein,4.65494179725647,0.25,1.0,0.4,10,success,
11298,1,3,8,,distance,levenshtein,19.956196069717407,0.2647058823529412,1.0,0.4186046511627907,8,success,
79820,1,4,2,,distance,levenshtein,0.19052910804748535,0.0,0.0,0.0,2,success,
98846,1,4,8,,distance,levenshtein,4.823456048965454,0.23684210526315788,1.0,0.3829787234042553,8,success,
72994,1,5,9,,distance,levenshtein,5.3010430335998535,0.24324324324324326,1.0,0.391304347826087,9,success,
51134,1,5,3,,distance,levenshtein,2.194948196411133,0.2647058823529412,1.0,0.4186046511627907,3,success,
79820,1,4,3,,distance,levenshtein,1.2782840728759766,0.25,1.0,0.4,3,success,
39161,1,5,3,,distance,levenshtein,9.808525085449219,0.28125,1.0,0.43902439024390244,3,success,
36624,1,3,9,,distance,levenshtein,4.306612968444824,0.2571428571428571,1.0,0.4090909090909091,9,success,
79121,1,5,4,,distance,levenshtein,12.698468923568726,0.2647058823529412,1.0,0.4186046511627907,4,success,
98846,1,4,9,,distance,levenshtein,3.3410379886627197,0.23684210526315788,1.0,0.3829787234042553,9,success,
56085,1,3,9,,distance,levenshtein,8.075899124145508,0.25,1.0,0.4,9,success,
79820,1,4,4,,distance,levenshtein,2.8354859352111816,0.25,1.0,0.4,4,success,
69007,1,4,8,,distance,levenshtein,8.542346954345703,0.3333333333333333,1.0,0.5,8,success,
79121,1,5,5,,distance,levenshtein,1.6350359916687012,0.2571428571428571,1.0,0.4090909090909091,5,success,
97635,1,4,4,,distance,levenshtein,9.122869968414307,0.24324324324324326,1.0,0.391304347826087,4,success,
93344,1,5,8,,distance,levenshtein,8.372658967971802,0.24324324324324326,1.0,0.391304347826087,8,success,
75385,1,3,10,,distance,levenshtein,7.720015048980713,0.32142857142857145,1.0,0.4864864864864865,10,success,
70332,1,5,5,,distance,levenshtein,19.793951988220215,0.23684210526315788,1.0,0.3829787234042553,5,success,
75385,1,4,2,,distance,levenshtein,0.17522215843200684,0.0,0.0,0.0,2,success,
75385,1,4,3,,distance,levenshtein,0.9570250511169434,0.3103448275862069,1.0,0.47368421052631576,3,success,
72994,1,5,10,,distance,levenshtein,7.3546459674835205,0.24324324324324326,1.0,0.391304347826087,10,success,
72994,1,6,2,,distance,levenshtein,0.1347370147705078,0.0,0.0,0.0,2,success,
72994,1,6,3,,distance,levenshtein,0.6059658527374268,0.24324324324324326,1.0,0.391304347826087,3,success,
69007,1,4,9,,distance,levenshtein,4.345173120498657,0.3333333333333333,1.0,0.5,9,success,
79121,1,5,6,,distance,levenshtein,4.146867036819458,0.2647058823529412,1.0,0.4186046511627907,6,success,
75385,1,4,4,,distance,levenshtein,1.5321779251098633,0.3103448275862069,1.0,0.47368421052631576,4,success,
72994,1,6,4,,distance,levenshtein,1.0738208293914795,0.25,1.0,0.4,4,success,
56085,1,3,10,,distance,levenshtein,5.953804016113281,0.25,1.0,0.4,10,success,
7239,1,3,6,,distance,levenshtein,38.29951596260071,0.3,1.0,0.46153846153846156,6,success,
70332,1,5,6,,distance,levenshtein,3.539022922515869,0.23684210526315788,1.0,0.3829787234042553,6,success,
98846,1,4,10,,distance,levenshtein,6.428877830505371,0.23684210526315788,1.0,0.3829787234042553,10,success,
56085,1,4,2,,distance,levenshtein,0.23540997505187988,0.0,0.0,0.0,2,success,
36624,1,3,10,,distance,levenshtein,7.197129011154175,0.2571428571428571,1.0,0.4090909090909091,10,success,
51134,1,5,4,,distance,levenshtein,9.678254127502441,0.2647058823529412,1.0,0.4186046511627907,4,success,
98846,1,5,2,,distance,levenshtein,0.29027390480041504,0.0,0.0,0.0,2,success,
36624,1,4,2,,distance,levenshtein,0.2417888641357422,0.0,0.0,0.0,2,success,
87228,1,4,4,,distance,levenshtein,20.86657214164734,0.2727272727272727,1.0,0.42857142857142855,4,success,
7239,1,3,7,,distance,levenshtein,1.2875111103057861,0.3,1.0,0.46153846153846156,7,success,
8938,1,5,4,,distance,levenshtein,28.734710931777954,0.2727272727272727,1.0,0.42857142857142855,4,success,
36624,1,4,3,,distance,levenshtein,2.024317979812622,0.2,0.6666666666666666,0.3076923076923077,3,success,
70332,1,5,7,,distance,levenshtein,2.8431529998779297,0.23684210526315788,1.0,0.3829787234042553,7,success,
93344,1,5,9,,distance,levenshtein,7.146665096282959,0.23684210526315788,1.0,0.3829787234042553,9,success,
7239,1,3,8,,distance,levenshtein,2.36014986038208,0.3,1.0,0.46153846153846156,8,success,
70332,1,5,8,,distance,levenshtein,1.6022529602050781,0.23076923076923078,1.0,0.375,8,success,
8938,1,5,5,,distance,levenshtein,2.4297170639038086,0.2727272727272727,1.0,0.42857142857142855,5,success,
56085,1,4,3,,distance,levenshtein,6.018167972564697,0.25,1.0,0.4,3,success,
72994,1,6,5,,distance,levenshtein,6.6690168380737305,0.24324324324324326,1.0,0.391304347826087,5,success,
65447,1,2,5,,distance,levenshtein,150.63167595863342,0.2571428571428571,1.0,0.4090909090909091,5,success,
98846,1,5,3,,distance,levenshtein,6.081881999969482,0.23684210526315788,1.0,0.3829787234042553,3,success,
7239,1,3,9,,distance,levenshtein,2.518362045288086,0.3,1.0,0.46153846153846156,9,success,
79121,1,5,7,,distance,levenshtein,7.941177129745483,0.2647058823529412,1.0,0.4186046511627907,7,success,
36624,1,4,4,,distance,levenshtein,4.752595901489258,0.1875,0.6666666666666666,0.2926829268292683,4,success,
7239,1,3,10,,distance,levenshtein,1.4055471420288086,0.3,1.0,0.46153846153846156,10,success,
75385,1,4,5,,distance,levenshtein,9.594518899917603,0.3103448275862069,1.0,0.47368421052631576,5,success,
7239,1,4,2,,distance,levenshtein,0.20432400703430176,0.0,0.0,0.0,2,success,
93344,1,5,10,,distance,levenshtein,5.3597328662872314,0.24324324324324326,1.0,0.391304347826087,10,success,
93344,1,6,2,,distance,levenshtein,0.09097409248352051,0.2647058823529412,1.0,0.4186046511627907,2,success,
97635,1,4,5,,distance,levenshtein,14.25623607635498,0.24324324324324326,1.0,0.391304347826087,5,success,
93344,1,6,3,,distance,levenshtein,0.09923887252807617,0.24324324324324326,1.0,0.391304347826087,3,success,
93344,1,6,4,,distance,levenshtein,0.05727791786193848,0.23684210526315788,1.0,0.3829787234042553,4,success,
93344,1,6,5,,distance,levenshtein,0.27951598167419434,0.21621621621621623,0.8888888888888888,0.34782608695652173,5,success,
79820,1,4,5,,distance,levenshtein,16.057682037353516,0.25,1.0,0.4,5,success,
70332,1,5,9,,distance,levenshtein,4.773998975753784,0.23684210526315788,1.0,0.3829787234042553,9,success,
93344,1,6,6,,distance,levenshtein,0.512117862701416,0.24324324324324326,1.0,0.391304347826087,6,success,
9178,1,4,5,,distance,levenshtein,29.455118894577026,0.3103448275862069,1.0,0.47368421052631576,5,success,
8938,1,5,6,,distance,levenshtein,6.941760063171387,0.2727272727272727,1.0,0.42857142857142855,6,success,
7239,1,4,3,,distance,levenshtein,5.227086067199707,0.3103448275862069,1.0,0.47368421052631576,3,success,
93344,1,6,7,,distance,levenshtein,4.351130962371826,0.24324324324324326,1.0,0.391304347826087,7,success,
69007,1,4,10,,distance,levenshtein,18.214864015579224,0.3333333333333333,1.0,0.5,10,success,
36624,1,4,5,,distance,levenshtein,9.780611991882324,0.1935483870967742,0.6666666666666666,0.3,5,success,
69007,1,5,2,,distance,levenshtein,0.322268009185791,0.0,0.0,0.0,2,success,
72994,1,6,6,,distance,levenshtein,11.09268307685852,0.24324324324324326,1.0,0.391304347826087,6,success,
72994,1,6,7,,distance,levenshtein,0.2677879333496094,0.24324324324324326,1.0,0.391304347826087,7,success,
59934,1,2,10,,distance,levenshtein,34.9538779258728,0.3333333333333333,0.8888888888888888,0.48484848484848486,10,success,
59934,1,3,2,,distance,levenshtein,0.12723112106323242,0.12162162162162163,1.0,0.21686746987951808,2,success,
72994,1,6,8,,distance,levenshtein,0.8926191329956055,0.24324324324324326,1.0,0.391304347826087,8,success,
93344,1,6,8,,distance,levenshtein,4.248224973678589,0.20588235294117646,0.7777777777777778,0.32558139534883723,8,success,
59934,1,3,3,,distance,levenshtein,0.9240939617156982,0.36,1.0,0.5294117647058824,3,success,
79121,1,5,8,,distance,levenshtein,12.300583124160767,0.2647058823529412,1.0,0.4186046511627907,8,success,
36624,1,4,6,,distance,levenshtein,2.1639840602874756,0.2571428571428571,1.0,0.4090909090909091,6,success,
72994,1,6,9,,distance,levenshtein,0.502025842666626,0.24324324324324326,1.0,0.391304347826087,9,success,
69007,1,5,3,,distance,levenshtein,2.842880964279175,0.3333333333333333,1.0,0.5,3,success,
75385,1,4,6,,distance,levenshtein,12.170797109603882,0.32142857142857145,1.0,0.4864864864864865,6,success,
85303,1,4,5,,distance,levenshtein,113.06823205947876,0.23684210526315788,1.0,0.3829787234042553,5,success,
72994,1,6,10,,distance,levenshtein,1.8911070823669434,0.24324324324324326,1.0,0.391304347826087,10,success,
7239,1,4,4,,distance,levenshtein,8.544312000274658,0.27586206896551724,0.8888888888888888,0.42105263157894735,4,success,
59934,1,3,4,,distance,levenshtein,3.4787421226501465,0.36,1.0,0.5294117647058824,4,success,
36624,1,4,7,,distance,levenshtein,3.1546220779418945,0.1875,0.6666666666666666,0.2926829268292683,7,success,
70332,1,5,10,,distance,levenshtein,12.796836137771606,0.23076923076923078,1.0,0.375,10,success,
70332,1,6,2,,distance,levenshtein,0.18999314308166504,0.0,0.0,0.0,2,success,
72994,2,0,2,,distance,levenshtein,1.3563611507415771,0.11538461538461539,1.0,0.20689655172413793,2,success,
56085,1,4,4,,distance,levenshtein,18.424777030944824,0.25,1.0,0.4,4,success,
85303,1,4,6,,distance,levenshtein,2.8911900520324707,0.23076923076923078,1.0,0.375,6,success,
36624,1,4,8,,distance,levenshtein,2.284142017364502,0.1875,0.6666666666666666,0.2926829268292683,8,success,
36624,1,4,9,,distance,levenshtein,0.5387790203094482,0.2647058823529412,1.0,0.4186046511627907,9,success,
70332,1,6,3,,distance,levenshtein,3.362579107284546,0.23684210526315788,1.0,0.3829787234042553,3,success,
29382,1,4,5,,distance,levenshtein,39.914347887039185,0.225,1.0,0.3673469387755102,5,success,
93344,1,6,9,,distance,levenshtein,8.605250835418701,0.24324324324324326,1.0,0.391304347826087,9,success,
29382,1,4,6,,distance,levenshtein,2.544856071472168,0.225,1.0,0.3673469387755102,6,success,
70332,1,6,4,,distance,levenshtein,3.4842560291290283,0.23076923076923078,1.0,0.375,4,success,
70332,1,6,5,,distance,levenshtein,2.7753450870513916,0.23684210526315788,1.0,0.3829787234042553,5,success,
85303,1,4,7,,distance,levenshtein,8.507168054580688,0.23684210526315788,1.0,0.3829787234042553,7,success,
79820,1,4,6,,distance,levenshtein,24.503896951675415,0.25,1.0,0.4,6,success,
36624,1,4,10,,distance,levenshtein,7.458075046539307,0.2571428571428571,1.0,0.4090909090909091,10,success,
97635,1,4,6,,distance,levenshtein,25.27089500427246,0.24324324324324326,1.0,0.391304347826087,6,success,
29382,1,4,7,,distance,levenshtein,4.291817903518677,0.225,1.0,0.3673469387755102,7,success,
36624,1,5,2,,distance,levenshtein,0.25724196434020996,0.0,0.0,0.0,2,success,
59934,1,3,5,,distance,levenshtein,11.956516981124878,0.36,1.0,0.5294117647058824,5,success,
70332,1,6,6,,distance,levenshtein,1.793025016784668,0.23684210526315788,1.0,0.3829787234042553,6,success,
87228,1,4,5,,distance,levenshtein,35.231000900268555,0.28125,1.0,0.43902439024390244,5,success,
8938,1,5,7,,distance,levenshtein,23.65631890296936,0.2647058823529412,1.0,0.4186046511627907,7,success,
79820,1,4,7,,distance,levenshtein,1.7356739044189453,0.25,1.0,0.4,7,success,
36624,1,5,3,,distance,levenshtein,1.8814997673034668,0.2647058823529412,1.0,0.4186046511627907,3,success,
79121,1,5,9,,distance,levenshtein,16.94379496574402,0.2647058823529412,1.0,0.4186046511627907,9,success,
97635,1,4,7,,distance,levenshtein,1.9964330196380615,0.24324324324324326,1.0,0.391304347826087,7,success,
87228,1,4,6,,distance,levenshtein,1.428750991821289,0.2647058823529412,1.0,0.4186046511627907,6,success,
70332,1,6,7,,distance,levenshtein,2.1936898231506348,0.23684210526315788,1.0,0.3829787234042553,7,success,
70332,1,6,8,,distance,levenshtein,0.6177539825439453,0.23076923076923078,1.0,0.375,8,success,
93344,1,6,10,,distance,levenshtein,10.446202993392944,0.24324324324324326,1.0,0.391304347826087,10,success,
69007,1,5,4,,distance,levenshtein,18.55438494682312,0.3333333333333333,1.0,0.5,4,success,
93344,2,0,2,,distance,levenshtein,0.7264599800109863,0.28125,1.0,0.43902439024390244,2,success,
70332,1,6,9,,distance,levenshtein,0.7183470726013184,0.23076923076923078,1.0,0.375,9,success,
87228,1,4,7,,distance,levenshtein,2.441504955291748,0.2647058823529412,1.0,0.4186046511627907,7,success,
85303,1,4,8,,distance,levenshtein,6.805274963378906,0.23076923076923078,1.0,0.375,8,success,
70332,1,6,10,,distance,levenshtein,1.1401500701904297,0.23076923076923078,1.0,0.375,10,success,
97635,1,4,8,,distance,levenshtein,4.198920011520386,0.24324324324324326,1.0,0.391304347826087,8,success,
36624,1,5,4,,distance,levenshtein,4.85978889465332,0.2647058823529412,1.0,0.4186046511627907,4,success,
70332,2,0,2,,distance,levenshtein,1.00449800491333,0.28125,1.0,0.43902439024390244,2,success,
58283,1,5,5,,distance,levenshtein,72.19053316116333,0.2571428571428571,1.0,0.4090909090909091,5,success,
98846,1,5,4,,distance,levenshtein,35.886470794677734,0.23684210526315788,1.0,0.3829787234042553,4,success,
87228,1,4,8,,distance,levenshtein,3.1549389362335205,0.2727272727272727,1.0,0.42857142857142855,8,success,
7239,1,4,5,,distance,levenshtein,21.89008402824402,0.3103448275862069,1.0,0.47368421052631576,5,success,
97635,1,4,9,,distance,levenshtein,4.125672101974487,0.24324324324324326,1.0,0.391304347826087,9,success,
79820,1,4,8,,distance,levenshtein,9.539280891418457,0.25,1.0,0.4,8,success,
58283,1,5,6,,distance,levenshtein,4.873448848724365,0.2571428571428571,1.0,0.4090909090909091,6,success,
39161,1,5,4,,distance,levenshtein,55.56354212760925,0.28125,1.0,0.43902439024390244,4,success,
8938,1,5,8,,distance,levenshtein,11.283490896224976,0.2647058823529412,1.0,0.4186046511627907,8,success,
85303,1,4,9,,distance,levenshtein,6.655285120010376,0.23076923076923078,1.0,0.375,9,success,
79820,1,4,9,,distance,levenshtein,2.555750846862793,0.2571428571428571,1.0,0.4090909090909091,9,success,
79820,1,4,10,,distance,levenshtein,0.7192919254302979,0.25,1.0,0.4,10,success,
59934,1,3,6,,distance,levenshtein,15.089338064193726,0.36,1.0,0.5294117647058824,6,success,
79820,1,5,2,,distance,levenshtein,0.2210700511932373,0.0,0.0,0.0,2,success,
87228,1,4,9,,distance,levenshtein,6.758275032043457,0.2727272727272727,1.0,0.42857142857142855,9,success,
7239,1,4,6,,distance,levenshtein,5.627062082290649,0.3103448275862069,1.0,0.47368421052631576,6,success,
39161,1,5,5,,distance,levenshtein,3.8878090381622314,0.28125,1.0,0.43902439024390244,5,success,
58283,1,5,7,,distance,levenshtein,4.03361701965332,0.25,1.0,0.4,7,success,
65447,1,2,6,,distance,levenshtein,45.48999619483948,0.2647058823529412,1.0,0.4186046511627907,6,success,
79820,1,5,3,,distance,levenshtein,1.6168911457061768,0.25,1.0,0.4,3,success,
29382,1,4,8,,distance,levenshtein,18.220314025878906,0.23076923076923078,1.0,0.375,8,success,
97635,1,4,10,,distance,levenshtein,6.924616098403931,0.24324324324324326,1.0,0.391304347826087,10,success,
97635,1,5,2,,distance,levenshtein,0.26275086402893066,0.0,0.0,0.0,2,success,
59934,1,3,7,,distance,levenshtein,3.239828109741211,0.36,1.0,0.5294117647058824,7,success,
56085,1,4,5,,distance,levenshtein,29.417112112045288,0.25,1.0,0.4,5,success,
7239,1,4,7,,distance,levenshtein,3.289940118789673,0.27586206896551724,0.8888888888888888,0.42105263157894735,7,success,
114,1,2,4,,distance,levenshtein,284.1016640663147,0.2903225806451613,1.0,0.45,4,success,
79121,1,5,10,,distance,levenshtein,17.46284294128418,0.2647058823529412,1.0,0.4186046511627907,10,success,
79121,1,6,2,,distance,levenshtein,0.11620020866394043,0.2647058823529412,1.0,0.4186046511627907,2,success,
79121,1,6,3,,distance,levenshtein,0.10807609558105469,0.2647058823529412,1.0,0.4186046511627907,3,success,
11298,1,3,9,,distance,levenshtein,65.96511483192444,0.2571428571428571,1.0,0.4090909090909091,9,success,
75385,1,4,7,,distance,levenshtein,34.562745094299316,0.3103448275862069,1.0,0.47368421052631576,7,success,
79121,1,6,4,,distance,levenshtein,0.4377169609069824,0.2647058823529412,1.0,0.4186046511627907,4,success,
58283,1,5,8,,distance,levenshtein,3.6081271171569824,0.25,1.0,0.4,8,success,
97635,1,5,3,,distance,levenshtein,2.347721815109253,0.24324324324324326,1.0,0.391304347826087,3,success,
79121,1,6,5,,distance,levenshtein,1.043694019317627,0.2647058823529412,1.0,0.4186046511627907,5,success,
65447,1,2,7,,distance,levenshtein,4.370697021484375,0.2571428571428571,1.0,0.4090909090909091,7,success,
39161,1,5,6,,distance,levenshtein,5.1590189933776855,0.28125,1.0,0.43902439024390244,6,success,
59934,1,3,8,,distance,levenshtein,3.59945011138916,0.36,1.0,0.5294117647058824,8,success,
75385,1,4,8,,distance,levenshtein,1.994602918624878,0.32142857142857145,1.0,0.4864864864864865,8,success,
8938,1,5,9,,distance,levenshtein,10.059738874435425,0.2727272727272727,1.0,0.42857142857142855,9,success,
87228,1,4,10,,distance,levenshtein,7.447135925292969,0.2647058823529412,1.0,0.4186046511627907,10,success,
87228,1,5,2,,distance,levenshtein,0.13842511177062988,0.0,0.0,0.0,2,success,
79121,1,6,6,,distance,levenshtein,1.9664690494537354,0.2647058823529412,1.0,0.4186046511627907,6,success,
36624,1,5,5,,distance,levenshtein,17.099259853363037,0.2647058823529412,1.0,0.4186046511627907,5,success,
59934,1,3,9,,distance,levenshtein,1.326085090637207,0.36,1.0,0.5294117647058824,9,success,
56085,1,4,6,,distance,levenshtein,5.136868000030518,0.25,1.0,0.4,6,success,
85303,1,4,10,,distance,levenshtein,11.453827142715454,0.23684210526315788,1.0,0.3829787234042553,10,success,
87228,1,5,3,,distance,levenshtein,1.247392177581787,0.2727272727272727,1.0,0.42857142857142855,3,success,
7239,1,4,8,,distance,levenshtein,5.578521966934204,0.3,1.0,0.46153846153846156,8,success,
58283,1,5,9,,distance,levenshtein,4.151608943939209,0.25,1.0,0.4,9,success,
29382,1,4,9,,distance,levenshtein,6.802476167678833,0.23076923076923078,1.0,0.375,9,success,
85303,1,5,2,,distance,levenshtein,0.3550410270690918,0.0,0.0,0.0,2,success,
36624,1,5,6,,distance,levenshtein,1.467682123184204,0.2647058823529412,1.0,0.4186046511627907,6,success,
58283,1,5,10,,distance,levenshtein,0.917201042175293,0.25,1.0,0.4,10,success,
58283,1,6,2,,distance,levenshtein,0.21369600296020508,0.0,0.0,0.0,2,success,
114,1,2,5,,distance,levenshtein,7.0789430141448975,0.2903225806451613,1.0,0.45,5,success,
36624,1,5,7,,distance,levenshtein,1.4650521278381348,0.2647058823529412,1.0,0.4186046511627907,7,success,
59934,1,3,10,,distance,levenshtein,3.24072003364563,0.36,1.0,0.5294117647058824,10,success,
59934,1,4,2,,distance,levenshtein,0.2529020309448242,0.0,0.0,0.0,2,success,
85303,1,5,3,,distance,levenshtein,2.7697200775146484,0.25,1.0,0.4,3,success,
75385,1,4,9,,distance,levenshtein,5.347225904464722,0.3103448275862069,1.0,0.47368421052631576,9,success,
79820,1,5,4,,distance,levenshtein,11.231390953063965,0.22857142857142856,0.8888888888888888,0.36363636363636365,4,success,
79121,1,6,7,,distance,levenshtein,4.884114027023315,0.2647058823529412,1.0,0.4186046511627907,7,success,
56085,1,4,7,,distance,levenshtein,4.305577039718628,0.25,1.0,0.4,7,success,
87228,1,5,4,,distance,levenshtein,4.579570055007935,0.2727272727272727,1.0,0.42857142857142855,4,success,
36624,1,5,8,,distance,levenshtein,3.0894339084625244,0.2647058823529412,1.0,0.4186046511627907,8,success,
98846,1,5,5,,distance,levenshtein,23.298475980758667,0.23684210526315788,1.0,0.3829787234042553,5,success,
58283,1,6,3,,distance,levenshtein,4.212409019470215,0.25,1.0,0.4,3,success,
65447,1,2,8,,distance,levenshtein,9.912940979003906,0.2571428571428571,1.0,0.4090909090909091,8,success,
7239,1,4,9,,distance,levenshtein,6.637749910354614,0.3103448275862069,1.0,0.47368421052631576,9,success,
75385,1,4,10,,distance,levenshtein,3.843985080718994,0.2857142857142857,0.8888888888888888,0.43243243243243246,10,success,
59934,1,4,3,,distance,levenshtein,4.4021360874176025,0.36,1.0,0.5294117647058824,3,success,
75385,1,5,2,,distance,levenshtein,0.24826312065124512,0.0,0.0,0.0,2,success,
79121,1,6,8,,distance,levenshtein,4.512974977493286,0.2647058823529412,1.0,0.4186046511627907,8,success,
97635,1,5,4,,distance,levenshtein,12.412595987319946,0.24324324324324326,1.0,0.391304347826087,4,success,
39161,1,5,7,,distance,levenshtein,11.497286796569824,0.28125,1.0,0.43902439024390244,7,success,
98846,1,5,6,,distance,levenshtein,4.0539710521698,0.23684210526315788,1.0,0.3829787234042553,6,success,
75385,1,5,3,,distance,levenshtein,2.3504011631011963,0.3103448275862069,1.0,0.47368421052631576,3,success,
36624,1,5,9,,distance,levenshtein,4.612155914306641,0.2571428571428571,1.0,0.4090909090909091,9,success,
56085,1,4,8,,distance,levenshtein,6.31896185874939,0.25,1.0,0.4,8,success,
69007,1,5,5,,distance,levenshtein,31.798890113830566,0.3333333333333333,1.0,0.5,5,success,
79121,1,6,9,,distance,levenshtein,2.5900909900665283,0.2647058823529412,1.0,0.4186046511627907,9,success,
29382,1,4,10,,distance,levenshtein,11.897874116897583,0.225,1.0,0.3673469387755102,10,success,
29382,1,5,2,,distance,levenshtein,0.289139986038208,0.0,0.0,0.0,2,success,
114,1,2,6,,distance,levenshtein,11.621786117553711,0.2903225806451613,1.0,0.45,6,success,
85303,1,5,4,,distance,levenshtein,11.092926025390625,0.23684210526315788,1.0,0.3829787234042553,4,success,
69007,1,5,6,,distance,levenshtein,3.316166877746582,0.3333333333333333,1.0,0.5,6,success,
29382,1,5,3,,distance,levenshtein,2.3727469444274902,0.23076923076923078,1.0,0.375,3,success,
59934,1,4,4,,distance,levenshtein,8.576005935668945,0.36,1.0,0.5294117647058824,4,success,
11298,1,3,10,,distance,levenshtein,21.07053303718567,0.24242424242424243,0.8888888888888888,0.38095238095238093,10,success,
11298,1,4,2,,distance,levenshtein,0.14924407005310059,0.0,0.0,0.0,2,success,
58283,1,6,4,,distance,levenshtein,10.749165773391724,0.25,1.0,0.4,4,success,
11298,1,4,3,,distance,levenshtein,0.969092845916748,0.2727272727272727,1.0,0.42857142857142855,3,success,
36624,1,5,10,,distance,levenshtein,6.832344055175781,0.2647058823529412,1.0,0.4186046511627907,10,success,
36624,1,6,2,,distance,levenshtein,0.13023996353149414,0.2727272727272727,1.0,0.42857142857142855,2,success,
56085,1,4,9,,distance,levenshtein,7.039155006408691,0.25,1.0,0.4,9,success,
36624,1,6,3,,distance,levenshtein,0.328294038772583,0.2727272727272727,1.0,0.42857142857142855,3,success,
58283,1,6,5,,distance,levenshtein,1.316857099533081,0.2571428571428571,1.0,0.4090909090909091,5,success,
11298,1,4,4,,distance,levenshtein,0.6129369735717773,0.2571428571428571,1.0,0.4090909090909091,4,success,
9178,1,4,6,,distance,levenshtein,67.3874900341034,0.3103448275862069,1.0,0.47368421052631576,6,success,
98846,1,5,7,,distance,levenshtein,8.59306788444519,0.23684210526315788,1.0,0.3829787234042553,7,success,
36624,1,6,4,,distance,levenshtein,1.0940029621124268,0.2571428571428571,1.0,0.4090909090909091,4,success,
7239,1,4,10,,distance,levenshtein,12.435380935668945,0.3,1.0,0.46153846153846156,10,success,
58283,1,6,6,,distance,levenshtein,1.356645107269287,0.25,1.0,0.4,6,success,
8938,1,5,10,,distance,levenshtein,21.69232416152954,0.2647058823529412,1.0,0.4186046511627907,10,success,
7239,1,5,2,,distance,levenshtein,0.2787008285522461,0.0,0.0,0.0,2,success,
65447,1,2,9,,distance,levenshtein,12.90182614326477,0.2571428571428571,1.0,0.4090909090909091,9,success,
8938,1,6,2,,distance,levenshtein,0.16680288314819336,0.2727272727272727,1.0,0.42857142857142855,2,success,
39161,1,5,8,,distance,levenshtein,11.40529203414917,0.28125,1.0,0.43902439024390244,8,success,
87228,1,5,5,,distance,levenshtein,16.632498025894165,0.2647058823529412,1.0,0.4186046511627907,5,success,
36624,1,6,5,,distance,levenshtein,2.0648279190063477,0.2571428571428571,1.0,0.4090909090909091,5,success,
58283,1,6,7,,distance,levenshtein,1.9120280742645264,0.25,1.0,0.4,7,success,
87228,1,5,6,,distance,levenshtein,0.6872329711914062,0.2727272727272727,1.0,0.42857142857142855,6,success,
29382,1,5,4,,distance,levenshtein,7.4341819286346436,0.23076923076923078,1.0,0.375,4,success,
36624,1,6,6,,distance,levenshtein,1.4821951389312744,0.2647058823529412,1.0,0.4186046511627907,6,success,
9178,1,4,7,,distance,levenshtein,4.58596396446228,0.32142857142857145,1.0,0.4864864864864865,7,success,
69007,1,5,7,,distance,levenshtein,8.898882865905762,0.3333333333333333,1.0,0.5,7,success,
114,1,2,7,,distance,levenshtein,10.836483001708984,0.2903225806451613,1.0,0.45,7,success,
87228,1,5,7,,distance,levenshtein,3.2301840782165527,0.28125,1.0,0.43902439024390244,7,success,
98846,1,5,8,,distance,levenshtein,6.349883079528809,0.23684210526315788,1.0,0.3829787234042553,8,success,
8938,1,6,3,,distance,levenshtein,5.319637060165405,0.2647058823529412,1.0,0.4186046511627907,3,success,
7239,1,5,3,,distance,levenshtein,5.669171094894409,0.3,1.0,0.46153846153846156,3,success,
9178,1,4,8,,distance,levenshtein,3.7174670696258545,0.3103448275862069,1.0,0.47368421052631576,8,success,
69007,1,5,8,,distance,levenshtein,3.7147951126098633,0.3333333333333333,1.0,0.5,8,success,
51134,1,5,5,,distance,levenshtein,88.50472903251648,0.2727272727272727,1.0,0.42857142857142855,5,success,
58283,1,6,8,,distance,levenshtein,6.550808906555176,0.25,1.0,0.4,8,success,
8938,1,6,4,,distance,levenshtein,2.9474780559539795,0.2727272727272727,1.0,0.42857142857142855,4,success,
87228,1,5,8,,distance,levenshtein,2.851999044418335,0.2647058823529412,1.0,0.4186046511627907,8,success,
79820,1,5,5,,distance,levenshtein,25.580937147140503,0.23529411764705882,0.8888888888888888,0.37209302325581395,5,success,
56085,1,4,10,,distance,levenshtein,10.837021827697754,0.25,1.0,0.4,10,success,
8938,1,6,5,,distance,levenshtein,0.6064310073852539,0.2727272727272727,1.0,0.42857142857142855,5,success,
56085,1,5,2,,distance,levenshtein,0.21823596954345703,0.0,0.0,0.0,2,success,
9178,1,4,9,,distance,levenshtein,2.38533616065979,0.3103448275862069,1.0,0.47368421052631576,9,success,
56085,1,5,3,,distance,levenshtein,0.7552001476287842,0.25,1.0,0.4,3,success,
79121,1,6,10,,distance,levenshtein,19.38646411895752,0.2647058823529412,1.0,0.4186046511627907,10,success,
51134,1,5,6,,distance,levenshtein,2.5002009868621826,0.2727272727272727,1.0,0.42857142857142855,6,success,
8938,1,6,6,,distance,levenshtein,1.8263230323791504,0.2727272727272727,1.0,0.42857142857142855,6,success,
79121,2,0,2,,distance,levenshtein,0.813755989074707,0.36,1.0,0.5294117647058824,2,success,
87228,1,5,9,,distance,levenshtein,2.7205018997192383,0.28125,1.0,0.43902439024390244,9,success,
79820,1,5,6,,distance,levenshtein,3.387752056121826,0.22857142857142856,0.8888888888888888,0.36363636363636365,6,success,
8938,1,6,7,,distance,levenshtein,1.0169987678527832,0.2647058823529412,1.0,0.4186046511627907,7,success,
98846,1,5,9,,distance,levenshtein,6.6431357860565186,0.23684210526315788,1.0,0.3829787234042553,9,success,
39161,1,5,9,,distance,levenshtein,12.266463041305542,0.28125,1.0,0.43902439024390244,9,success,
58283,1,6,9,,distance,levenshtein,6.462328910827637,0.25,1.0,0.4,9,success,
79820,1,5,7,,distance,levenshtein,2.6066501140594482,0.22857142857142856,0.8888888888888888,0.36363636363636365,7,success,
8938,1,6,8,,distance,levenshtein,2.878286838531494,0.2647058823529412,1.0,0.4186046511627907,8,success,
56085,1,5,4,,distance,levenshtein,5.3089280128479,0.25,1.0,0.4,4,success,
51134,1,5,7,,distance,levenshtein,4.99683403968811,0.2647058823529412,1.0,0.4186046511627907,7,success,
9178,1,4,10,,distance,levenshtein,6.220245838165283,0.3103448275862069,1.0,0.47368421052631576,10,success,
69007,1,5,9,,distance,levenshtein,8.712963104248047,0.3333333333333333,1.0,0.5,9,success,
11298,1,4,5,,distance,levenshtein,18.400672912597656,0.2571428571428571,1.0,0.4090909090909091,5,success,
9178,1,5,2,,distance,levenshtein,0.21800708770751953,0.0,0.0,0.0,2,success,
87228,1,5,10,,distance,levenshtein,6.933200120925903,0.28125,1.0,0.43902439024390244,10,success,
87228,1,6,2,,distance,levenshtein,0.1717061996459961,0.3103448275862069,1.0,0.47368421052631576,2,success,
79820,1,5,8,,distance,levenshtein,3.8159358501434326,0.25,1.0,0.4,8,success,
36624,1,6,7,,distance,levenshtein,16.76713991165161,0.2647058823529412,1.0,0.4186046511627907,7,success,
87228,1,6,3,,distance,levenshtein,0.9414751529693604,0.2647058823529412,1.0,0.4186046511627907,3,success,
9178,1,5,3,,distance,levenshtein,3.4438300132751465,0.32142857142857145,1.0,0.4864864864864865,3,success,
36624,1,6,8,,distance,levenshtein,0.36435699462890625,0.2571428571428571,1.0,0.4090909090909091,8,success,
8938,1,6,9,,distance,levenshtein,4.564449071884155,0.2727272727272727,1.0,0.42857142857142855,9,success,
36624,1,6,9,,distance,levenshtein,0.4128139019012451,0.2571428571428571,1.0,0.4090909090909091,9,success,
8938,1,6,10,,distance,levenshtein,0.7041571140289307,0.28125,1.0,0.43902439024390244,10,success,
36624,1,6,10,,distance,levenshtein,0.44530391693115234,0.2727272727272727,1.0,0.42857142857142855,10,success,
8938,2,0,2,,distance,levenshtein,0.908452033996582,0.34615384615384615,1.0,0.5142857142857142,2,success,
36624,2,0,2,,distance,levenshtein,1.0561408996582031,0.2903225806451613,1.0,0.45,2,success,
87228,1,6,4,,distance,levenshtein,3.7173540592193604,0.2727272727272727,1.0,0.42857142857142855,4,success,
69007,1,5,10,,distance,levenshtein,8.056730031967163,0.3333333333333333,1.0,0.5,10,success,
69007,1,6,2,,distance,levenshtein,0.15416598320007324,0.0,0.0,0.0,2,success,
98846,1,5,10,,distance,levenshtein,12.428915023803711,0.23684210526315788,1.0,0.3829787234042553,10,success,
98846,1,6,2,,distance,levenshtein,0.15826797485351562,0.0,0.0,0.0,2,success,
7239,1,5,4,,distance,levenshtein,19.96021008491516,0.3103448275862069,1.0,0.47368421052631576,4,success,
29382,1,5,5,,distance,levenshtein,23.715869903564453,0.225,1.0,0.3673469387755102,5,success,
58283,1,6,10,,distance,levenshtein,11.031562805175781,0.2571428571428571,1.0,0.4090909090909091,10,success,
51134,1,5,8,,distance,levenshtein,10.498802900314331,0.2647058823529412,1.0,0.4186046511627907,8,success,
98846,1,6,3,,distance,levenshtein,1.1293249130249023,0.23684210526315788,1.0,0.3829787234042553,3,success,
79820,1,5,9,,distance,levenshtein,7.427556037902832,0.25,1.0,0.4,9,success,
69007,1,6,3,,distance,levenshtein,2.450282096862793,0.3333333333333333,1.0,0.5,3,success,
58283,2,0,2,,distance,levenshtein,1.2249538898468018,0.28125,1.0,0.43902439024390244,2,success,
11298,1,4,6,,distance,levenshtein,11.319561958312988,0.2647058823529412,1.0,0.4186046511627907,6,success,
85303,1,5,5,,distance,levenshtein,34.542136907577515,0.23684210526315788,1.0,0.3829787234042553,5,success,
39161,1,5,10,,distance,levenshtein,16.44177508354187,0.28125,1.0,0.43902439024390244,10,success,
56085,1,5,5,,distance,levenshtein,13.957628011703491,0.25,1.0,0.4,5,success,
39161,1,6,2,,distance,levenshtein,0.21291899681091309,0.012658227848101266,0.1111111111111111,0.022727272727272728,2,success,
87228,1,6,5,,distance,levenshtein,6.73455286026001,0.2647058823529412,1.0,0.4186046511627907,5,success,
85303,1,5,6,,distance,levenshtein,2.358643054962158,0.23076923076923078,1.0,0.375,6,success,
39161,1,6,3,,distance,levenshtein,1.5538859367370605,0.25806451612903225,0.8888888888888888,0.4,3,success,
69007,1,6,4,,distance,levenshtein,4.006541013717651,0.3333333333333333,1.0,0.5,4,success,
98846,1,6,4,,distance,levenshtein,5.558371067047119,0.23684210526315788,1.0,0.3829787234042553,4,success,
87228,1,6,6,,distance,levenshtein,2.6686580181121826,0.2727272727272727,1.0,0.42857142857142855,6,success,
75385,1,5,4,,distance,levenshtein,44.58529591560364,0.3103448275862069,1.0,0.47368421052631576,4,success,
79820,1,5,10,,distance,levenshtein,7.067195177078247,0.25,1.0,0.4,10,success,
79820,1,6,2,,distance,levenshtein,0.23704910278320312,0.012658227848101266,0.1111111111111111,0.022727272727272728,2,success,
87228,1,6,7,,distance,levenshtein,2.194324016571045,0.2647058823529412,1.0,0.4186046511627907,7,success,
79820,1,6,3,,distance,levenshtein,1.751127004623413,0.23529411764705882,0.8888888888888888,0.37209302325581395,3,success,
87228,1,6,8,,distance,levenshtein,1.0592989921569824,0.2647058823529412,1.0,0.4186046511627907,8,success,
85303,1,5,7,,distance,levenshtein,6.183308124542236,0.23076923076923078,1.0,0.375,7,success,
87228,1,6,9,,distance,levenshtein,0.5787169933319092,0.2727272727272727,1.0,0.42857142857142855,9,success,
51134,1,5,9,,distance,levenshtein,12.356417894363403,0.2727272727272727,1.0,0.42857142857142855,9,success,
9178,1,5,4,,distance,levenshtein,21.009026050567627,0.3103448275862069,1.0,0.47368421052631576,4,success,
87228,1,6,10,,distance,levenshtein,3.2823898792266846,0.2727272727272727,1.0,0.42857142857142855,10,success,
87228,2,0,2,,distance,levenshtein,0.6615262031555176,0.32142857142857145,1.0,0.4864864864864865,2,success,
98846,1,6,5,,distance,levenshtein,10.956352949142456,0.23684210526315788,1.0,0.3829787234042553,5,success,
98846,1,6,6,,distance,levenshtein,0.6266229152679443,0.23684210526315788,1.0,0.3829787234042553,6,success,
79820,1,6,4,,distance,levenshtein,9.250859022140503,0.18181818181818182,0.6666666666666666,0.2857142857142857,4,success,
39161,1,6,4,,distance,levenshtein,14.643399953842163,0.28125,1.0,0.43902439024390244,4,success,
85303,1,5,8,,distance,levenshtein,9.284588098526001,0.23076923076923078,1.0,0.375,8,success,
98846,1,6,7,,distance,levenshtein,3.0171070098876953,0.23684210526315788,1.0,0.3829787234042553,7,success,
97635,1,5,5,,distance,levenshtein,60.70325994491577,0.24324324324324326,1.0,0.391304347826087,5,success,
69007,1,6,5,,distance,levenshtein,18.69554591178894,0.3333333333333333,1.0,0.5,5,success,
98846,1,6,8,,distance,levenshtein,2.5989279747009277,0.23684210526315788,1.0,0.3829787234042553,8,success,
69007,1,6,6,,distance,levenshtein,1.1580810546875,0.3333333333333333,1.0,0.5,6,success,
65447,1,2,10,,distance,levenshtein,51.72490096092224,0.2647058823529412,1.0,0.4186046511627907,10,success,
98846,1,6,9,,distance,levenshtein,1.2859928607940674,0.23684210526315788,1.0,0.3829787234042553,9,success,
65447,1,3,2,,distance,levenshtein,0.14013195037841797,0.125,0.8888888888888888,0.2191780821917808,2,success,
51134,1,5,10,,distance,levenshtein,12.381680011749268,0.2647058823529412,1.0,0.4186046511627907,10,success,
29382,1,5,6,,distance,levenshtein,26.013586044311523,0.225,1.0,0.3673469387755102,6,success,
51134,1,6,2,,distance,levenshtein,0.13286495208740234,0.2727272727272727,1.0,0.42857142857142855,2,success,
97635,1,5,6,,distance,levenshtein,3.5865519046783447,0.24324324324324326,1.0,0.391304347826087,6,success,
51134,1,6,3,,distance,levenshtein,0.41654300689697266,0.2727272727272727,1.0,0.42857142857142855,3,success,
65447,1,3,3,,distance,levenshtein,0.758807897567749,0.2647058823529412,1.0,0.4186046511627907,3,success,
85303,1,5,9,,distance,levenshtein,6.274126052856445,0.23076923076923078,1.0,0.375,9,success,
98846,1,6,10,,distance,levenshtein,1.6680529117584229,0.23684210526315788,1.0,0.3829787234042553,10,success,
69007,1,6,7,,distance,levenshtein,2.09118390083313,0.3333333333333333,1.0,0.5,7,success,
98846,2,0,2,,distance,levenshtein,0.908998966217041,0.2962962962962963,0.8888888888888888,0.4444444444444444,2,success,
29382,1,5,7,,distance,levenshtein,2.7998440265655518,0.225,1.0,0.3673469387755102,7,success,
97635,1,5,7,,distance,levenshtein,2.7944130897521973,0.24324324324324326,1.0,0.391304347826087,7,success,
79820,1,6,5,,distance,levenshtein,9.824409008026123,0.22857142857142856,0.8888888888888888,0.36363636363636365,5,success,
11298,1,4,7,,distance,levenshtein,28.626301050186157,0.2571428571428571,1.0,0.4090909090909091,7,success,
65447,1,3,4,,distance,levenshtein,3.6518540382385254,0.23529411764705882,0.8888888888888888,0.37209302325581395,4,success,
59934,1,4,5,,distance,levenshtein,61.07294702529907,0.36,1.0,0.5294117647058824,5,success,
69007,1,6,8,,distance,levenshtein,2.763132095336914,0.3333333333333333,1.0,0.5,8,success,
51134,1,6,4,,distance,levenshtein,4.292143106460571,0.2727272727272727,1.0,0.42857142857142855,4,success,
79820,1,6,6,,distance,levenshtein,1.789189100265503,0.22857142857142856,0.8888888888888888,0.36363636363636365,6,success,
29382,1,5,8,,distance,levenshtein,2.4965248107910156,0.225,1.0,0.3673469387755102,8,success,
39161,1,6,5,,distance,levenshtein,11.837077140808105,0.25806451612903225,0.8888888888888888,0.4,5,success,
97635,1,5,8,,distance,levenshtein,3.142098903656006,0.24324324324324326,1.0,0.391304347826087,8,success,
59934,1,4,6,,distance,levenshtein,2.0380442142486572,0.36,1.0,0.5294117647058824,6,success,
39161,1,6,6,,distance,levenshtein,1.006260871887207,0.25806451612903225,0.8888888888888888,0.4,6,success,
69007,1,6,9,,distance,levenshtein,2.0895419120788574,0.3333333333333333,1.0,0.5,9,success,
11298,1,4,8,,distance,levenshtein,2.941365957260132,0.2571428571428571,1.0,0.4090909090909091,8,success,
51134,1,6,5,,distance,levenshtein,2.6644749641418457,0.2647058823529412,1.0,0.4186046511627907,5,success,
79820,1,6,7,,distance,levenshtein,2.56906795501709,0.25,1.0,0.4,7,success,
39161,1,6,7,,distance,levenshtein,1.1033520698547363,0.28125,1.0,0.43902439024390244,7,success,
56085,1,5,6,,distance,levenshtein,32.18443584442139,0.25,1.0,0.4,6,success,
79820,1,6,8,,distance,levenshtein,1.2277510166168213,0.25,1.0,0.4,8,success,
65447,1,3,5,,distance,levenshtein,5.422128915786743,0.2571428571428571,1.0,0.4090909090909091,5,success,
85303,1,5,10,,distance,levenshtein,8.61091423034668,0.23076923076923078,1.0,0.375,10,success,
85303,1,6,2,,distance,levenshtein,0.10859894752502441,0.23684210526315788,1.0,0.3829787234042553,2,success,
29382,1,5,9,,distance,levenshtein,4.737112045288086,0.23076923076923078,1.0,0.375,9,success,
85303,1,6,3,,distance,levenshtein,0.3266479969024658,0.23076923076923078,1.0,0.375,3,success,
11298,1,4,9,,distance,levenshtein,3.8102970123291016,0.2647058823529412,1.0,0.4186046511627907,9,success,
85303,1,6,4,,distance,levenshtein,0.6625039577484131,0.23684210526315788,1.0,0.3829787234042553,4,success,
51134,1,6,6,,distance,levenshtein,4.191760063171387,0.2647058823529412,1.0,0.4186046511627907,6,success,
59934,1,4,7,,distance,levenshtein,4.886164903640747,0.36,1.0,0.5294117647058824,7,success,
56085,1,5,7,,distance,levenshtein,2.5063769817352295,0.25,1.0,0.4,7,success,
69007,1,6,10,,distance,levenshtein,5.268872022628784,0.3333333333333333,1.0,0.5,10,success,
39161,1,6,8,,distance,levenshtein,4.514665842056274,0.28125,1.0,0.43902439024390244,8,success,
85303,1,6,5,,distance,levenshtein,1.5033109188079834,0.23076923076923078,1.0,0.375,5,success,
69007,2,0,2,,distance,levenshtein,0.7484898567199707,0.3333333333333333,1.0,0.5,2,success,
97635,1,5,9,,distance,levenshtein,7.040666818618774,0.24324324324324326,1.0,0.391304347826087,9,success,
75385,1,5,5,,distance,levenshtein,32.61001920700073,0.3103448275862069,1.0,0.47368421052631576,5,success,
11298,1,4,10,,distance,levenshtein,3.8492178916931152,0.2571428571428571,1.0,0.4090909090909091,10,success,
79820,1,6,9,,distance,levenshtein,6.08856987953186,0.22857142857142856,0.8888888888888888,0.36363636363636365,9,success,
11298,1,5,2,,distance,levenshtein,0.23532390594482422,0.0,0.0,0.0,2,success,
85303,1,6,6,,distance,levenshtein,2.9076201915740967,0.25,1.0,0.4,6,success,
29382,1,5,10,,distance,levenshtein,5.490811109542847,0.23076923076923078,1.0,0.375,10,success,
29382,1,6,2,,distance,levenshtein,0.12828707695007324,0.0,0.0,0.0,2,success,
56085,1,5,8,,distance,levenshtein,4.915090084075928,0.22857142857142856,0.8888888888888888,0.36363636363636365,8,success,
79820,1,6,10,,distance,levenshtein,1.617799997329712,0.25,1.0,0.4,10,success,
39161,1,6,9,,distance,levenshtein,5.3581459522247314,0.25806451612903225,0.8888888888888888,0.4,9,success,
29382,1,6,3,,distance,levenshtein,2.2487990856170654,0.21052631578947367,0.8888888888888888,0.3404255319148936,3,success,
56085,1,5,9,,distance,levenshtein,1.9413950443267822,0.25,1.0,0.4,9,success,
79820,2,0,2,,distance,levenshtein,1.5754401683807373,0.34615384615384615,1.0,0.5142857142857142,2,success,
11298,1,5,3,,distance,levenshtein,3.764777898788452,0.2571428571428571,1.0,0.4090909090909091,3,success,
51134,1,6,7,,distance,levenshtein,8.752033948898315,0.2647058823529412,1.0,0.4186046511627907,7,success,
59934,1,4,8,,distance,levenshtein,9.646265029907227,0.36,1.0,0.5294117647058824,8,success,
51134,1,6,8,,distance,levenshtein,1.0960478782653809,0.2647058823529412,1.0,0.4186046511627907,8,success,
51134,1,6,9,,distance,levenshtein,0.3996150493621826,0.2647058823529412,1.0,0.4186046511627907,9,success,
29382,1,6,4,,distance,levenshtein,4.242612838745117,0.225,1.0,0.3673469387755102,4,success,
39161,1,6,10,,distance,levenshtein,5.265192031860352,0.28125,1.0,0.43902439024390244,10,success,
85303,1,6,7,,distance,levenshtein,8.683370113372803,0.25,1.0,0.4,7,success,
39161,2,0,2,,distance,levenshtein,0.5990128517150879,0.28125,1.0,0.43902439024390244,2,success,
59934,1,4,9,,distance,levenshtein,3.119904041290283,0.36,1.0,0.5294117647058824,9,success,
51134,1,6,10,,distance,levenshtein,2.4606192111968994,0.2647058823529412,1.0,0.4186046511627907,10,success,
85303,1,6,8,,distance,levenshtein,0.23669195175170898,0.23076923076923078,1.0,0.375,8,success,
56085,1,5,10,,distance,levenshtein,5.768821954727173,0.22857142857142856,0.8888888888888888,0.36363636363636365,10,success,
56085,1,6,2,,distance,levenshtein,0.1090250015258789,0.0,0.0,0.0,2,success,
51134,2,0,2,,distance,levenshtein,0.6106259822845459,0.28125,1.0,0.43902439024390244,2,success,
85303,1,6,9,,distance,levenshtein,0.41583681106567383,0.23076923076923078,1.0,0.375,9,success,
75385,1,5,6,,distance,levenshtein,11.994961977005005,0.3103448275862069,1.0,0.47368421052631576,6,success,
85303,1,6,10,,distance,levenshtein,1.5117089748382568,0.23076923076923078,1.0,0.375,10,success,
97635,1,5,10,,distance,levenshtein,14.268023014068604,0.24324324324324326,1.0,0.391304347826087,10,success,
85303,2,0,2,,distance,levenshtein,0.6935789585113525,0.3,1.0,0.46153846153846156,2,success,
89149,1,2,3,,distance,levenshtein,375.4598639011383,0.225,1.0,0.3673469387755102,3,success,
97635,1,6,2,,distance,levenshtein,0.1947169303894043,0.0,0.0,0.0,2,success,
97635,1,6,3,,distance,levenshtein,1.1625161170959473,0.24324324324324326,1.0,0.391304347826087,3,success,
56085,1,6,3,,distance,levenshtein,4.122412204742432,0.22857142857142856,0.8888888888888888,0.36363636363636365,3,success,
65447,1,3,6,,distance,levenshtein,20.580355882644653,0.24242424242424243,0.8888888888888888,0.38095238095238093,6,success,
29382,1,6,5,,distance,levenshtein,7.11077618598938,0.21052631578947367,0.8888888888888888,0.3404255319148936,5,success,
65447,1,3,7,,distance,levenshtein,0.839846134185791,0.2571428571428571,1.0,0.4090909090909091,7,success,
29382,1,6,6,,distance,levenshtein,0.5364830493927002,0.225,1.0,0.3673469387755102,6,success,
7239,1,5,5,,distance,levenshtein,58.702244997024536,0.3,1.0,0.46153846153846156,5,success,
29382,1,6,7,,distance,levenshtein,1.053520917892456,0.21052631578947367,0.8888888888888888,0.3404255319148936,7,success,
65447,1,3,8,,distance,levenshtein,1.6244959831237793,0.2647058823529412,1.0,0.4186046511627907,8,success,
56085,1,6,4,,distance,levenshtein,3.718770980834961,0.22857142857142856,0.8888888888888888,0.36363636363636365,4,success,
7239,1,5,6,,distance,levenshtein,3.5572750568389893,0.3,1.0,0.46153846153846156,6,success,
29382,1,6,8,,distance,levenshtein,2.591981887817383,0.225,1.0,0.3673469387755102,8,success,
75385,1,5,7,,distance,levenshtein,8.688682079315186,0.3103448275862069,1.0,0.47368421052631576,7,success,
65447,1,3,9,,distance,levenshtein,4.4570229053497314,0.2571428571428571,1.0,0.4090909090909091,9,success,
59934,1,4,10,,distance,levenshtein,12.494672060012817,0.36,1.0,0.5294117647058824,10,success,
59934,1,5,2,,distance,levenshtein,0.44031786918640137,0.0,0.0,0.0,2,success,
7239,1,5,7,,distance,levenshtein,3.5483498573303223,0.3,1.0,0.46153846153846156,7,success,
65447,1,3,10,,distance,levenshtein,1.3924381732940674,0.2571428571428571,1.0,0.4090909090909091,10,success,
29382,1,6,9,,distance,levenshtein,4.120373010635376,0.225,1.0,0.3673469387755102,9,success,
65447,1,4,2,,distance,levenshtein,0.1961050033569336,0.0,0.0,0.0,2,success,
97635,1,6,4,,distance,levenshtein,10.612540006637573,0.24324324324324326,1.0,0.391304347826087,4,success,
59934,1,5,3,,distance,levenshtein,2.0088818073272705,0.36,1.0,0.5294117647058824,3,success,
56085,1,6,5,,distance,levenshtein,7.746537923812866,0.25,1.0,0.4,5,success,
65447,1,4,3,,distance,levenshtein,2.0756120681762695,0.2647058823529412,1.0,0.4186046511627907,3,success,
29382,1,6,10,,distance,levenshtein,2.365525007247925,0.20512820512820512,0.8888888888888888,0.3333333333333333,10,success,
97635,1,6,5,,distance,levenshtein,1.9114551544189453,0.24324324324324326,1.0,0.391304347826087,5,success,
11298,1,5,4,,distance,levenshtein,23.498213052749634,0.2571428571428571,1.0,0.4090909090909091,4,success,
29382,2,0,2,,distance,levenshtein,0.6614699363708496,0.28125,1.0,0.43902439024390244,2,success,
75385,1,5,8,,distance,levenshtein,8.33628511428833,0.32142857142857145,1.0,0.4864864864864865,8,success,
97635,1,6,6,,distance,levenshtein,2.332764148712158,0.24324324324324326,1.0,0.391304347826087,6,success,
11298,1,5,5,,distance,levenshtein,2.157205104827881,0.2647058823529412,1.0,0.4186046511627907,5,success,
7239,1,5,8,,distance,levenshtein,8.009917974472046,0.3,1.0,0.46153846153846156,8,success,
65447,1,4,4,,distance,levenshtein,5.772524833679199,0.2571428571428571,1.0,0.4090909090909091,4,success,
97635,1,6,7,,distance,levenshtein,3.3656318187713623,0.24324324324324326,1.0,0.391304347826087,7,success,
97635,1,6,8,,distance,levenshtein,2.9874279499053955,0.24324324324324326,1.0,0.391304347826087,8,success,
56085,1,6,6,,distance,levenshtein,12.020179033279419,0.25,1.0,0.4,6,success,
11298,1,5,6,,distance,levenshtein,9.648404836654663,0.2647058823529412,1.0,0.4186046511627907,6,success,
56085,1,6,7,,distance,levenshtein,2.153136968612671,0.25,1.0,0.4,7,success,
7239,1,5,9,,distance,levenshtein,8.567276000976562,0.3,1.0,0.46153846153846156,9,success,
59934,1,5,4,,distance,levenshtein,16.053157091140747,0.36,1.0,0.5294117647058824,4,success,
97635,1,6,9,,distance,levenshtein,4.804044008255005,0.24324324324324326,1.0,0.391304347826087,9,success,
75385,1,5,9,,distance,levenshtein,13.375473976135254,0.32142857142857145,1.0,0.4864864864864865,9,success,
56085,1,6,8,,distance,levenshtein,3.4462389945983887,0.25,1.0,0.4,8,success,
56085,1,6,9,,distance,levenshtein,1.1626570224761963,0.25,1.0,0.4,9,success,
97635,1,6,10,,distance,levenshtein,3.8765690326690674,0.24324324324324326,1.0,0.391304347826087,10,success,
97635,2,0,2,,distance,levenshtein,0.7158269882202148,0.28125,1.0,0.43902439024390244,2,success,
11298,1,5,7,,distance,levenshtein,7.622344017028809,0.2647058823529412,1.0,0.4186046511627907,7,success,
56085,1,6,10,,distance,levenshtein,4.198811054229736,0.22857142857142856,0.8888888888888888,0.36363636363636365,10,success,
56085,2,0,2,,distance,levenshtein,0.8173880577087402,0.11688311688311688,1.0,0.20930232558139536,2,success,
75385,1,5,10,,distance,levenshtein,12.732554912567139,0.32142857142857145,1.0,0.4864864864864865,10,success,
75385,1,6,2,,distance,levenshtein,0.14605712890625,0.0,0.0,0.0,2,success,
75385,1,6,3,,distance,levenshtein,0.41330695152282715,0.3103448275862069,1.0,0.47368421052631576,3,success,
75385,1,6,4,,distance,levenshtein,1.631516933441162,0.32142857142857145,1.0,0.4864864864864865,4,success,
7239,1,5,10,,distance,levenshtein,17.890204191207886,0.3103448275862069,1.0,0.47368421052631576,10,success,
7239,1,6,2,,distance,levenshtein,0.1582939624786377,0.0,0.0,0.0,2,success,
11298,1,5,8,,distance,levenshtein,11.943005084991455,0.2647058823529412,1.0,0.4186046511627907,8,success,
7239,1,6,3,,distance,levenshtein,0.98250412940979,0.3,1.0,0.46153846153846156,3,success,
75385,1,6,5,,distance,levenshtein,6.2329020500183105,0.3103448275862069,1.0,0.47368421052631576,5,success,
7239,1,6,4,,distance,levenshtein,4.809614896774292,0.3103448275862069,1.0,0.47368421052631576,4,success,
59934,1,5,5,,distance,levenshtein,26.778403997421265,0.36,1.0,0.5294117647058824,5,success,
11298,1,5,9,,distance,levenshtein,8.669476985931396,0.2571428571428571,1.0,0.4090909090909091,9,success,
75385,1,6,6,,distance,levenshtein,7.870882987976074,0.3103448275862069,1.0,0.47368421052631576,6,success,
75385,1,6,7,,distance,levenshtein,1.8244891166687012,0.3103448275862069,1.0,0.47368421052631576,7,success,
59934,1,5,6,,distance,levenshtein,7.046065092086792,0.36,1.0,0.5294117647058824,6,success,
75385,1,6,8,,distance,levenshtein,2.4083139896392822,0.3103448275862069,1.0,0.47368421052631576,8,success,
75385,1,6,9,,distance,levenshtein,1.808298110961914,0.3103448275862069,1.0,0.47368421052631576,9,success,
75385,1,6,10,,distance,levenshtein,1.2596549987792969,0.3103448275862069,1.0,0.47368421052631576,10,success,
59934,1,5,7,,distance,levenshtein,5.22405219078064,0.36,1.0,0.5294117647058824,7,success,
75385,2,0,2,,distance,levenshtein,0.9439549446105957,0.42857142857142855,1.0,0.6,2,success,
65447,1,4,5,,distance,levenshtein,51.63106608390808,0.2571428571428571,1.0,0.4090909090909091,5,success,
59934,1,5,8,,distance,levenshtein,3.5994889736175537,0.36,1.0,0.5294117647058824,8,success,
65447,1,4,6,,distance,levenshtein,2.8126370906829834,0.2647058823529412,1.0,0.4186046511627907,6,success,
7239,1,6,5,,distance,levenshtein,24.328908920288086,0.3,1.0,0.46153846153846156,5,success,
65447,1,4,7,,distance,levenshtein,3.900279998779297,0.2647058823529412,1.0,0.4186046511627907,7,success,
7239,1,6,6,,distance,levenshtein,2.308466911315918,0.3,1.0,0.46153846153846156,6,success,
7239,1,6,7,,distance,levenshtein,2.134428024291992,0.3,1.0,0.46153846153846156,7,success,
65447,1,4,8,,distance,levenshtein,3.9687061309814453,0.2571428571428571,1.0,0.4090909090909091,8,success,
65447,1,4,9,,distance,levenshtein,2.169252872467041,0.2571428571428571,1.0,0.4090909090909091,9,success,
7239,1,6,8,,distance,levenshtein,4.1986730098724365,0.3,1.0,0.46153846153846156,8,success,
59934,1,5,9,,distance,levenshtein,15.972578048706055,0.36,1.0,0.5294117647058824,9,success,
7239,1,6,9,,distance,levenshtein,2.4814960956573486,0.3,1.0,0.46153846153846156,9,success,
11298,1,5,10,,distance,levenshtein,33.234617948532104,0.2647058823529412,1.0,0.4186046511627907,10,success,
11298,1,6,2,,distance,levenshtein,0.1363980770111084,0.0,0.0,0.0,2,success,
9178,1,5,5,,distance,levenshtein,130.97812390327454,0.3103448275862069,1.0,0.47368421052631576,5,success,
11298,1,6,3,,distance,levenshtein,0.611706018447876,0.2571428571428571,1.0,0.4090909090909091,3,success,
9178,1,5,6,,distance,levenshtein,2.117400884628296,0.32142857142857145,1.0,0.4864864864864865,6,success,
65447,1,4,10,,distance,levenshtein,8.58474612236023,0.2647058823529412,1.0,0.4186046511627907,10,success,
65447,1,5,2,,distance,levenshtein,0.3617410659790039,0.0,0.0,0.0,2,success,
11298,1,6,4,,distance,levenshtein,4.024532079696655,0.2647058823529412,1.0,0.4186046511627907,4,success,
7239,1,6,10,,distance,levenshtein,6.28508186340332,0.3103448275862069,1.0,0.47368421052631576,10,success,
11298,1,6,5,,distance,levenshtein,1.486102819442749,0.2647058823529412,1.0,0.4186046511627907,5,success,
7239,2,0,2,,distance,levenshtein,0.9486379623413086,0.2903225806451613,1.0,0.45,2,success,
9178,1,5,7,,distance,levenshtein,3.7052478790283203,0.3103448275862069,1.0,0.47368421052631576,7,success,
11298,1,6,6,,distance,levenshtein,0.980302095413208,0.2571428571428571,1.0,0.4090909090909091,6,success,
11298,1,6,7,,distance,levenshtein,2.108551025390625,0.2647058823529412,1.0,0.4186046511627907,7,success,
11298,1,6,8,,distance,levenshtein,0.8557798862457275,0.2647058823529412,1.0,0.4186046511627907,8,success,
11298,1,6,9,,distance,levenshtein,1.1743619441986084,0.2647058823529412,1.0,0.4186046511627907,9,success,
9178,1,5,8,,distance,levenshtein,7.654624938964844,0.3103448275862069,1.0,0.47368421052631576,8,success,
65447,1,5,3,,distance,levenshtein,10.912625074386597,0.23529411764705882,0.8888888888888888,0.37209302325581395,3,success,
11298,1,6,10,,distance,levenshtein,3.6670749187469482,0.2647058823529412,1.0,0.4186046511627907,10,success,
11298,2,0,2,,distance,levenshtein,0.8832569122314453,0.28125,1.0,0.43902439024390244,2,success,
59934,1,5,10,,distance,levenshtein,20.327006101608276,0.36,1.0,0.5294117647058824,10,success,
59934,1,6,2,,distance,levenshtein,0.15899395942687988,0.0,0.0,0.0,2,success,
59934,1,6,3,,distance,levenshtein,0.43642711639404297,0.36,1.0,0.5294117647058824,3,success,
59934,1,6,4,,distance,levenshtein,5.77739405632019,0.36,1.0,0.5294117647058824,4,success,
59934,1,6,5,,distance,levenshtein,3.138123035430908,0.36,1.0,0.5294117647058824,5,success,
114,1,2,8,,distance,levenshtein,196.93419098854065,0.2903225806451613,1.0,0.45,8,success,
9178,1,5,9,,distance,levenshtein,28.395917177200317,0.3103448275862069,1.0,0.47368421052631576,9,success,
59934,1,6,6,,distance,levenshtein,15.924775838851929,0.36,1.0,0.5294117647058824,6,success,
114,1,2,9,,distance,levenshtein,18.226290941238403,0.2903225806451613,1.0,0.45,9,success,
9178,1,5,10,,distance,levenshtein,7.268486022949219,0.3103448275862069,1.0,0.47368421052631576,10,success,
9178,1,6,2,,distance,levenshtein,0.12145090103149414,0.0,0.0,0.0,2,success,
9178,1,6,3,,distance,levenshtein,1.6779677867889404,0.3103448275862069,1.0,0.47368421052631576,3,success,
9178,1,6,4,,distance,levenshtein,1.3218450546264648,0.3103448275862069,1.0,0.47368421052631576,4,success,
65447,1,5,4,,distance,levenshtein,41.55013394355774,0.2571428571428571,1.0,0.4090909090909091,4,success,
9178,1,6,5,,distance,levenshtein,4.182679891586304,0.3103448275862069,1.0,0.47368421052631576,5,success,
65447,1,5,5,,distance,levenshtein,3.038907051086426,0.2647058823529412,1.0,0.4186046511627907,5,success,
9178,1,6,6,,distance,levenshtein,6.068342924118042,0.3103448275862069,1.0,0.47368421052631576,6,success,
65447,1,5,6,,distance,levenshtein,4.830674886703491,0.23529411764705882,0.8888888888888888,0.37209302325581395,6,success,
65447,1,5,7,,distance,levenshtein,5.448015928268433,0.23529411764705882,0.8888888888888888,0.37209302325581395,7,success,
59934,1,6,7,,distance,levenshtein,27.062906980514526,0.36,1.0,0.5294117647058824,7,success,
9178,1,6,7,,distance,levenshtein,7.456080913543701,0.3103448275862069,1.0,0.47368421052631576,7,success,
59934,1,6,8,,distance,levenshtein,0.8571419715881348,0.36,1.0,0.5294117647058824,8,success,
59934,1,6,9,,distance,levenshtein,1.268110990524292,0.36,1.0,0.5294117647058824,9,success,
59934,1,6,10,,distance,levenshtein,0.6697468757629395,0.36,1.0,0.5294117647058824,10,success,
59934,2,0,2,,distance,levenshtein,0.7455980777740479,0.28125,1.0,0.43902439024390244,2,success,
65447,1,5,8,,distance,levenshtein,9.429353952407837,0.2647058823529412,1.0,0.4186046511627907,8,success,
9178,1,6,8,,distance,levenshtein,17.336464166641235,0.3103448275862069,1.0,0.47368421052631576,8,success,
65447,1,5,9,,distance,levenshtein,9.3003830909729,0.2571428571428571,1.0,0.4090909090909091,9,success,
114,1,2,10,,distance,levenshtein,42.09140920639038,0.2903225806451613,1.0,0.45,10,success,
114,1,3,2,,distance,levenshtein,0.165740966796875,0.13432835820895522,1.0,0.23684210526315788,2,success,
9178,1,6,9,,distance,levenshtein,0.7877180576324463,0.3103448275862069,1.0,0.47368421052631576,9,success,
9178,1,6,10,,distance,levenshtein,0.47164106369018555,0.3103448275862069,1.0,0.47368421052631576,10,success,
9178,2,0,2,,distance,levenshtein,0.8349390029907227,0.3103448275862069,1.0,0.47368421052631576,2,success,
114,1,3,3,,distance,levenshtein,2.0644919872283936,0.2903225806451613,1.0,0.45,3,success,
114,1,3,4,,distance,levenshtein,7.373417854309082,0.2903225806451613,1.0,0.45,4,success,
89149,1,2,4,,distance,levenshtein,193.94554901123047,0.225,1.0,0.3673469387755102,4,success,
65447,1,5,10,,distance,levenshtein,16.62734603881836,0.2571428571428571,1.0,0.4090909090909091,10,success,
65447,1,6,2,,distance,levenshtein,0.14317893981933594,0.0,0.0,0.0,2,success,
65447,1,6,3,,distance,levenshtein,0.9368979930877686,0.2647058823529412,1.0,0.4186046511627907,3,success,
65447,1,6,4,,distance,levenshtein,1.9375181198120117,0.2571428571428571,1.0,0.4090909090909091,4,success,
65447,1,6,5,,distance,levenshtein,5.413522005081177,0.23529411764705882,0.8888888888888888,0.37209302325581395,5,success,
65447,1,6,6,,distance,levenshtein,2.164757013320923,0.2647058823529412,1.0,0.4186046511627907,6,success,
65447,1,6,7,,distance,levenshtein,0.7978901863098145,0.23529411764705882,0.8888888888888888,0.37209302325581395,7,success,
65447,1,6,8,,distance,levenshtein,1.8226771354675293,0.23529411764705882,0.8888888888888888,0.37209302325581395,8,success,
65447,1,6,9,,distance,levenshtein,1.1681849956512451,0.2571428571428571,1.0,0.4090909090909091,9,success,
114,1,3,5,,distance,levenshtein,22.47540307044983,0.2903225806451613,1.0,0.45,5,success,
114,1,3,6,,distance,levenshtein,1.4284110069274902,0.2903225806451613,1.0,0.45,6,success,
65447,1,6,10,,distance,levenshtein,1.769731044769287,0.2647058823529412,1.0,0.4186046511627907,10,success,
65447,2,0,2,,distance,levenshtein,0.7428538799285889,0.28125,1.0,0.43902439024390244,2,success,
114,1,3,7,,distance,levenshtein,2.616392135620117,0.2903225806451613,1.0,0.45,7,success,
114,1,3,8,,distance,levenshtein,2.4687840938568115,0.2903225806451613,1.0,0.45,8,success,
89149,1,2,5,,distance,levenshtein,32.01173782348633,0.225,1.0,0.3673469387755102,5,success,
114,1,3,9,,distance,levenshtein,4.9271440505981445,0.2903225806451613,1.0,0.45,9,success,
114,1,3,10,,distance,levenshtein,8.81848406791687,0.2903225806451613,1.0,0.45,10,success,
114,1,4,2,,distance,levenshtein,0.29650187492370605,0.0,0.0,0.0,2,success,
114,1,4,3,,distance,levenshtein,9.318660974502563,0.2903225806451613,1.0,0.45,3,success,
75385,2,0,3,,distance,levenshtein,178.77195501327515,0.391304347826087,1.0,0.5625,3,success,
89149,1,2,6,,distance,levenshtein,29.140800952911377,0.225,1.0,0.3673469387755102,6,success,
114,1,4,4,,distance,levenshtein,18.780224084854126,0.2903225806451613,1.0,0.45,4,success,
89149,1,2,7,,distance,levenshtein,16.239885091781616,0.225,1.0,0.3673469387755102,7,success,
97635,2,0,3,,distance,levenshtein,280.349093914032,0.25,1.0,0.4,3,success,
89149,1,2,8,,distance,levenshtein,46.08637619018555,0.225,1.0,0.3673469387755102,8,success,
51134,2,0,3,,distance,levenshtein,335.5183129310608,0.2571428571428571,1.0,0.4090909090909091,3,success,
114,1,4,5,,distance,levenshtein,80.54300093650818,0.2903225806451613,1.0,0.45,5,success,
89149,1,2,9,,distance,levenshtein,26.67904496192932,0.225,1.0,0.3673469387755102,9,success,
114,1,4,6,,distance,levenshtein,7.155364990234375,0.2903225806451613,1.0,0.45,6,success,
114,1,4,7,,distance,levenshtein,5.849050998687744,0.2903225806451613,1.0,0.45,7,success,
114,1,4,8,,distance,levenshtein,12.991460084915161,0.2903225806451613,1.0,0.45,8,success,
114,1,4,9,,distance,levenshtein,19.456552028656006,0.2903225806451613,1.0,0.45,9,success,
89149,1,2,10,,distance,levenshtein,47.092714071273804,0.225,1.0,0.3673469387755102,10,success,
89149,1,3,2,,distance,levenshtein,0.17719197273254395,0.0,0.0,0.0,2,success,
89149,1,3,3,,distance,levenshtein,1.5500249862670898,0.225,1.0,0.3673469387755102,3,success,
89149,1,3,4,,distance,levenshtein,4.0776801109313965,0.225,1.0,0.3673469387755102,4,success,
114,1,4,10,,distance,levenshtein,13.857646942138672,0.2903225806451613,1.0,0.45,10,success,
114,1,5,2,,distance,levenshtein,0.49732398986816406,0.0,0.0,0.0,2,success,
114,1,5,3,,distance,levenshtein,4.250864028930664,0.2903225806451613,1.0,0.45,3,success,
89149,1,3,5,,distance,levenshtein,13.906588077545166,0.225,1.0,0.3673469387755102,5,success,
114,1,5,4,,distance,levenshtein,14.885818004608154,0.2903225806451613,1.0,0.45,4,success,
89149,1,3,6,,distance,levenshtein,29.40232515335083,0.225,1.0,0.3673469387755102,6,success,
89149,1,3,7,,distance,levenshtein,3.077813148498535,0.225,1.0,0.3673469387755102,7,success,
89149,1,3,8,,distance,levenshtein,3.67789888381958,0.225,1.0,0.3673469387755102,8,success,
89149,1,3,9,,distance,levenshtein,4.348941087722778,0.225,1.0,0.3673469387755102,9,success,
89149,1,3,10,,distance,levenshtein,6.494562864303589,0.225,1.0,0.3673469387755102,10,success,
89149,1,4,2,,distance,levenshtein,0.2243039608001709,0.0,0.0,0.0,2,success,
89149,1,4,3,,distance,levenshtein,0.49141407012939453,0.225,1.0,0.3673469387755102,3,success,
114,1,5,5,,distance,levenshtein,42.80477285385132,0.2903225806451613,1.0,0.45,5,success,
114,1,5,6,,distance,levenshtein,6.249600172042847,0.2903225806451613,1.0,0.45,6,success,
114,1,5,7,,distance,levenshtein,4.509007930755615,0.2903225806451613,1.0,0.45,7,success,
89149,1,4,4,,distance,levenshtein,25.04161310195923,0.225,1.0,0.3673469387755102,4,success,
114,1,5,8,,distance,levenshtein,7.015773057937622,0.2903225806451613,1.0,0.45,8,success,
114,1,5,9,,distance,levenshtein,8.50053596496582,0.2903225806451613,1.0,0.45,9,success,
114,1,5,10,,distance,levenshtein,15.528836965560913,0.2903225806451613,1.0,0.45,10,success,
114,1,6,2,,distance,levenshtein,0.1631789207458496,0.0,0.0,0.0,2,success,
114,1,6,3,,distance,levenshtein,0.7766849994659424,0.2903225806451613,1.0,0.45,3,success,
89149,1,4,5,,distance,levenshtein,26.15832281112671,0.225,1.0,0.3673469387755102,5,success,
89149,1,4,6,,distance,levenshtein,2.3841049671173096,0.225,1.0,0.3673469387755102,6,success,
114,1,6,4,,distance,levenshtein,5.311048984527588,0.2903225806451613,1.0,0.45,4,success,
89149,1,4,7,,distance,levenshtein,4.343261957168579,0.225,1.0,0.3673469387755102,7,success,
114,1,6,5,,distance,levenshtein,3.9336280822753906,0.2903225806451613,1.0,0.45,5,success,
89149,1,4,8,,distance,levenshtein,2.484788179397583,0.225,1.0,0.3673469387755102,8,success,
89149,1,4,9,,distance,levenshtein,6.461615800857544,0.225,1.0,0.3673469387755102,9,success,
89149,1,4,10,,distance,levenshtein,7.70287299156189,0.225,1.0,0.3673469387755102,10,success,
114,1,6,6,,distance,levenshtein,15.98856496810913,0.2903225806451613,1.0,0.45,6,success,
89149,1,5,2,,distance,levenshtein,0.3144221305847168,0.0,0.0,0.0,2,success,
114,1,6,7,,distance,levenshtein,0.7797510623931885,0.2903225806451613,1.0,0.45,7,success,
89149,1,5,3,,distance,levenshtein,1.4056079387664795,0.225,1.0,0.3673469387755102,3,success,
114,1,6,8,,distance,levenshtein,2.6044390201568604,0.2903225806451613,1.0,0.45,8,success,
114,1,6,9,,distance,levenshtein,2.771699905395508,0.2903225806451613,1.0,0.45,9,success,
114,1,6,10,,distance,levenshtein,1.952666997909546,0.2903225806451613,1.0,0.45,10,success,
114,2,0,2,,distance,levenshtein,0.5319039821624756,0.3,1.0,0.46153846153846156,2,success,
89149,1,5,4,,distance,levenshtein,11.612895011901855,0.225,1.0,0.3673469387755102,4,success,
89149,1,5,5,,distance,levenshtein,3.515194892883301,0.225,1.0,0.3673469387755102,5,success,
89149,1,5,6,,distance,levenshtein,6.005806922912598,0.225,1.0,0.3673469387755102,6,success,
89149,1,5,7,,distance,levenshtein,4.771342992782593,0.225,1.0,0.3673469387755102,7,success,
89149,1,5,8,,distance,levenshtein,2.1552610397338867,0.225,1.0,0.3673469387755102,8,success,
89149,1,5,9,,distance,levenshtein,10.075143098831177,0.225,1.0,0.3673469387755102,9,success,
89149,1,5,10,,distance,levenshtein,12.645677089691162,0.225,1.0,0.3673469387755102,10,success,
89149,1,6,2,,distance,levenshtein,0.15340399742126465,0.0,0.0,0.0,2,success,
89149,1,6,3,,distance,levenshtein,0.43892502784729004,0.225,1.0,0.3673469387755102,3,success,
89149,1,6,4,,distance,levenshtein,1.194633960723877,0.225,1.0,0.3673469387755102,4,success,
89149,1,6,5,,distance,levenshtein,8.073347091674805,0.225,1.0,0.3673469387755102,5,success,
89149,1,6,6,,distance,levenshtein,4.770762920379639,0.225,1.0,0.3673469387755102,6,success,
89149,1,6,7,,distance,levenshtein,11.790156841278076,0.225,1.0,0.3673469387755102,7,success,
89149,1,6,8,,distance,levenshtein,1.750349998474121,0.225,1.0,0.3673469387755102,8,success,
89149,1,6,9,,distance,levenshtein,1.3925189971923828,0.225,1.0,0.3673469387755102,9,success,
89149,1,6,10,,distance,levenshtein,0.6915140151977539,0.225,1.0,0.3673469387755102,10,success,
89149,2,0,2,,distance,levenshtein,0.7631938457489014,0.32142857142857145,1.0,0.4864864864864865,2,success,
11298,2,0,3,,distance,levenshtein,582.933974981308,0.2571428571428571,1.0,0.4090909090909091,3,success,
75385,2,0,4,,distance,levenshtein,582.5851199626923,0.391304347826087,1.0,0.5625,4,success,
97635,2,0,4,,distance,levenshtein,530.3571438789368,0.24324324324324326,1.0,0.391304347826087,4,success,
